Workbook
Name A: #N/A
Name A: #REF!
Name A: #N/A
Name A: [0]!A
Name A: #REF!
Name A: #REF!
Name A00: [1]督導二課!$D$80
Name AA: #REF!
Name AA: #REF!
Name AA: #REF!
Name AA: #REF!
Name AA: #REF!
Name AA: #REF!
Name BEGIN: #N/A
Name BEGIN: #REF!
Name BEGIN: #N/A
Name BEGIN: [0]!BEGIN
Name BEGIN: #REF!
Name BEGIN: #REF!
Name BONUS: #N/A
Name BONUS: #REF!
Name BONUS: #N/A
Name BONUS: [0]!BONUS
Name BONUS: #REF!
Name BONUS: #REF!
Name CALK3: #N/A
Name CALK3: #REF!
Name CALK3: #N/A
Name CALK3: [0]!CALK3
Name CALK3: #REF!
Name CALK3: #REF!
Name CALP3: #N/A
Name CALP3: #REF!
Name CALP3: #N/A
Name CALP3: [0]!CALP3
Name CALP3: #REF!
Name CALP3: #REF!
Name DRALINE: #N/A
Name DRALINE: #REF!
Name DRALINE: #N/A
Name DRALINE: [0]!DRALINE
Name DRALINE: #REF!
Name DRALINE: #REF!
Name DRAWLINE: #N/A
Name DRAWLINE: #REF!
Name DRAWLINE: #N/A
Name DRAWLINE: [0]!DRAWLINE
Name DRAWLINE: #REF!
Name DRAWLINE: #REF!
Name FUCK: #REF!
Name FUCK: #REF!
Name FUCK: #REF!
Name FUCK: #REF!
Name FUCK: #REF!
Name FUCK: #REF!
Name FUCK1: #REF!
Name FUCK1: #REF!
Name FUCK1: #REF!
Name FUCK1: #REF!
Name FUCK1: #REF!

Sheet 勤務統計
A1: =首頁!B5 -> 46023 | B1: =首頁!E5 -> 46113 | C1: =首頁!A14 -> PMQ1 | D1: =首頁!B14 -> -- | E1: =IF(首頁!C14=0,"",首頁!C14) -> +L90 | F1: =IF(首頁!D14=0,"",首頁!D14) -> +721 | G1: 小坪頂 | H1: {=IFERROR(HYPERLINK("#" & ADDRESS(MIN(IF(ISNUMBER(SEARCH(G1, 門市總表!A5:W274)), ROW(門市總表!A5:W274), 10000000000)), MIN(IF(ISNUMBER(SEARCH(G1, 門市總表!A5:W274)), COLUMN(門市總表!A5:W274), 10000000000))), "搜索"), "未找到")} -> 未找到
A2: =IFERROR(HYPERLINK("#'門市主檔'!A"&MATCH(門市總表!A5,門市總表!A3:A279,0)+20, "新北一部"), "查無店編") -> 新北一部 | B2: =IFERROR(HYPERLINK("#'門市主檔'!A"&MATCH(門市總表!A212,勤務統計!A:A,0), "統計"), "查無店編") -> 查無店編 | C2: 石門區 | D2: 三芝區 | E2: 淡水區 | F2: 金山區 | G2: 八里區 | H2: 蘆洲區 | I2: 三重區 | J2: 蘆竹區 | K2: 龜山區 | L2: 五股區 | M2: 新莊區 | N2: 泰山區 | O2: 林口區 | P2: 板橋區 | Q2: 中和區 | R2: 永和區 | S2: (定保) | T2: - | U2: (定保) | V2: -
A3: 門市數量(307) | B3: =SUM(C3:R3) -> 306 | C3: =COUNTIF(門市總表!$D:$D,C2)-C23 -> 1 | D3: =COUNTIF(門市總表!$D:$D,D2)-D23 -> 3 | E3: =COUNTIF(門市總表!$D:$D,E2)-E23 -> 16 | F3: =COUNTIF(門市總表!$D:$D,F2)-F23 -> 2 | G3: =COUNTIF(門市總表!$D:$D,G2)-G23 -> 8 | H3: =COUNTIF(門市總表!$D:$D,H2)-H23 -> 18 | I3: =COUNTIF(門市總表!$D:$D,I2)-I23 -> 73 | J3: =COUNTIF(門市總表!$D:$D,J2)-J23 -> 25 | ... R3: =COUNTIF(門市總表!$D:$D,R2)-R23 -> 6
A4: =首頁!A14&" 進度" -> PMQ1 進度 | B4: =B5/B3 -> 0.29738562 | C4: =C5/(C3-C23) -> 0 | D4: =D5/(D3-D23) -> 1 | E4: =E5/(E3-E23) -> 0.25 | F4: =F5/(F3-F23) -> 0 | G4: =G5/(G3-G23) -> 1 | H4: =H5/(H3-H23) -> 0.11111111 | I4: =I5/(I3-I23) -> 0.23611111 | J4: =J5/(J3-J23) -> 0.4 | ... R4: =R5/(R3-R23) -> 0.66666667
A5: 完工數量 | B5: =SUM(C5:R5) -> 91 | C5: =COUNTIFS(門市總表!$D:$D,C2,門市總表!$I:$I,$C$1) -> 0 | D5: =COUNTIFS(門市總表!$D:$D,D2,門市總表!$I:$I,$C$1) -> 3 | E5: =COUNTIFS(門市總表!$D:$D,E2,門市總表!$I:$I,$C$1) -> 4 | F5: =COUNTIFS(門市總表!$D:$D,F2,門市總表!$I:$I,$C$1) -> 0 | G5: =COUNTIFS(門市總表!$D:$D,G2,門市總表!$I:$I,$C$1) -> 8 | H5: =COUNTIFS(門市總表!$D:$D,H2,門市總表!$I:$I,$C$1) -> 2 | I5: =COUNTIFS(門市總表!$D:$D,I2,門市總表!$I:$I,$C$1) -> 17 | J5: =COUNTIFS(門市總表!$D:$D,J2,門市總表!$I:$I,$C$1) -> 10 | ... R5: =COUNTIFS(門市總表!$D:$D,R2,門市總表!$I:$I,$C$1) -> 4
A6: 剩餘門市 | B6: =SUM(C6:R6) -> 215 | C6: =IF(C3-C5<0,0,C3-C5) -> 1 | D6: =IF(D3-D5<0,0,D3-D5) -> 0 | E6: =IF(E3-E5<0,0,E3-E5) -> 12 | F6: =IF(F3-F5<0,0,F3-F5) -> 2 | G6: =IF(G3-G5<0,0,G3-G5) -> 0 | H6: =IF(H3-H5<0,0,H3-H5) -> 16 | I6: =IF(I3-I5<0,0,I3-I5) -> 56 | J6: =IF(J3-J5<0,0,J3-J5) -> 15 | ... R6: =IF(R3-R5<0,0,R3-R5) -> 2 | S6: =IF(#REF!-#REF!<0,0) -> #REF!
A7: 維修件數 | B7: =SUM(C7:R7) -> 75 | C7: =COUNTIFS(IM!$H:$H,"*"&C2&"*",IM!$B:$B,"維修",IM!$AM:$AM,">="&$A$1,IM!$AM:$AM,"<="&$B$1) -> 0 | D7: =COUNTIFS(IM!$H:$H,"*"&D2&"*",IM!$B:$B,"維修",IM!$AM:$AM,">="&$A$1,IM!$AM:$AM,"<="&$B$1) -> 0 | E7: =COUNTIFS(IM!$H:$H,"*"&E2&"*",IM!$B:$B,"維修",IM!$AM:$AM,">="&$A$1,IM!$AM:$AM,"<="&$B$1) -> 4 | F7: =COUNTIFS(IM!$H:$H,"*"&F2&"*",IM!$B:$B,"維修",IM!$AM:$AM,">="&$A$1,IM!$AM:$AM,"<="&$B$1) -> 0 | G7: =COUNTIFS(IM!$H:$H,"*"&G2&"*",IM!$B:$B,"維修",IM!$AM:$AM,">="&$A$1,IM!$AM:$AM,"<="&$B$1) -> 5 | H7: =COUNTIFS(IM!$H:$H,"*"&H2&"*",IM!$B:$B,"維修",IM!$AM:$AM,">="&$A$1,IM!$AM:$AM,"<="&$B$1) -> 2 | I7: =COUNTIFS(IM!$H:$H,"*"&I2&"*",IM!$B:$B,"維修",IM!$AM:$AM,">="&$A$1,IM!$AM:$AM,"<="&$B$1) -> 36 | J7: =COUNTIFS(IM!$H:$H,"*"&J2&"*",IM!$B:$B,"維修",IM!$AM:$AM,">="&$A$1,IM!$AM:$AM,"<="&$B$1) -> 3 | ... R7: =COUNTIFS(IM!$H:$H,"*"&R2&"*",IM!$B:$B,"維修",IM!$AM:$AM,">="&$A$1,IM!$AM:$AM,"<="&$B$1) -> 1
A8: 當區報修率 | B8: =SUM(C8:R8)/B3 -> 0.0089404602 | C8: =IF(C3=0,0,C7/C3) -> 0 | D8: =IF(D3=0,0,D7/D3) -> 0 | E8: =IF(E3=0,0,E7/E3) -> 0.25 | F8: =IF(F3=0,0,F7/F3) -> 0 | G8: =IF(G3=0,0,G7/G3) -> 0.625 | H8: =IF(H3=0,0,H7/H3) -> 0.11111111 | I8: =IF(I3=0,0,I7/I3) -> 0.49315068 | J8: =IF(J3=0,0,J7/J3) -> 0.12 | ... R8: =IF(R3=0,0,R7/R3) -> 0.16666667
A9: 全區報修率 | B9: =SUM(C9:R9) -> 0.24509804 | C9: =C7/$B$3 -> 0 | D9: =D7/$B$3 -> 0 | E9: =E7/$B$3 -> 0.013071895 | F9: =F7/$B$3 -> 0 | G9: =G7/$B$3 -> 0.016339869 | H9: =H7/$B$3 -> 0.0065359477 | I9: =I7/$B$3 -> 0.11764706 | J9: =J7/$B$3 -> 0.0098039216 | ... R9: =R7/$B$3 -> 0.0032679739
A10: =D1 -> -- | B10: =SUM(C10:R10) -> 0 | C10: =COUNTIFS('0919門市清單主檔'!$V:$V,C2,'0919門市清單主檔'!$AF:$AF,$D$1) -> 0 | D10: =COUNTIFS('0919門市清單主檔'!$V:$V,D2,'0919門市清單主檔'!$AF:$AF,$D$1) -> 0 | E10: =COUNTIFS('0919門市清單主檔'!$V:$V,E2,'0919門市清單主檔'!$AF:$AF,$D$1) -> 0 | F10: =COUNTIFS('0919門市清單主檔'!$V:$V,F2,'0919門市清單主檔'!$AF:$AF,$D$1) -> 0 | G10: =COUNTIFS('0919門市清單主檔'!$V:$V,G2,'0919門市清單主檔'!$AF:$AF,$D$1) -> 0 | H10: =COUNTIFS('0919門市清單主檔'!$V:$V,H2,'0919門市清單主檔'!$AF:$AF,$D$1) -> 0 | I10: =COUNTIFS('0919門市清單主檔'!$V:$V,I2,'0919門市清單主檔'!$AF:$AF,$D$1) -> 0 | J10: =COUNTIFS('0919門市清單主檔'!$V:$V,J2,'0919門市清單主檔'!$AF:$AF,$D$1) -> 0 | ... R10: =COUNTIFS('0919門市清單主檔'!$V:$V,R2,'0919門市清單主檔'!$AF:$AF,$D$1) -> 0
A11: 完工進度 | B11: =IF(A10<>"-",B12/B10,"") -> #DIV/0! | C11: =C12/C10 -> #DIV/0! | D11: =D12/D10 -> #DIV/0! | E11: =E12/E10 -> #DIV/0! | F11: =F12/F10 -> #DIV/0! | G11: =G12/G10 -> #DIV/0! | H11: =H12/H10 -> #DIV/0! | I11: =I12/I10 -> #DIV/0! | J11: =J12/J10 -> #DIV/0! | ... R11: =R12/R10 -> #DIV/0!
A12: 完工數量 | B12: =IF(A10<>"-",SUM(C12:R12),"") -> 0 | C12: =COUNTIFS(門市總表!$D:$D,C2,門市總表!$Q:$Q,$D$1) -> 0 | D12: =COUNTIFS(門市總表!$D:$D,D2,門市總表!$Q:$Q,$D$1) -> 0 | E12: =COUNTIFS(門市總表!$D:$D,E2,門市總表!$Q:$Q,$D$1) -> 0 | F12: =COUNTIFS(門市總表!$D:$D,F2,門市總表!$Q:$Q,$D$1) -> 0 | G12: =COUNTIFS(門市總表!$D:$D,G2,門市總表!$Q:$Q,$D$1) -> 0 | H12: =COUNTIFS(門市總表!$D:$D,H2,門市總表!$Q:$Q,$D$1) -> 0 | I12: =COUNTIFS(門市總表!$D:$D,I2,門市總表!$Q:$Q,$D$1) -> 0 | J12: =COUNTIFS(門市總表!$D:$D,J2,門市總表!$Q:$Q,$D$1) -> 0 | ... R12: =COUNTIFS(門市總表!$D:$D,R2,門市總表!$Q:$Q,$D$1) -> 0
A13: 剩餘門市 | B13: =IF(A10<>"-",SUM(C13:R13),"") -> 0 | C13: =C10-C12 -> 0 | D13: =D10-D12 -> 0 | E13: =E10-E12 -> 0 | F13: =F10-F12 -> 0 | G13: =G10-G12 -> 0 | H13: =H10-H12 -> 0 | I13: =I10-I12 -> 0 | J13: =J10-J12 -> 0 | ... R13: =R10-R12 -> 0
A14: =E1 -> +L90 | B14: =IF(SUM(C14:R14)=0,"",(SUM(C14:R14))) -> 300 | C14: =COUNTIFS('0919門市清單主檔'!$V:$V,C2,'0919門市清單主檔'!$AG:$AG,$E$1) -> 1 | D14: =COUNTIFS('0919門市清單主檔'!$V:$V,D2,'0919門市清單主檔'!$AG:$AG,$E$1) -> 3 | E14: =COUNTIFS('0919門市清單主檔'!$V:$V,E2,'0919門市清單主檔'!$AG:$AG,$E$1) -> 16 | F14: =COUNTIFS('0919門市清單主檔'!$V:$V,F2,'0919門市清單主檔'!$AG:$AG,$E$1) -> 2 | G14: =COUNTIFS('0919門市清單主檔'!$V:$V,G2,'0919門市清單主檔'!$AG:$AG,$E$1) -> 8 | H14: =COUNTIFS('0919門市清單主檔'!$V:$V,H2,'0919門市清單主檔'!$AG:$AG,$E$1) -> 17 | I14: =COUNTIFS('0919門市清單主檔'!$V:$V,I2,'0919門市清單主檔'!$AG:$AG,$E$1) -> 72 | J14: =COUNTIFS('0919門市清單主檔'!$V:$V,J2,'0919門市清單主檔'!$AG:$AG,$E$1) -> 25 | ... R14: =COUNTIFS('0919門市清單主檔'!$V:$V,R2,'0919門市清單主檔'!$AG:$AG,$E$1) -> 6
A15: 完工進度 | B15: =IF(A14<>"--",B16/B14,"") -> 0.67666667 | C15: =C16/C14 -> 1 | D15: =D16/D14 -> 1 | E15: =E16/E14 -> 1 | F15: =F16/F14 -> 1 | G15: =G16/G14 -> 1 | H15: =H16/H14 -> 0.94117647 | I15: =I16/I14 -> 0.93055556 | J15: =J16/J14 -> 0.32 | ... R15: =R16/R14 -> 0
A16: 完工數量 | B16: =IF(A14<>"--",SUM(C16:R16),"") -> 203 | C16: =COUNTIFS(門市總表!$D:$D,C2,門市總表!$S:$S,$E$1) -> 1 | D16: =COUNTIFS(門市總表!$D:$D,D2,門市總表!$S:$S,$E$1) -> 3 | E16: =COUNTIFS(門市總表!$D:$D,E2,門市總表!$S:$S,$E$1) -> 16 | F16: =COUNTIFS(門市總表!$D:$D,F2,門市總表!$S:$S,$E$1) -> 2 | G16: =COUNTIFS(門市總表!$D:$D,G2,門市總表!$S:$S,$E$1) -> 8 | H16: =COUNTIFS(門市總表!$D:$D,H2,門市總表!$S:$S,$E$1) -> 16 | I16: =COUNTIFS(門市總表!$D:$D,I2,門市總表!$S:$S,$E$1) -> 67 | J16: =COUNTIFS(門市總表!$D:$D,J2,門市總表!$S:$S,$E$1) -> 8 | ... R16: =COUNTIFS(門市總表!$D:$D,R2,門市總表!$S:$S,$E$1) -> 0
A17: 剩餘門市 | B17: =IF(A14<>"--",SUM(C17:R17),"") -> 97 | C17: =C14-C16 -> 0 | D17: =D14-D16 -> 0 | E17: =E14-E16 -> 0 | F17: =F14-F16 -> 0 | G17: =G14-G16 -> 0 | H17: =H14-H16 -> 1 | I17: =I14-I16 -> 5 | J17: =J14-J16 -> 17 | ... R17: =R14-R16 -> 6
A18: =F1 -> +721 | B18: =IF(SUM(C18:R18)=0,"",SUM(C18:R18)) -> 261 | C18: =COUNTIFS('0919門市清單主檔'!$V:$V,C2,'0919門市清單主檔'!$AH:$AH,$F$1) -> 1 | D18: =COUNTIFS('0919門市清單主檔'!$V:$V,D2,'0919門市清單主檔'!$AH:$AH,$F$1) -> 3 | E18: =COUNTIFS('0919門市清單主檔'!$V:$V,E2,'0919門市清單主檔'!$AH:$AH,$F$1) -> 16 | F18: =COUNTIFS('0919門市清單主檔'!$V:$V,F2,'0919門市清單主檔'!$AH:$AH,$F$1) -> 2 | G18: =COUNTIFS('0919門市清單主檔'!$V:$V,G2,'0919門市清單主檔'!$AH:$AH,$F$1) -> 8 | H18: =COUNTIFS('0919門市清單主檔'!$V:$V,H2,'0919門市清單主檔'!$AH:$AH,$F$1) -> 16 | I18: =COUNTIFS('0919門市清單主檔'!$V:$V,I2,'0919門市清單主檔'!$AH:$AH,$F$1) -> 65 | J18: =COUNTIFS('0919門市清單主檔'!$V:$V,J2,'0919門市清單主檔'!$AH:$AH,$F$1) -> 20 | ... R18: =COUNTIFS('0919門市清單主檔'!$V:$V,R2,'0919門市清單主檔'!$AH:$AH,$F$1) -> 6
A19: 完工進度 | B19: =IF(A18<>"--",B20/B18,"") -> 0.31034483 | C19: =C20/C18 -> 0 | D19: =D20/D18 -> 1 | E19: =E20/E18 -> 0.25 | F19: =F20/F18 -> 0 | G19: =G20/G18 -> 1 | H19: =H20/H18 -> 0.125 | I19: =I20/I18 -> 0.24615385 | J19: =J20/J18 -> 0.4 | ... R19: =R20/R18 -> 0.66666667
A20: 完工數量 | B20: =IF(A18<>"--",SUM(C20:R20),"") -> 81 | C20: =COUNTIFS(門市總表!$D:$D,C2,門市總表!$U:$U,$F$1) -> 0 | D20: =COUNTIFS(門市總表!$D:$D,D2,門市總表!$U:$U,$F$1) -> 3 | E20: =COUNTIFS(門市總表!$D:$D,E2,門市總表!$U:$U,$F$1) -> 4 | F20: =COUNTIFS(門市總表!$D:$D,F2,門市總表!$U:$U,$F$1) -> 0 | G20: =COUNTIFS(門市總表!$D:$D,G2,門市總表!$U:$U,$F$1) -> 8 | H20: =COUNTIFS(門市總表!$D:$D,H2,門市總表!$U:$U,$F$1) -> 2 | I20: =COUNTIFS(門市總表!$D:$D,I2,門市總表!$U:$U,$F$1) -> 16 | J20: =COUNTIFS(門市總表!$D:$D,J2,門市總表!$U:$U,$F$1) -> 8 | ... R20: =COUNTIFS(門市總表!$D:$D,R2,門市總表!$U:$U,$F$1) -> 4
A21: 剩餘門市 | B21: =IF(A18<>"--",SUM(C21:R21),"") -> 180 | C21: =C18-C20 -> 1 | D21: =D18-D20 -> 0 | E21: =E18-E20 -> 12 | F21: =F18-F20 -> 2 | G21: =G18-G20 -> 0 | H21: =H18-H20 -> 14 | I21: =I18-I20 -> 49 | J21: =J18-J20 -> 12 | ... R21: =R18-R20 -> 2
A22: 撤店 | B22: =SUM(C22:R22) -> 4 | C22: =COUNTIFS(門市總表!$D:$D,C2,門市總表!$F:$F,"*撤店*") -> 0 | D22: =COUNTIFS(門市總表!$D:$D,D2,門市總表!$F:$F,"*撤店*") -> 1 | E22: =COUNTIFS(門市總表!$D:$D,E2,門市總表!$F:$F,"*撤店*") -> 1 | F22: =COUNTIFS(門市總表!$D:$D,F2,門市總表!$F:$F,"*撤店*") -> 0 | G22: =COUNTIFS(門市總表!$D:$D,G2,門市總表!$F:$F,"*撤店*") -> 0 | H22: =COUNTIFS(門市總表!$D:$D,H2,門市總表!$F:$F,"*撤店*") -> 0 | I22: =COUNTIFS(門市總表!$D:$D,I2,門市總表!$F:$F,"*撤店*") -> 0 | J22: =COUNTIFS(門市總表!$D:$D,J2,門市總表!$F:$F,"*撤店*") -> 0 | ... R22: =COUNTIFS(門市總表!$D:$D,R2,門市總表!$F:$F,"*撤店*") -> 0 | S22: =COUNTIFS(門市總表!$D$3:$D$277,#REF!,門市總表!$F$3:$F$277,"*撤店*") -> 0
A23: 新開 | B23: =SUM(C23:R23) -> 3 | C23: =COUNTIFS(門市總表!$D:$D,C2,門市總表!$F:$F,"新開") -> 0 | D23: =COUNTIFS(門市總表!$D:$D,D2,門市總表!$F:$F,"新開") -> 0 | E23: =COUNTIFS(門市總表!$D:$D,E2,門市總表!$F:$F,"新開") -> 0 | F23: =COUNTIFS(門市總表!$D:$D,F2,門市總表!$F:$F,"新開") -> 0 | G23: =COUNTIFS(門市總表!$D:$D,G2,門市總表!$F:$F,"新開") -> 0 | H23: =COUNTIFS(門市總表!$D:$D,H2,門市總表!$F:$F,"新開") -> 0 | I23: =COUNTIFS(門市總表!$D:$D,I2,門市總表!$F:$F,"新開") -> 1 | J23: =COUNTIFS(門市總表!$D:$D,J2,門市總表!$F:$F,"新開") -> 0 | ... R23: =COUNTIFS(門市總表!$D:$D,R2,門市總表!$F:$F,"新開") -> 0
A24: 萊到店 | B24: =SUM(C24:R24) -> 8 | C24: =COUNTIFS(門市總表!$G:$G,"*萊到店*",門市總表!$D:$D,C2) -> 0 | D24: =COUNTIFS(門市總表!$G:$G,"*萊到店*",門市總表!$D:$D,D2) -> 0 | E24: =COUNTIFS(門市總表!$G:$G,"*萊到店*",門市總表!$D:$D,E2) -> 0 | F24: =COUNTIFS(門市總表!$G:$G,"*萊到店*",門市總表!$D:$D,F2) -> 0 | G24: =COUNTIFS(門市總表!$G:$G,"*萊到店*",門市總表!$D:$D,G2) -> 0 | H24: =COUNTIFS(門市總表!$G:$G,"*萊到店*",門市總表!$D:$D,H2) -> 1 | I24: =COUNTIFS(門市總表!$G:$G,"*萊到店*",門市總表!$D:$D,I2) -> 0 | J24: =COUNTIFS(門市總表!$G:$G,"*萊到店*",門市總表!$D:$D,J2) -> 0 | ... R24: =COUNTIFS(門市總表!$G:$G,"*萊到店*",門市總表!$D:$D,R2) -> 0

Sheet 門市總表
A1: 漢江 | B1: {=IFERROR(HYPERLINK("#" & ADDRESS(MIN(IF(ISNUMBER(SEARCH(A1, 門市總表!A3:W274)), ROW(門市總表!A3:W274), 10000000000)), MIN(IF(ISNUMBER(SEARCH(A1, 門市總表!A3:W274)), COLUMN(門市總表!A3:W274), 10000000000))), "搜索"), "未找到")} -> 搜索
A2: 門市編號 | B2: 門市名稱 | C2: 縣市別 | D2: 鄉鎮市區 | E2: 工程師 | F2: 門市狀態 | G2: 門市屬性 | H2: 保養單 | I2: PMQ_ 檢核 | J2: 完工檢核2 | K2: iM筆數 | L2: iMainte | M2: 專案檢核 | N2: HUB | O2: 完工檢核 | P2: 完工確認 | Q2: 專案1檢核 | R2: 完成日期 | S2: 專案2檢核 | T2: 完成日期 | U2: 專案3檢核 | V2: 完成日期 | W2: HUB
A3: 2109 | B3: =VLOOKUP(A3,'0919門市清單主檔'!B:C,2,FALSE) -> 新莊瓊林南 | C3: =VLOOKUP($A3,'0919門市清單主檔'!B:V,20,FALSE) -> 新北市 | D3: =VLOOKUP($A3,'0919門市清單主檔'!B:V,21,FALSE) -> 新莊區 | E3: =VLOOKUP(D3,門市狀態!G:H,2,FALSE) -> 湯家瑋 | F3: =IFERROR(IF(VLOOKUP(A3,門市狀態!A:D,4,FALSE)=0,"",VLOOKUP(A3,門市狀態!A:D,4,FALSE)),"") | H3: =IF(I3>0,(TEXT(I3,"yyyymmdd")&勤務統計!$V$2&A3&勤務統計!$V$2&B3&勤務統計!$S$2),"") -> PMQ1-2109-新莊瓊林南(定保) | I3: {=IF(AND(SUMPRODUCT((IM!$F$2:$F$5000=A3)*(ISNUMBER(SEARCH(勤務統計!$C$1, IM!$AC$2:$AC$5000))))>0), 勤務統計!$C$1, "")} -> PMQ1 | J3: {=IFERROR(INDEX(IM!$AM$2:$AM$5000, MATCH(1, (IM!$F$2:$F$5000=A3) * (ISNUMBER(SEARCH(勤務統計!$C$1, IM!$AC$2:$AC$5000))), 0)), "")} -> 46024 | K3: {=SUMPRODUCT((IM!$F$2:$F$5000=A3)*(IM!$AD$2:$AD$5000="O")*(ISNUMBER(SEARCH(勤務統計!$C$1, IM!$AC$2:$AC$5000))))} -> 1 | L3: {=IF(K3>0,IFERROR(HYPERLINK("#'IM'!AC"&MATCH(1,(IM!$F$1:$F$5000=A3)*(ISNUMBER(SEARCH(勤務統計!$C$1,IM!$AC$1:$AC$5000))),0),"檢核"),"未登錄"),"")} -> 檢核 | M3: =Q3&S3&U3 -> +L90 | N3: {=IF(AND( SUMPRODUCT( (IM!$F$2:$F$522=A3) * ISNUMBER(SEARCH("*HUB*", IM!$AC$2:$AC$522)) * (IM!$X$2:$X$522>=勤務統計!$A$1) * (IM!$X$2:$X$522<=勤務統計!$B$1)*(W3="HUB") ) > 0 ), "HUB", "")} | O3: =IF( IFERROR(VLOOKUP(A3,勤務統計!A:I,9,FALSE),"")<>勤務統計!$C$1, "未完工", IF( AND(勤務統計!$D$1="--",勤務統計!$E$1="--",勤務統計!$F$1="--"), "已完工", IF( OR( AND(勤務統計!$D$1<>"--", IFERROR(VLOOKUP(A3,'0919門市清單主檔'!B:AH,31,FALSE),"")=勤務統計!$D$1, IFERROR(VLOOKUP(A3,勤務統計!A:Q,17,FALSE),"")<>勤務統計!$D$1), AND(勤務統計!$E$1<>"--", IFERROR(VLOOKUP(A3,'0919門市清單主檔'!B:AH,32,FALSE),"")=勤務統計!$E$1, IFERROR(VLOOKUP(A3,勤務統計!A:S,19,FALSE),"")<>勤務統計!$E$1), AND(勤務統計!$F$1<>"--", IFERROR(VLOOKUP(A3,'0919門市清單主檔'!B:AH,33,FALSE),"")=勤務統計!$F$1, IFERROR(VLOOKUP(A3,勤務統計!A:U,21,FALSE),"")<>勤務統計!$F$1), AND(IFERROR(VLOOKUP(A3,'0919門市清單主檔'!B:AH,28,FALSE),"")="HUB", IFERROR(VLOOKUP(A3,勤務統計!A:W,23,FALSE),"")<>"HUB") ), _xlfn.TEXTJOIN( "，", TRUE, IF(AND(勤務統計!$D$1<>"--", IFERROR(VLOOKUP(A3,'0919門市清單主檔'!B:AH,31,FALSE),"")=勤務統計!$D$1, IFERROR(VLOOKUP(A3,勤務統計!A:Q,17,FALSE),"")<>勤務統計!$D$1), 勤務統計!$D$1, ""), IF(AND(勤務統計!$E$1<>"--", IFERROR(VLOOKUP(A3,'0919門市清單主檔'!B:AH,32,FALSE),"")=勤務統計!$E$1, IFERROR(VLOOKUP(A3,勤務統計!A:S,19,FALSE),"")<>勤務統計!$E$1), 勤務統計!$E$1, ""), IF(AND(勤務統計!$F$1<>"--", IFERROR(VLOOKUP(A3,'0919門市清單主檔'!B:AH,33,FALSE),"")=勤務統計!$F$1, IFERROR(VLOOKUP(A3,勤務統計!A:U,21,FALSE),"")<>勤務統計!$F$1), 勤務統計!$F$1, ""), IF(AND(IFERROR(VLOOKUP(A3,'0919門市清單主檔'!B:AH,28,FALSE),"")="HUB", IFERROR(VLOOKUP(A3,勤務統計!A:W,23,FALSE),"")<>"HUB"), "HUB", "") ) & "未完工", "已完工" ) ) ) -> 未完工 | P3: =(TEXT(I3,"yyyymmdd"))&勤務統計!$V$2&A3&勤務統計!$V$2&B3&勤務統計!$S$2 -> PMQ1-2109-新莊瓊林南(定保) | Q3: {=IF(AND(SUMPRODUCT((IM!$F$2:$F$5000=A3)*(ISNUMBER(SEARCH(勤務統計!$D$1, IM!$AC$2:$AC$5000))))>0), 勤務統計!$D$1, "")} | R3: {=IFERROR(INDEX(IM!$AM$2:$AM$5000, MATCH(1, (IM!$F$2:$F$5000=A3) * (ISNUMBER(SEARCH(勤務統計!$D$1, IM!$AC$2:$AC$5000))), 0)), "")} | S3: {=IF(AND(SUMPRODUCT((IM!$F$2:$F$5000=A3)*(ISNUMBER(SEARCH(勤務統計!$E$1, IM!$AC$2:$AC$5000))))>0), 勤務統計!$E$1, "")} -> +L90 | T3: {=IFERROR(INDEX(IM!$AM$2:$AM$5000, MATCH(1, (IM!$F$2:$F$5000=A3) * (ISNUMBER(SEARCH(勤務統計!$E$1, IM!$AC$2:$AC$5000))), 0)), "")} -> 46024 | U3: {=IF(AND(SUMPRODUCT((IM!$F$2:$F$5000=A3)*(ISNUMBER(SEARCH(勤務統計!$F$1, IM!$AC$2:$AC$5000))))>0), 勤務統計!$F$1, "")} | V3: {=IFERROR(INDEX(IM!$AM$2:$AM$5000, MATCH(1, (IM!$F$2:$F$5000=A3) * (ISNUMBER(SEARCH(勤務統計!$F$1, IM!$AC$2:$AC$5000))), 0)), "")} | W3: =IF(VLOOKUP(A3,'0919門市清單主檔'!B:AC,28,FALSE)=0,"",VLOOKUP(A3,'0919門市清單主檔'!B:AC,28,FALSE))
A4: 2399 | B4: =VLOOKUP(A4,'0919門市清單主檔'!B:C,2,FALSE) -> 三重三陽店 | C4: =VLOOKUP($A4,'0919門市清單主檔'!B:V,20,FALSE) -> 新北市 | D4: =VLOOKUP($A4,'0919門市清單主檔'!B:V,21,FALSE) -> 三重區 | E4: =VLOOKUP(D4,門市狀態!G:H,2,FALSE) -> 劉柏均 | F4: =IFERROR(IF(VLOOKUP(A4,門市狀態!A:D,4,FALSE)=0,"",VLOOKUP(A4,門市狀態!A:D,4,FALSE)),"") | H4: =IF(I4>0,(TEXT(I4,"yyyymmdd")&勤務統計!$V$2&A4&勤務統計!$V$2&B4&勤務統計!$S$2),"") -> PMQ1-2399-三重三陽店(定保) | I4: {=IF(AND(SUMPRODUCT((IM!$F$2:$F$5000=A4)*(ISNUMBER(SEARCH(勤務統計!$C$1, IM!$AC$2:$AC$5000))))>0), 勤務統計!$C$1, "")} -> PMQ1 | J4: {=IFERROR(INDEX(IM!$AM$2:$AM$5000, MATCH(1, (IM!$F$2:$F$5000=A4) * (ISNUMBER(SEARCH(勤務統計!$C$1, IM!$AC$2:$AC$5000))), 0)), "")} -> 46024 | K4: {=SUMPRODUCT((IM!$F$2:$F$5000=A4)*(IM!$AD$2:$AD$5000="O")*(ISNUMBER(SEARCH(勤務統計!$C$1, IM!$AC$2:$AC$5000))))} -> 1 | L4: {=IF(K4>0,IFERROR(HYPERLINK("#'IM'!AC"&MATCH(1,(IM!$F$1:$F$5000=A4)*(ISNUMBER(SEARCH(勤務統計!$C$1,IM!$AC$1:$AC$5000))),0),"檢核"),"未登錄"),"")} -> 檢核 | M4: =Q4&S4&U4 -> +L90+721 | N4: {=IF(AND( SUMPRODUCT( (IM!$F$2:$F$522=A4) * ISNUMBER(SEARCH("*HUB*", IM!$AC$2:$AC$522)) * (IM!$X$2:$X$522>=勤務統計!$A$1) * (IM!$X$2:$X$522<=勤務統計!$B$1)*(W4="HUB") ) > 0 ), "HUB", "")} | O4: =IF( IFERROR(VLOOKUP(A4,勤務統計!A:I,9,FALSE),"")<>勤務統計!$C$1, "未完工", IF( AND(勤務統計!$D$1="--",勤務統計!$E$1="--",勤務統計!$F$1="--"), "已完工", IF( OR( AND(勤務統計!$D$1<>"--", IFERROR(VLOOKUP(A4,'0919門市清單主檔'!B:AH,31,FALSE),"")=勤務統計!$D$1, IFERROR(VLOOKUP(A4,勤務統計!A:Q,17,FALSE),"")<>勤務統計!$D$1), AND(勤務統計!$E$1<>"--", IFERROR(VLOOKUP(A4,'0919門市清單主檔'!B:AH,32,FALSE),"")=勤務統計!$E$1, IFERROR(VLOOKUP(A4,勤務統計!A:S,19,FALSE),"")<>勤務統計!$E$1), AND(勤務統計!$F$1<>"--", IFERROR(VLOOKUP(A4,'0919門市清單主檔'!B:AH,33,FALSE),"")=勤務統計!$F$1, IFERROR(VLOOKUP(A4,勤務統計!A:U,21,FALSE),"")<>勤務統計!$F$1), AND(IFERROR(VLOOKUP(A4,'0919門市清單主檔'!B:AH,28,FALSE),"")="HUB", IFERROR(VLOOKUP(A4,勤務統計!A:W,23,FALSE),"")<>"HUB") ), _xlfn.TEXTJOIN( "，", TRUE, IF(AND(勤務統計!$D$1<>"--", IFERROR(VLOOKUP(A4,'0919門市清單主檔'!B:AH,31,FALSE),"")=勤務統計!$D$1, IFERROR(VLOOKUP(A4,勤務統計!A:Q,17,FALSE),"")<>勤務統計!$D$1), 勤務統計!$D$1, ""), IF(AND(勤務統計!$E$1<>"--", IFERROR(VLOOKUP(A4,'0919門市清單主檔'!B:AH,32,FALSE),"")=勤務統計!$E$1, IFERROR(VLOOKUP(A4,勤務統計!A:S,19,FALSE),"")<>勤務統計!$E$1), 勤務統計!$E$1, ""), IF(AND(勤務統計!$F$1<>"--", IFERROR(VLOOKUP(A4,'0919門市清單主檔'!B:AH,33,FALSE),"")=勤務統計!$F$1, IFERROR(VLOOKUP(A4,勤務統計!A:U,21,FALSE),"")<>勤務統計!$F$1), 勤務統計!$F$1, ""), IF(AND(IFERROR(VLOOKUP(A4,'0919門市清單主檔'!B:AH,28,FALSE),"")="HUB", IFERROR(VLOOKUP(A4,勤務統計!A:W,23,FALSE),"")<>"HUB"), "HUB", "") ) & "未完工", "已完工" ) ) ) -> 未完工 | P4: =(TEXT(I4,"yyyymmdd"))&勤務統計!$V$2&A4&勤務統計!$V$2&B4&勤務統計!$S$2 -> PMQ1-2399-三重三陽店(定保) | Q4: {=IF(AND(SUMPRODUCT((IM!$F$2:$F$5000=A4)*(ISNUMBER(SEARCH(勤務統計!$D$1, IM!$AC$2:$AC$5000))))>0), 勤務統計!$D$1, "")} | R4: {=IFERROR(INDEX(IM!$AM$2:$AM$5000, MATCH(1, (IM!$F$2:$F$5000=A4) * (ISNUMBER(SEARCH(勤務統計!$D$1, IM!$AC$2:$AC$5000))), 0)), "")} | S4: {=IF(AND(SUMPRODUCT((IM!$F$2:$F$5000=A4)*(ISNUMBER(SEARCH(勤務統計!$E$1, IM!$AC$2:$AC$5000))))>0), 勤務統計!$E$1, "")} -> +L90 | T4: {=IFERROR(INDEX(IM!$AM$2:$AM$5000, MATCH(1, (IM!$F$2:$F$5000=A4) * (ISNUMBER(SEARCH(勤務統計!$E$1, IM!$AC$2:$AC$5000))), 0)), "")} -> 46010 | U4: {=IF(AND(SUMPRODUCT((IM!$F$2:$F$5000=A4)*(ISNUMBER(SEARCH(勤務統計!$F$1, IM!$AC$2:$AC$5000))))>0), 勤務統計!$F$1, "")} -> +721 | V4: {=IFERROR(INDEX(IM!$AM$2:$AM$5000, MATCH(1, (IM!$F$2:$F$5000=A4) * (ISNUMBER(SEARCH(勤務統計!$F$1, IM!$AC$2:$AC$5000))), 0)), "")} -> 46024 | W4: =IF(VLOOKUP(A4,'0919門市清單主檔'!B:AC,28,FALSE)=0,"",VLOOKUP(A4,'0919門市清單主檔'!B:AC,28,FALSE))
A5: 3921 | B5: =VLOOKUP(A5,'0919門市清單主檔'!B:C,2,FALSE) -> 五股福鑫店 | C5: =VLOOKUP($A5,'0919門市清單主檔'!B:V,20,FALSE) -> 新北市 | D5: =VLOOKUP($A5,'0919門市清單主檔'!B:V,21,FALSE) -> 五股區 | E5: =VLOOKUP(D5,門市狀態!G:H,2,FALSE) -> 湯家瑋 | F5: =IFERROR(IF(VLOOKUP(A5,門市狀態!A:D,4,FALSE)=0,"",VLOOKUP(A5,門市狀態!A:D,4,FALSE)),"") | H5: =IF(I5>0,(TEXT(I5,"yyyymmdd")&勤務統計!$V$2&A5&勤務統計!$V$2&B5&勤務統計!$S$2),"") -> PMQ1-3921-五股福鑫店(定保) | I5: {=IF(AND(SUMPRODUCT((IM!$F$2:$F$5000=A5)*(ISNUMBER(SEARCH(勤務統計!$C$1, IM!$AC$2:$AC$5000))))>0), 勤務統計!$C$1, "")} -> PMQ1 | J5: {=IFERROR(INDEX(IM!$AM$2:$AM$5000, MATCH(1, (IM!$F$2:$F$5000=A5) * (ISNUMBER(SEARCH(勤務統計!$C$1, IM!$AC$2:$AC$5000))), 0)), "")} -> 46024 | K5: {=SUMPRODUCT((IM!$F$2:$F$5000=A5)*(IM!$AD$2:$AD$5000="O")*(ISNUMBER(SEARCH(勤務統計!$C$1, IM!$AC$2:$AC$5000))))} -> 1 | L5: {=IF(K5>0,IFERROR(HYPERLINK("#'IM'!AC"&MATCH(1,(IM!$F$1:$F$5000=A5)*(ISNUMBER(SEARCH(勤務統計!$C$1,IM!$AC$1:$AC$5000))),0),"檢核"),"未登錄"),"")} -> 檢核 | M5: =Q5&S5&U5 -> +L90+721 | N5: {=IF(AND( SUMPRODUCT( (IM!$F$2:$F$522=A5) * ISNUMBER(SEARCH("*HUB*", IM!$AC$2:$AC$522)) * (IM!$X$2:$X$522>=勤務統計!$A$1) * (IM!$X$2:$X$522<=勤務統計!$B$1)*(W5="HUB") ) > 0 ), "HUB", "")} | O5: =IF( IFERROR(VLOOKUP(A5,勤務統計!A:I,9,FALSE),"")<>勤務統計!$C$1, "未完工", IF( AND(勤務統計!$D$1="--",勤務統計!$E$1="--",勤務統計!$F$1="--"), "已完工", IF( OR( AND(勤務統計!$D$1<>"--", IFERROR(VLOOKUP(A5,'0919門市清單主檔'!B:AH,31,FALSE),"")=勤務統計!$D$1, IFERROR(VLOOKUP(A5,勤務統計!A:Q,17,FALSE),"")<>勤務統計!$D$1), AND(勤務統計!$E$1<>"--", IFERROR(VLOOKUP(A5,'0919門市清單主檔'!B:AH,32,FALSE),"")=勤務統計!$E$1, IFERROR(VLOOKUP(A5,勤務統計!A:S,19,FALSE),"")<>勤務統計!$E$1), AND(勤務統計!$F$1<>"--", IFERROR(VLOOKUP(A5,'0919門市清單主檔'!B:AH,33,FALSE),"")=勤務統計!$F$1, IFERROR(VLOOKUP(A5,勤務統計!A:U,21,FALSE),"")<>勤務統計!$F$1), AND(IFERROR(VLOOKUP(A5,'0919門市清單主檔'!B:AH,28,FALSE),"")="HUB", IFERROR(VLOOKUP(A5,勤務統計!A:W,23,FALSE),"")<>"HUB") ), _xlfn.TEXTJOIN( "，", TRUE, IF(AND(勤務統計!$D$1<>"--", IFERROR(VLOOKUP(A5,'0919門市清單主檔'!B:AH,31,FALSE),"")=勤務統計!$D$1, IFERROR(VLOOKUP(A5,勤務統計!A:Q,17,FALSE),"")<>勤務統計!$D$1), 勤務統計!$D$1, ""), IF(AND(勤務統計!$E$1<>"--", IFERROR(VLOOKUP(A5,'0919門市清單主檔'!B:AH,32,FALSE),"")=勤務統計!$E$1, IFERROR(VLOOKUP(A5,勤務統計!A:S,19,FALSE),"")<>勤務統計!$E$1), 勤務統計!$E$1, ""), IF(AND(勤務統計!$F$1<>"--", IFERROR(VLOOKUP(A5,'0919門市清單主檔'!B:AH,33,FALSE),"")=勤務統計!$F$1, IFERROR(VLOOKUP(A5,勤務統計!A:U,21,FALSE),"")<>勤務統計!$F$1), 勤務統計!$F$1, ""), IF(AND(IFERROR(VLOOKUP(A5,'0919門市清單主檔'!B:AH,28,FALSE),"")="HUB", IFERROR(VLOOKUP(A5,勤務統計!A:W,23,FALSE),"")<>"HUB"), "HUB", "") ) & "未完工", "已完工" ) ) ) -> 未完工 | P5: =(TEXT(I5,"yyyymmdd"))&勤務統計!$V$2&A5&勤務統計!$V$2&B5&勤務統計!$S$2 -> PMQ1-3921-五股福鑫店(定保) | Q5: {=IF(AND(SUMPRODUCT((IM!$F$2:$F$5000=A5)*(ISNUMBER(SEARCH(勤務統計!$D$1, IM!$AC$2:$AC$5000))))>0), 勤務統計!$D$1, "")} | R5: {=IFERROR(INDEX(IM!$AM$2:$AM$5000, MATCH(1, (IM!$F$2:$F$5000=A5) * (ISNUMBER(SEARCH(勤務統計!$D$1, IM!$AC$2:$AC$5000))), 0)), "")} | S5: {=IF(AND(SUMPRODUCT((IM!$F$2:$F$5000=A5)*(ISNUMBER(SEARCH(勤務統計!$E$1, IM!$AC$2:$AC$5000))))>0), 勤務統計!$E$1, "")} -> +L90 | T5: {=IFERROR(INDEX(IM!$AM$2:$AM$5000, MATCH(1, (IM!$F$2:$F$5000=A5) * (ISNUMBER(SEARCH(勤務統計!$E$1, IM!$AC$2:$AC$5000))), 0)), "")} -> 45964 | U5: {=IF(AND(SUMPRODUCT((IM!$F$2:$F$5000=A5)*(ISNUMBER(SEARCH(勤務統計!$F$1, IM!$AC$2:$AC$5000))))>0), 勤務統計!$F$1, "")} -> +721 | V5: {=IFERROR(INDEX(IM!$AM$2:$AM$5000, MATCH(1, (IM!$F$2:$F$5000=A5) * (ISNUMBER(SEARCH(勤務統計!$F$1, IM!$AC$2:$AC$5000))), 0)), "")} -> 46024 | W5: =IF(VLOOKUP(A5,'0919門市清單主檔'!B:AC,28,FALSE)=0,"",VLOOKUP(A5,'0919門市清單主檔'!B:AC,28,FALSE))
A6: 4316 | B6: =VLOOKUP(A6,'0919門市清單主檔'!B:C,2,FALSE) -> 五股工商店 | C6: =VLOOKUP($A6,'0919門市清單主檔'!B:V,20,FALSE) -> 新北市 | D6: =VLOOKUP($A6,'0919門市清單主檔'!B:V,21,FALSE) -> 五股區 | E6: =VLOOKUP(D6,門市狀態!G:H,2,FALSE) -> 湯家瑋 | F6: =IFERROR(IF(VLOOKUP(A6,門市狀態!A:D,4,FALSE)=0,"",VLOOKUP(A6,門市狀態!A:D,4,FALSE)),"") | H6: =IF(I6>0,(TEXT(I6,"yyyymmdd")&勤務統計!$V$2&A6&勤務統計!$V$2&B6&勤務統計!$S$2),"") -> PMQ1-4316-五股工商店(定保) | I6: {=IF(AND(SUMPRODUCT((IM!$F$2:$F$5000=A6)*(ISNUMBER(SEARCH(勤務統計!$C$1, IM!$AC$2:$AC$5000))))>0), 勤務統計!$C$1, "")} -> PMQ1 | J6: {=IFERROR(INDEX(IM!$AM$2:$AM$5000, MATCH(1, (IM!$F$2:$F$5000=A6) * (ISNUMBER(SEARCH(勤務統計!$C$1, IM!$AC$2:$AC$5000))), 0)), "")} -> 46024 | K6: {=SUMPRODUCT((IM!$F$2:$F$5000=A6)*(IM!$AD$2:$AD$5000="O")*(ISNUMBER(SEARCH(勤務統計!$C$1, IM!$AC$2:$AC$5000))))} -> 1 | L6: {=IF(K6>0,IFERROR(HYPERLINK("#'IM'!AC"&MATCH(1,(IM!$F$1:$F$5000=A6)*(ISNUMBER(SEARCH(勤務統計!$C$1,IM!$AC$1:$AC$5000))),0),"檢核"),"未登錄"),"")} -> 檢核 | M6: =Q6&S6&U6 -> +L90+721 | N6: {=IF(AND( SUMPRODUCT( (IM!$F$2:$F$522=A6) * ISNUMBER(SEARCH("*HUB*", IM!$AC$2:$AC$522)) * (IM!$X$2:$X$522>=勤務統計!$A$1) * (IM!$X$2:$X$522<=勤務統計!$B$1)*(W6="HUB") ) > 0 ), "HUB", "")} | O6: =IF( IFERROR(VLOOKUP(A6,勤務統計!A:I,9,FALSE),"")<>勤務統計!$C$1, "未完工", IF( AND(勤務統計!$D$1="--",勤務統計!$E$1="--",勤務統計!$F$1="--"), "已完工", IF( OR( AND(勤務統計!$D$1<>"--", IFERROR(VLOOKUP(A6,'0919門市清單主檔'!B:AH,31,FALSE),"")=勤務統計!$D$1, IFERROR(VLOOKUP(A6,勤務統計!A:Q,17,FALSE),"")<>勤務統計!$D$1), AND(勤務統計!$E$1<>"--", IFERROR(VLOOKUP(A6,'0919門市清單主檔'!B:AH,32,FALSE),"")=勤務統計!$E$1, IFERROR(VLOOKUP(A6,勤務統計!A:S,19,FALSE),"")<>勤務統計!$E$1), AND(勤務統計!$F$1<>"--", IFERROR(VLOOKUP(A6,'0919門市清單主檔'!B:AH,33,FALSE),"")=勤務統計!$F$1, IFERROR(VLOOKUP(A6,勤務統計!A:U,21,FALSE),"")<>勤務統計!$F$1), AND(IFERROR(VLOOKUP(A6,'0919門市清單主檔'!B:AH,28,FALSE),"")="HUB", IFERROR(VLOOKUP(A6,勤務統計!A:W,23,FALSE),"")<>"HUB") ), _xlfn.TEXTJOIN( "，", TRUE, IF(AND(勤務統計!$D$1<>"--", IFERROR(VLOOKUP(A6,'0919門市清單主檔'!B:AH,31,FALSE),"")=勤務統計!$D$1, IFERROR(VLOOKUP(A6,勤務統計!A:Q,17,FALSE),"")<>勤務統計!$D$1), 勤務統計!$D$1, ""), IF(AND(勤務統計!$E$1<>"--", IFERROR(VLOOKUP(A6,'0919門市清單主檔'!B:AH,32,FALSE),"")=勤務統計!$E$1, IFERROR(VLOOKUP(A6,勤務統計!A:S,19,FALSE),"")<>勤務統計!$E$1), 勤務統計!$E$1, ""), IF(AND(勤務統計!$F$1<>"--", IFERROR(VLOOKUP(A6,'0919門市清單主檔'!B:AH,33,FALSE),"")=勤務統計!$F$1, IFERROR(VLOOKUP(A6,勤務統計!A:U,21,FALSE),"")<>勤務統計!$F$1), 勤務統計!$F$1, ""), IF(AND(IFERROR(VLOOKUP(A6,'0919門市清單主檔'!B:AH,28,FALSE),"")="HUB", IFERROR(VLOOKUP(A6,勤務統計!A:W,23,FALSE),"")<>"HUB"), "HUB", "") ) & "未完工", "已完工" ) ) ) -> 未完工 | P6: =(TEXT(I6,"yyyymmdd"))&勤務統計!$V$2&A6&勤務統計!$V$2&B6&勤務統計!$S$2 -> PMQ1-4316-五股工商店(定保) | Q6: {=IF(AND(SUMPRODUCT((IM!$F$2:$F$5000=A6)*(ISNUMBER(SEARCH(勤務統計!$D$1, IM!$AC$2:$AC$5000))))>0), 勤務統計!$D$1, "")} | R6: {=IFERROR(INDEX(IM!$AM$2:$AM$5000, MATCH(1, (IM!$F$2:$F$5000=A6) * (ISNUMBER(SEARCH(勤務統計!$D$1, IM!$AC$2:$AC$5000))), 0)), "")} | S6: {=IF(AND(SUMPRODUCT((IM!$F$2:$F$5000=A6)*(ISNUMBER(SEARCH(勤務統計!$E$1, IM!$AC$2:$AC$5000))))>0), 勤務統計!$E$1, "")} -> +L90 | T6: {=IFERROR(INDEX(IM!$AM$2:$AM$5000, MATCH(1, (IM!$F$2:$F$5000=A6) * (ISNUMBER(SEARCH(勤務統計!$E$1, IM!$AC$2:$AC$5000))), 0)), "")} -> 45964 | U6: {=IF(AND(SUMPRODUCT((IM!$F$2:$F$5000=A6)*(ISNUMBER(SEARCH(勤務統計!$F$1, IM!$AC$2:$AC$5000))))>0), 勤務統計!$F$1, "")} -> +721 | V6: {=IFERROR(INDEX(IM!$AM$2:$AM$5000, MATCH(1, (IM!$F$2:$F$5000=A6) * (ISNUMBER(SEARCH(勤務統計!$F$1, IM!$AC$2:$AC$5000))), 0)), "")} -> 46024 | W6: =IF(VLOOKUP(A6,'0919門市清單主檔'!B:AC,28,FALSE)=0,"",VLOOKUP(A6,'0919門市清單主檔'!B:AC,28,FALSE))
A7: 4788 | B7: =VLOOKUP(A7,'0919門市清單主檔'!B:C,2,FALSE) -> 淡水國家店 | C7: =VLOOKUP($A7,'0919門市清單主檔'!B:V,20,FALSE) -> 新北市 | D7: =VLOOKUP($A7,'0919門市清單主檔'!B:V,21,FALSE) -> 淡水區 | E7: =VLOOKUP(D7,門市狀態!G:H,2,FALSE) -> 吳宗鴻 | F7: =IFERROR(IF(VLOOKUP(A7,門市狀態!A:D,4,FALSE)=0,"",VLOOKUP(A7,門市狀態!A:D,4,FALSE)),"") | H7: =IF(I7>0,(TEXT(I7,"yyyymmdd")&勤務統計!$V$2&A7&勤務統計!$V$2&B7&勤務統計!$S$2),"") -> PMQ1-4788-淡水國家店(定保) | I7: {=IF(AND(SUMPRODUCT((IM!$F$2:$F$5000=A7)*(ISNUMBER(SEARCH(勤務統計!$C$1, IM!$AC$2:$AC$5000))))>0), 勤務統計!$C$1, "")} -> PMQ1 | J7: {=IFERROR(INDEX(IM!$AM$2:$AM$5000, MATCH(1, (IM!$F$2:$F$5000=A7) * (ISNUMBER(SEARCH(勤務統計!$C$1, IM!$AC$2:$AC$5000))), 0)), "")} -> 46024 | K7: {=SUMPRODUCT((IM!$F$2:$F$5000=A7)*(IM!$AD$2:$AD$5000="O")*(ISNUMBER(SEARCH(勤務統計!$C$1, IM!$AC$2:$AC$5000))))} -> 1 | L7: {=IF(K7>0,IFERROR(HYPERLINK("#'IM'!AC"&MATCH(1,(IM!$F$1:$F$5000=A7)*(ISNUMBER(SEARCH(勤務統計!$C$1,IM!$AC$1:$AC$5000))),0),"檢核"),"未登錄"),"")} -> 檢核 | M7: =Q7&S7&U7 -> +L90+721 | N7: {=IF(AND( SUMPRODUCT( (IM!$F$2:$F$522=A7) * ISNUMBER(SEARCH("*HUB*", IM!$AC$2:$AC$522)) * (IM!$X$2:$X$522>=勤務統計!$A$1) * (IM!$X$2:$X$522<=勤務統計!$B$1)*(W7="HUB") ) > 0 ), "HUB", "")} | O7: =IF( IFERROR(VLOOKUP(A7,勤務統計!A:I,9,FALSE),"")<>勤務統計!$C$1, "未完工", IF( AND(勤務統計!$D$1="--",勤務統計!$E$1="--",勤務統計!$F$1="--"), "已完工", IF( OR( AND(勤務統計!$D$1<>"--", IFERROR(VLOOKUP(A7,'0919門市清單主檔'!B:AH,31,FALSE),"")=勤務統計!$D$1, IFERROR(VLOOKUP(A7,勤務統計!A:Q,17,FALSE),"")<>勤務統計!$D$1), AND(勤務統計!$E$1<>"--", IFERROR(VLOOKUP(A7,'0919門市清單主檔'!B:AH,32,FALSE),"")=勤務統計!$E$1, IFERROR(VLOOKUP(A7,勤務統計!A:S,19,FALSE),"")<>勤務統計!$E$1), AND(勤務統計!$F$1<>"--", IFERROR(VLOOKUP(A7,'0919門市清單主檔'!B:AH,33,FALSE),"")=勤務統計!$F$1, IFERROR(VLOOKUP(A7,勤務統計!A:U,21,FALSE),"")<>勤務統計!$F$1), AND(IFERROR(VLOOKUP(A7,'0919門市清單主檔'!B:AH,28,FALSE),"")="HUB", IFERROR(VLOOKUP(A7,勤務統計!A:W,23,FALSE),"")<>"HUB") ), _xlfn.TEXTJOIN( "，", TRUE, IF(AND(勤務統計!$D$1<>"--", IFERROR(VLOOKUP(A7,'0919門市清單主檔'!B:AH,31,FALSE),"")=勤務統計!$D$1, IFERROR(VLOOKUP(A7,勤務統計!A:Q,17,FALSE),"")<>勤務統計!$D$1), 勤務統計!$D$1, ""), IF(AND(勤務統計!$E$1<>"--", IFERROR(VLOOKUP(A7,'0919門市清單主檔'!B:AH,32,FALSE),"")=勤務統計!$E$1, IFERROR(VLOOKUP(A7,勤務統計!A:S,19,FALSE),"")<>勤務統計!$E$1), 勤務統計!$E$1, ""), IF(AND(勤務統計!$F$1<>"--", IFERROR(VLOOKUP(A7,'0919門市清單主檔'!B:AH,33,FALSE),"")=勤務統計!$F$1, IFERROR(VLOOKUP(A7,勤務統計!A:U,21,FALSE),"")<>勤務統計!$F$1), 勤務統計!$F$1, ""), IF(AND(IFERROR(VLOOKUP(A7,'0919門市清單主檔'!B:AH,28,FALSE),"")="HUB", IFERROR(VLOOKUP(A7,勤務統計!A:W,23,FALSE),"")<>"HUB"), "HUB", "") ) & "未完工", "已完工" ) ) ) -> 未完工 | P7: =(TEXT(I7,"yyyymmdd"))&勤務統計!$V$2&A7&勤務統計!$V$2&B7&勤務統計!$S$2 -> PMQ1-4788-淡水國家店(定保) | Q7: {=IF(AND(SUMPRODUCT((IM!$F$2:$F$5000=A7)*(ISNUMBER(SEARCH(勤務統計!$D$1, IM!$AC$2:$AC$5000))))>0), 勤務統計!$D$1, "")} | R7: {=IFERROR(INDEX(IM!$AM$2:$AM$5000, MATCH(1, (IM!$F$2:$F$5000=A7) * (ISNUMBER(SEARCH(勤務統計!$D$1, IM!$AC$2:$AC$5000))), 0)), "")} | S7: {=IF(AND(SUMPRODUCT((IM!$F$2:$F$5000=A7)*(ISNUMBER(SEARCH(勤務統計!$E$1, IM!$AC$2:$AC$5000))))>0), 勤務統計!$E$1, "")} -> +L90 | T7: {=IFERROR(INDEX(IM!$AM$2:$AM$5000, MATCH(1, (IM!$F$2:$F$5000=A7) * (ISNUMBER(SEARCH(勤務統計!$E$1, IM!$AC$2:$AC$5000))), 0)), "")} -> 46000 | U7: {=IF(AND(SUMPRODUCT((IM!$F$2:$F$5000=A7)*(ISNUMBER(SEARCH(勤務統計!$F$1, IM!$AC$2:$AC$5000))))>0), 勤務統計!$F$1, "")} -> +721 | V7: {=IFERROR(INDEX(IM!$AM$2:$AM$5000, MATCH(1, (IM!$F$2:$F$5000=A7) * (ISNUMBER(SEARCH(勤務統計!$F$1, IM!$AC$2:$AC$5000))), 0)), "")} -> 46024 | W7: =IF(VLOOKUP(A7,'0919門市清單主檔'!B:AC,28,FALSE)=0,"",VLOOKUP(A7,'0919門市清單主檔'!B:AC,28,FALSE))
A8: 4852 | B8: =VLOOKUP(A8,'0919門市清單主檔'!B:C,2,FALSE) -> 蘆竹福祿店 | C8: =VLOOKUP($A8,'0919門市清單主檔'!B:V,20,FALSE) -> 桃園市 | D8: =VLOOKUP($A8,'0919門市清單主檔'!B:V,21,FALSE) -> 蘆竹區 | E8: =VLOOKUP(D8,門市狀態!G:H,2,FALSE) -> 吳宗鴻 | F8: =IFERROR(IF(VLOOKUP(A8,門市狀態!A:D,4,FALSE)=0,"",VLOOKUP(A8,門市狀態!A:D,4,FALSE)),"") | H8: =IF(I8>0,(TEXT(I8,"yyyymmdd")&勤務統計!$V$2&A8&勤務統計!$V$2&B8&勤務統計!$S$2),"") -> PMQ1-4852-蘆竹福祿店(定保) | I8: {=IF(AND(SUMPRODUCT((IM!$F$2:$F$5000=A8)*(ISNUMBER(SEARCH(勤務統計!$C$1, IM!$AC$2:$AC$5000))))>0), 勤務統計!$C$1, "")} -> PMQ1 | J8: {=IFERROR(INDEX(IM!$AM$2:$AM$5000, MATCH(1, (IM!$F$2:$F$5000=A8) * (ISNUMBER(SEARCH(勤務統計!$C$1, IM!$AC$2:$AC$5000))), 0)), "")} -> 46024 | K8: {=SUMPRODUCT((IM!$F$2:$F$5000=A8)*(IM!$AD$2:$AD$5000="O")*(ISNUMBER(SEARCH(勤務統計!$C$1, IM!$AC$2:$AC$5000))))} -> 1 | L8: {=IF(K8>0,IFERROR(HYPERLINK("#'IM'!AC"&MATCH(1,(IM!$F$1:$F$5000=A8)*(ISNUMBER(SEARCH(勤務統計!$C$1,IM!$AC$1:$AC$5000))),0),"檢核"),"未登錄"),"")} -> 檢核 | M8: =Q8&S8&U8 -> +L90+721 | N8: {=IF(AND( SUMPRODUCT( (IM!$F$2:$F$522=A8) * ISNUMBER(SEARCH("*HUB*", IM!$AC$2:$AC$522)) * (IM!$X$2:$X$522>=勤務統計!$A$1) * (IM!$X$2:$X$522<=勤務統計!$B$1)*(W8="HUB") ) > 0 ), "HUB", "")} | O8: =IF( IFERROR(VLOOKUP(A8,勤務統計!A:I,9,FALSE),"")<>勤務統計!$C$1, "未完工", IF( AND(勤務統計!$D$1="--",勤務統計!$E$1="--",勤務統計!$F$1="--"), "已完工", IF( OR( AND(勤務統計!$D$1<>"--", IFERROR(VLOOKUP(A8,'0919門市清單主檔'!B:AH,31,FALSE),"")=勤務統計!$D$1, IFERROR(VLOOKUP(A8,勤務統計!A:Q,17,FALSE),"")<>勤務統計!$D$1), AND(勤務統計!$E$1<>"--", IFERROR(VLOOKUP(A8,'0919門市清單主檔'!B:AH,32,FALSE),"")=勤務統計!$E$1, IFERROR(VLOOKUP(A8,勤務統計!A:S,19,FALSE),"")<>勤務統計!$E$1), AND(勤務統計!$F$1<>"--", IFERROR(VLOOKUP(A8,'0919門市清單主檔'!B:AH,33,FALSE),"")=勤務統計!$F$1, IFERROR(VLOOKUP(A8,勤務統計!A:U,21,FALSE),"")<>勤務統計!$F$1), AND(IFERROR(VLOOKUP(A8,'0919門市清單主檔'!B:AH,28,FALSE),"")="HUB", IFERROR(VLOOKUP(A8,勤務統計!A:W,23,FALSE),"")<>"HUB") ), _xlfn.TEXTJOIN( "，", TRUE, IF(AND(勤務統計!$D$1<>"--", IFERROR(VLOOKUP(A8,'0919門市清單主檔'!B:AH,31,FALSE),"")=勤務統計!$D$1, IFERROR(VLOOKUP(A8,勤務統計!A:Q,17,FALSE),"")<>勤務統計!$D$1), 勤務統計!$D$1, ""), IF(AND(勤務統計!$E$1<>"--", IFERROR(VLOOKUP(A8,'0919門市清單主檔'!B:AH,32,FALSE),"")=勤務統計!$E$1, IFERROR(VLOOKUP(A8,勤務統計!A:S,19,FALSE),"")<>勤務統計!$E$1), 勤務統計!$E$1, ""), IF(AND(勤務統計!$F$1<>"--", IFERROR(VLOOKUP(A8,'0919門市清單主檔'!B:AH,33,FALSE),"")=勤務統計!$F$1, IFERROR(VLOOKUP(A8,勤務統計!A:U,21,FALSE),"")<>勤務統計!$F$1), 勤務統計!$F$1, ""), IF(AND(IFERROR(VLOOKUP(A8,'0919門市清單主檔'!B:AH,28,FALSE),"")="HUB", IFERROR(VLOOKUP(A8,勤務統計!A:W,23,FALSE),"")<>"HUB"), "HUB", "") ) & "未完工", "已完工" ) ) ) -> 未完工 | P8: =(TEXT(I8,"yyyymmdd"))&勤務統計!$V$2&A8&勤務統計!$V$2&B8&勤務統計!$S$2 -> PMQ1-4852-蘆竹福祿店(定保) | Q8: {=IF(AND(SUMPRODUCT((IM!$F$2:$F$5000=A8)*(ISNUMBER(SEARCH(勤務統計!$D$1, IM!$AC$2:$AC$5000))))>0), 勤務統計!$D$1, "")} | R8: {=IFERROR(INDEX(IM!$AM$2:$AM$5000, MATCH(1, (IM!$F$2:$F$5000=A8) * (ISNUMBER(SEARCH(勤務統計!$D$1, IM!$AC$2:$AC$5000))), 0)), "")} | S8: {=IF(AND(SUMPRODUCT((IM!$F$2:$F$5000=A8)*(ISNUMBER(SEARCH(勤務統計!$E$1, IM!$AC$2:$AC$5000))))>0), 勤務統計!$E$1, "")} -> +L90 | T8: {=IFERROR(INDEX(IM!$AM$2:$AM$5000, MATCH(1, (IM!$F$2:$F$5000=A8) * (ISNUMBER(SEARCH(勤務統計!$E$1, IM!$AC$2:$AC$5000))), 0)), "")} -> 46024 | U8: {=IF(AND(SUMPRODUCT((IM!$F$2:$F$5000=A8)*(ISNUMBER(SEARCH(勤務統計!$F$1, IM!$AC$2:$AC$5000))))>0), 勤務統計!$F$1, "")} -> +721 | V8: {=IFERROR(INDEX(IM!$AM$2:$AM$5000, MATCH(1, (IM!$F$2:$F$5000=A8) * (ISNUMBER(SEARCH(勤務統計!$F$1, IM!$AC$2:$AC$5000))), 0)), "")} -> 46024 | W8: =IF(VLOOKUP(A8,'0919門市清單主檔'!B:AC,28,FALSE)=0,"",VLOOKUP(A8,'0919門市清單主檔'!B:AC,28,FALSE))
A9: 3913 | B9: =VLOOKUP(A9,'0919門市清單主檔'!B:C,2,FALSE) -> 中和和玉店 | C9: =VLOOKUP($A9,'0919門市清單主檔'!B:V,20,FALSE) -> 新北市 | D9: =VLOOKUP($A9,'0919門市清單主檔'!B:V,21,FALSE) -> 中和區 | E9: =VLOOKUP(D9,門市狀態!G:H,2,FALSE) -> 劉柏均 | F9: =IFERROR(IF(VLOOKUP(A9,門市狀態!A:D,4,FALSE)=0,"",VLOOKUP(A9,門市狀態!A:D,4,FALSE)),"") | H9: =IF(I9>0,(TEXT(I9,"yyyymmdd")&勤務統計!$V$2&A9&勤務統計!$V$2&B9&勤務統計!$S$2),"") -> PMQ1-3913-中和和玉店(定保) | I9: {=IF(AND(SUMPRODUCT((IM!$F$2:$F$5000=A9)*(ISNUMBER(SEARCH(勤務統計!$C$1, IM!$AC$2:$AC$5000))))>0), 勤務統計!$C$1, "")} -> PMQ1 | J9: {=IFERROR(INDEX(IM!$AM$2:$AM$5000, MATCH(1, (IM!$F$2:$F$5000=A9) * (ISNUMBER(SEARCH(勤務統計!$C$1, IM!$AC$2:$AC$5000))), 0)), "")} -> 46024 | K9: {=SUMPRODUCT((IM!$F$2:$F$5000=A9)*(IM!$AD$2:$AD$5000="O")*(ISNUMBER(SEARCH(勤務統計!$C$1, IM!$AC$2:$AC$5000))))} -> 1 | L9: {=IF(K9>0,IFERROR(HYPERLINK("#'IM'!AC"&MATCH(1,(IM!$F$1:$F$5000=A9)*(ISNUMBER(SEARCH(勤務統計!$C$1,IM!$AC$1:$AC$5000))),0),"檢核"),"未登錄"),"")} -> 檢核 | M9: =Q9&S9&U9 -> +721 | N9: {=IF(AND( SUMPRODUCT( (IM!$F$2:$F$522=A9) * ISNUMBER(SEARCH("*HUB*", IM!$AC$2:$AC$522)) * (IM!$X$2:$X$522>=勤務統計!$A$1) * (IM!$X$2:$X$522<=勤務統計!$B$1)*(W9="HUB") ) > 0 ), "HUB", "")} | O9: =IF( IFERROR(VLOOKUP(A9,勤務統計!A:I,9,FALSE),"")<>勤務統計!$C$1, "未完工", IF( AND(勤務統計!$D$1="--",勤務統計!$E$1="--",勤務統計!$F$1="--"), "已完工", IF( OR( AND(勤務統計!$D$1<>"--", IFERROR(VLOOKUP(A9,'0919門市清單主檔'!B:AH,31,FALSE),"")=勤務統計!$D$1, IFERROR(VLOOKUP(A9,勤務統計!A:Q,17,FALSE),"")<>勤務統計!$D$1), AND(勤務統計!$E$1<>"--", IFERROR(VLOOKUP(A9,'0919門市清單主檔'!B:AH,32,FALSE),"")=勤務統計!$E$1, IFERROR(VLOOKUP(A9,勤務統計!A:S,19,FALSE),"")<>勤務統計!$E$1), AND(勤務統計!$F$1<>"--", IFERROR(VLOOKUP(A9,'0919門市清單主檔'!B:AH,33,FALSE),"")=勤務統計!$F$1, IFERROR(VLOOKUP(A9,勤務統計!A:U,21,FALSE),"")<>勤務統計!$F$1), AND(IFERROR(VLOOKUP(A9,'0919門市清單主檔'!B:AH,28,FALSE),"")="HUB", IFERROR(VLOOKUP(A9,勤務統計!A:W,23,FALSE),"")<>"HUB") ), _xlfn.TEXTJOIN( "，", TRUE, IF(AND(勤務統計!$D$1<>"--", IFERROR(VLOOKUP(A9,'0919門市清單主檔'!B:AH,31,FALSE),"")=勤務統計!$D$1, IFERROR(VLOOKUP(A9,勤務統計!A:Q,17,FALSE),"")<>勤務統計!$D$1), 勤務統計!$D$1, ""), IF(AND(勤務統計!$E$1<>"--", IFERROR(VLOOKUP(A9,'0919門市清單主檔'!B:AH,32,FALSE),"")=勤務統計!$E$1, IFERROR(VLOOKUP(A9,勤務統計!A:S,19,FALSE),"")<>勤務統計!$E$1), 勤務統計!$E$1, ""), IF(AND(勤務統計!$F$1<>"--", IFERROR(VLOOKUP(A9,'0919門市清單主檔'!B:AH,33,FALSE),"")=勤務統計!$F$1, IFERROR(VLOOKUP(A9,勤務統計!A:U,21,FALSE),"")<>勤務統計!$F$1), 勤務統計!$F$1, ""), IF(AND(IFERROR(VLOOKUP(A9,'0919門市清單主檔'!B:AH,28,FALSE),"")="HUB", IFERROR(VLOOKUP(A9,勤務統計!A:W,23,FALSE),"")<>"HUB"), "HUB", "") ) & "未完工", "已完工" ) ) ) -> 未完工 | P9: =(TEXT(I9,"yyyymmdd"))&勤務統計!$V$2&A9&勤務統計!$V$2&B9&勤務統計!$S$2 -> PMQ1-3913-中和和玉店(定保) | Q9: {=IF(AND(SUMPRODUCT((IM!$F$2:$F$5000=A9)*(ISNUMBER(SEARCH(勤務統計!$D$1, IM!$AC$2:$AC$5000))))>0), 勤務統計!$D$1, "")} | R9: {=IFERROR(INDEX(IM!$AM$2:$AM$5000, MATCH(1, (IM!$F$2:$F$5000=A9) * (ISNUMBER(SEARCH(勤務統計!$D$1, IM!$AC$2:$AC$5000))), 0)), "")} | S9: {=IF(AND(SUMPRODUCT((IM!$F$2:$F$5000=A9)*(ISNUMBER(SEARCH(勤務統計!$E$1, IM!$AC$2:$AC$5000))))>0), 勤務統計!$E$1, "")} | T9: {=IFERROR(INDEX(IM!$AM$2:$AM$5000, MATCH(1, (IM!$F$2:$F$5000=A9) * (ISNUMBER(SEARCH(勤務統計!$E$1, IM!$AC$2:$AC$5000))), 0)), "")} | U9: {=IF(AND(SUMPRODUCT((IM!$F$2:$F$5000=A9)*(ISNUMBER(SEARCH(勤務統計!$F$1, IM!$AC$2:$AC$5000))))>0), 勤務統計!$F$1, "")} -> +721 | V9: {=IFERROR(INDEX(IM!$AM$2:$AM$5000, MATCH(1, (IM!$F$2:$F$5000=A9) * (ISNUMBER(SEARCH(勤務統計!$F$1, IM!$AC$2:$AC$5000))), 0)), "")} -> 46024 | W9: =IF(VLOOKUP(A9,'0919門市清單主檔'!B:AC,28,FALSE)=0,"",VLOOKUP(A9,'0919門市清單主檔'!B:AC,28,FALSE))
A10: 2375 | B10: =VLOOKUP(A10,'0919門市清單主檔'!B:C,2,FALSE) -> 桃縣桃貿店 | C10: =VLOOKUP($A10,'0919門市清單主檔'!B:V,20,FALSE) -> 桃園市 | D10: =VLOOKUP($A10,'0919門市清單主檔'!B:V,21,FALSE) -> 龜山區 | E10: =VLOOKUP(D10,門市狀態!G:H,2,FALSE) -> 吳宗鴻 | F10: =IFERROR(IF(VLOOKUP(A10,門市狀態!A:D,4,FALSE)=0,"",VLOOKUP(A10,門市狀態!A:D,4,FALSE)),"") | H10: =IF(I10>0,(TEXT(I10,"yyyymmdd")&勤務統計!$V$2&A10&勤務統計!$V$2&B10&勤務統計!$S$2),"") -> PMQ1-2375-桃縣桃貿店(定保) | I10: {=IF(AND(SUMPRODUCT((IM!$F$2:$F$5000=A10)*(ISNUMBER(SEARCH(勤務統計!$C$1, IM!$AC$2:$AC$5000))))>0), 勤務統計!$C$1, "")} -> PMQ1 | J10: {=IFERROR(INDEX(IM!$AM$2:$AM$5000, MATCH(1, (IM!$F$2:$F$5000=A10) * (ISNUMBER(SEARCH(勤務統計!$C$1, IM!$AC$2:$AC$5000))), 0)), "")} -> 46027 | K10: {=SUMPRODUCT((IM!$F$2:$F$5000=A10)*(IM!$AD$2:$AD$5000="O")*(ISNUMBER(SEARCH(勤務統計!$C$1, IM!$AC$2:$AC$5000))))} -> 1 | L10: {=IF(K10>0,IFERROR(HYPERLINK("#'IM'!AC"&MATCH(1,(IM!$F$1:$F$5000=A10)*(ISNUMBER(SEARCH(勤務統計!$C$1,IM!$AC$1:$AC$5000))),0),"檢核"),"未登錄"),"")} -> 檢核 | M10: =Q10&S10&U10 -> +L90+721 | N10: {=IF(AND( SUMPRODUCT( (IM!$F$2:$F$522=A10) * ISNUMBER(SEARCH("*HUB*", IM!$AC$2:$AC$522)) * (IM!$X$2:$X$522>=勤務統計!$A$1) * (IM!$X$2:$X$522<=勤務統計!$B$1)*(W10="HUB") ) > 0 ), "HUB", "")} | O10: =IF( IFERROR(VLOOKUP(A10,勤務統計!A:I,9,FALSE),"")<>勤務統計!$C$1, "未完工", IF( AND(勤務統計!$D$1="--",勤務統計!$E$1="--",勤務統計!$F$1="--"), "已完工", IF( OR( AND(勤務統計!$D$1<>"--", IFERROR(VLOOKUP(A10,'0919門市清單主檔'!B:AH,31,FALSE),"")=勤務統計!$D$1, IFERROR(VLOOKUP(A10,勤務統計!A:Q,17,FALSE),"")<>勤務統計!$D$1), AND(勤務統計!$E$1<>"--", IFERROR(VLOOKUP(A10,'0919門市清單主檔'!B:AH,32,FALSE),"")=勤務統計!$E$1, IFERROR(VLOOKUP(A10,勤務統計!A:S,19,FALSE),"")<>勤務統計!$E$1), AND(勤務統計!$F$1<>"--", IFERROR(VLOOKUP(A10,'0919門市清單主檔'!B:AH,33,FALSE),"")=勤務統計!$F$1, IFERROR(VLOOKUP(A10,勤務統計!A:U,21,FALSE),"")<>勤務統計!$F$1), AND(IFERROR(VLOOKUP(A10,'0919門市清單主檔'!B:AH,28,FALSE),"")="HUB", IFERROR(VLOOKUP(A10,勤務統計!A:W,23,FALSE),"")<>"HUB") ), _xlfn.TEXTJOIN( "，", TRUE, IF(AND(勤務統計!$D$1<>"--", IFERROR(VLOOKUP(A10,'0919門市清單主檔'!B:AH,31,FALSE),"")=勤務統計!$D$1, IFERROR(VLOOKUP(A10,勤務統計!A:Q,17,FALSE),"")<>勤務統計!$D$1), 勤務統計!$D$1, ""), IF(AND(勤務統計!$E$1<>"--", IFERROR(VLOOKUP(A10,'0919門市清單主檔'!B:AH,32,FALSE),"")=勤務統計!$E$1, IFERROR(VLOOKUP(A10,勤務統計!A:S,19,FALSE),"")<>勤務統計!$E$1), 勤務統計!$E$1, ""), IF(AND(勤務統計!$F$1<>"--", IFERROR(VLOOKUP(A10,'0919門市清單主檔'!B:AH,33,FALSE),"")=勤務統計!$F$1, IFERROR(VLOOKUP(A10,勤務統計!A:U,21,FALSE),"")<>勤務統計!$F$1), 勤務統計!$F$1, ""), IF(AND(IFERROR(VLOOKUP(A10,'0919門市清單主檔'!B:AH,28,FALSE),"")="HUB", IFERROR(VLOOKUP(A10,勤務統計!A:W,23,FALSE),"")<>"HUB"), "HUB", "") ) & "未完工", "已完工" ) ) ) -> 未完工 | P10: =(TEXT(I10,"yyyymmdd"))&勤務統計!$V$2&A10&勤務統計!$V$2&B10&勤務統計!$S$2 -> PMQ1-2375-桃縣桃貿店(定保) | Q10: {=IF(AND(SUMPRODUCT((IM!$F$2:$F$5000=A10)*(ISNUMBER(SEARCH(勤務統計!$D$1, IM!$AC$2:$AC$5000))))>0), 勤務統計!$D$1, "")} | R10: {=IFERROR(INDEX(IM!$AM$2:$AM$5000, MATCH(1, (IM!$F$2:$F$5000=A10) * (ISNUMBER(SEARCH(勤務統計!$D$1, IM!$AC$2:$AC$5000))), 0)), "")} | S10: {=IF(AND(SUMPRODUCT((IM!$F$2:$F$5000=A10)*(ISNUMBER(SEARCH(勤務統計!$E$1, IM!$AC$2:$AC$5000))))>0), 勤務統計!$E$1, "")} -> +L90 | T10: {=IFERROR(INDEX(IM!$AM$2:$AM$5000, MATCH(1, (IM!$F$2:$F$5000=A10) * (ISNUMBER(SEARCH(勤務統計!$E$1, IM!$AC$2:$AC$5000))), 0)), "")} -> 46027 | U10: {=IF(AND(SUMPRODUCT((IM!$F$2:$F$5000=A10)*(ISNUMBER(SEARCH(勤務統計!$F$1, IM!$AC$2:$AC$5000))))>0), 勤務統計!$F$1, "")} -> +721 | V10: {=IFERROR(INDEX(IM!$AM$2:$AM$5000, MATCH(1, (IM!$F$2:$F$5000=A10) * (ISNUMBER(SEARCH(勤務統計!$F$1, IM!$AC$2:$AC$5000))), 0)), "")} -> 46027 | W10: =IF(VLOOKUP(A10,'0919門市清單主檔'!B:AC,28,FALSE)=0,"",VLOOKUP(A10,'0919門市清單主檔'!B:AC,28,FALSE))
A11: 3017 | B11: =VLOOKUP(A11,'0919門市清單主檔'!B:C,2,FALSE) -> 龜山大同店 | C11: =VLOOKUP($A11,'0919門市清單主檔'!B:V,20,FALSE) -> 桃園市 | D11: =VLOOKUP($A11,'0919門市清單主檔'!B:V,21,FALSE) -> 龜山區 | E11: =VLOOKUP(D11,門市狀態!G:H,2,FALSE) -> 吳宗鴻 | F11: =IFERROR(IF(VLOOKUP(A11,門市狀態!A:D,4,FALSE)=0,"",VLOOKUP(A11,門市狀態!A:D,4,FALSE)),"") | H11: =IF(I11>0,(TEXT(I11,"yyyymmdd")&勤務統計!$V$2&A11&勤務統計!$V$2&B11&勤務統計!$S$2),"") -> PMQ1-3017-龜山大同店(定保) | I11: {=IF(AND(SUMPRODUCT((IM!$F$2:$F$5000=A11)*(ISNUMBER(SEARCH(勤務統計!$C$1, IM!$AC$2:$AC$5000))))>0), 勤務統計!$C$1, "")} -> PMQ1 | J11: {=IFERROR(INDEX(IM!$AM$2:$AM$5000, MATCH(1, (IM!$F$2:$F$5000=A11) * (ISNUMBER(SEARCH(勤務統計!$C$1, IM!$AC$2:$AC$5000))), 0)), "")} -> 46027 | K11: {=SUMPRODUCT((IM!$F$2:$F$5000=A11)*(IM!$AD$2:$AD$5000="O")*(ISNUMBER(SEARCH(勤務統計!$C$1, IM!$AC$2:$AC$5000))))} -> 1 | L11: {=IF(K11>0,IFERROR(HYPERLINK("#'IM'!AC"&MATCH(1,(IM!$F$1:$F$5000=A11)*(ISNUMBER(SEARCH(勤務統計!$C$1,IM!$AC$1:$AC$5000))),0),"檢核"),"未登錄"),"")} -> 檢核 | M11: =Q11&S11&U11 -> +L90+721 | N11: {=IF(AND( SUMPRODUCT( (IM!$F$2:$F$522=A11) * ISNUMBER(SEARCH("*HUB*", IM!$AC$2:$AC$522)) * (IM!$X$2:$X$522>=勤務統計!$A$1) * (IM!$X$2:$X$522<=勤務統計!$B$1)*(W11="HUB") ) > 0 ), "HUB", "")} | O11: =IF( IFERROR(VLOOKUP(A11,勤務統計!A:I,9,FALSE),"")<>勤務統計!$C$1, "未完工", IF( AND(勤務統計!$D$1="--",勤務統計!$E$1="--",勤務統計!$F$1="--"), "已完工", IF( OR( AND(勤務統計!$D$1<>"--", IFERROR(VLOOKUP(A11,'0919門市清單主檔'!B:AH,31,FALSE),"")=勤務統計!$D$1, IFERROR(VLOOKUP(A11,勤務統計!A:Q,17,FALSE),"")<>勤務統計!$D$1), AND(勤務統計!$E$1<>"--", IFERROR(VLOOKUP(A11,'0919門市清單主檔'!B:AH,32,FALSE),"")=勤務統計!$E$1, IFERROR(VLOOKUP(A11,勤務統計!A:S,19,FALSE),"")<>勤務統計!$E$1), AND(勤務統計!$F$1<>"--", IFERROR(VLOOKUP(A11,'0919門市清單主檔'!B:AH,33,FALSE),"")=勤務統計!$F$1, IFERROR(VLOOKUP(A11,勤務統計!A:U,21,FALSE),"")<>勤務統計!$F$1), AND(IFERROR(VLOOKUP(A11,'0919門市清單主檔'!B:AH,28,FALSE),"")="HUB", IFERROR(VLOOKUP(A11,勤務統計!A:W,23,FALSE),"")<>"HUB") ), _xlfn.TEXTJOIN( "，", TRUE, IF(AND(勤務統計!$D$1<>"--", IFERROR(VLOOKUP(A11,'0919門市清單主檔'!B:AH,31,FALSE),"")=勤務統計!$D$1, IFERROR(VLOOKUP(A11,勤務統計!A:Q,17,FALSE),"")<>勤務統計!$D$1), 勤務統計!$D$1, ""), IF(AND(勤務統計!$E$1<>"--", IFERROR(VLOOKUP(A11,'0919門市清單主檔'!B:AH,32,FALSE),"")=勤務統計!$E$1, IFERROR(VLOOKUP(A11,勤務統計!A:S,19,FALSE),"")<>勤務統計!$E$1), 勤務統計!$E$1, ""), IF(AND(勤務統計!$F$1<>"--", IFERROR(VLOOKUP(A11,'0919門市清單主檔'!B:AH,33,FALSE),"")=勤務統計!$F$1, IFERROR(VLOOKUP(A11,勤務統計!A:U,21,FALSE),"")<>勤務統計!$F$1), 勤務統計!$F$1, ""), IF(AND(IFERROR(VLOOKUP(A11,'0919門市清單主檔'!B:AH,28,FALSE),"")="HUB", IFERROR(VLOOKUP(A11,勤務統計!A:W,23,FALSE),"")<>"HUB"), "HUB", "") ) & "未完工", "已完工" ) ) ) -> 未完工 | P11: =(TEXT(I11,"yyyymmdd"))&勤務統計!$V$2&A11&勤務統計!$V$2&B11&勤務統計!$S$2 -> PMQ1-3017-龜山大同店(定保) | Q11: {=IF(AND(SUMPRODUCT((IM!$F$2:$F$5000=A11)*(ISNUMBER(SEARCH(勤務統計!$D$1, IM!$AC$2:$AC$5000))))>0), 勤務統計!$D$1, "")} | R11: {=IFERROR(INDEX(IM!$AM$2:$AM$5000, MATCH(1, (IM!$F$2:$F$5000=A11) * (ISNUMBER(SEARCH(勤務統計!$D$1, IM!$AC$2:$AC$5000))), 0)), "")} | S11: {=IF(AND(SUMPRODUCT((IM!$F$2:$F$5000=A11)*(ISNUMBER(SEARCH(勤務統計!$E$1, IM!$AC$2:$AC$5000))))>0), 勤務統計!$E$1, "")} -> +L90 | T11: {=IFERROR(INDEX(IM!$AM$2:$AM$5000, MATCH(1, (IM!$F$2:$F$5000=A11) * (ISNUMBER(SEARCH(勤務統計!$E$1, IM!$AC$2:$AC$5000))), 0)), "")} -> 46027 | U11: {=IF(AND(SUMPRODUCT((IM!$F$2:$F$5000=A11)*(ISNUMBER(SEARCH(勤務統計!$F$1, IM!$AC$2:$AC$5000))))>0), 勤務統計!$F$1, "")} -> +721 | V11: {=IFERROR(INDEX(IM!$AM$2:$AM$5000, MATCH(1, (IM!$F$2:$F$5000=A11) * (ISNUMBER(SEARCH(勤務統計!$F$1, IM!$AC$2:$AC$5000))), 0)), "")} -> 46027 | W11: =IF(VLOOKUP(A11,'0919門市清單主檔'!B:AC,28,FALSE)=0,"",VLOOKUP(A11,'0919門市清單主檔'!B:AC,28,FALSE))
A12: 4690 | B12: =VLOOKUP(A12,'0919門市清單主檔'!B:C,2,FALSE) -> 龜山同福店 | C12: =VLOOKUP($A12,'0919門市清單主檔'!B:V,20,FALSE) -> 桃園市 | D12: =VLOOKUP($A12,'0919門市清單主檔'!B:V,21,FALSE) -> 蘆竹區 | E12: =VLOOKUP(D12,門市狀態!G:H,2,FALSE) -> 吳宗鴻 | F12: =IFERROR(IF(VLOOKUP(A12,門市狀態!A:D,4,FALSE)=0,"",VLOOKUP(A12,門市狀態!A:D,4,FALSE)),"") | H12: =IF(I12>0,(TEXT(I12,"yyyymmdd")&勤務統計!$V$2&A12&勤務統計!$V$2&B12&勤務統計!$S$2),"") -> PMQ1-4690-龜山同福店(定保) | I12: {=IF(AND(SUMPRODUCT((IM!$F$2:$F$5000=A12)*(ISNUMBER(SEARCH(勤務統計!$C$1, IM!$AC$2:$AC$5000))))>0), 勤務統計!$C$1, "")} -> PMQ1 | J12: {=IFERROR(INDEX(IM!$AM$2:$AM$5000, MATCH(1, (IM!$F$2:$F$5000=A12) * (ISNUMBER(SEARCH(勤務統計!$C$1, IM!$AC$2:$AC$5000))), 0)), "")} -> 46027 | K12: {=SUMPRODUCT((IM!$F$2:$F$5000=A12)*(IM!$AD$2:$AD$5000="O")*(ISNUMBER(SEARCH(勤務統計!$C$1, IM!$AC$2:$AC$5000))))} -> 1 | L12: {=IF(K12>0,IFERROR(HYPERLINK("#'IM'!AC"&MATCH(1,(IM!$F$1:$F$5000=A12)*(ISNUMBER(SEARCH(勤務統計!$C$1,IM!$AC$1:$AC$5000))),0),"檢核"),"未登錄"),"")} -> 檢核 | M12: =Q12&S12&U12 -> +L90+721 | N12: {=IF(AND( SUMPRODUCT( (IM!$F$2:$F$522=A12) * ISNUMBER(SEARCH("*HUB*", IM!$AC$2:$AC$522)) * (IM!$X$2:$X$522>=勤務統計!$A$1) * (IM!$X$2:$X$522<=勤務統計!$B$1)*(W12="HUB") ) > 0 ), "HUB", "")} | O12: =IF( IFERROR(VLOOKUP(A12,勤務統計!A:I,9,FALSE),"")<>勤務統計!$C$1, "未完工", IF( AND(勤務統計!$D$1="--",勤務統計!$E$1="--",勤務統計!$F$1="--"), "已完工", IF( OR( AND(勤務統計!$D$1<>"--", IFERROR(VLOOKUP(A12,'0919門市清單主檔'!B:AH,31,FALSE),"")=勤務統計!$D$1, IFERROR(VLOOKUP(A12,勤務統計!A:Q,17,FALSE),"")<>勤務統計!$D$1), AND(勤務統計!$E$1<>"--", IFERROR(VLOOKUP(A12,'0919門市清單主檔'!B:AH,32,FALSE),"")=勤務統計!$E$1, IFERROR(VLOOKUP(A12,勤務統計!A:S,19,FALSE),"")<>勤務統計!$E$1), AND(勤務統計!$F$1<>"--", IFERROR(VLOOKUP(A12,'0919門市清單主檔'!B:AH,33,FALSE),"")=勤務統計!$F$1, IFERROR(VLOOKUP(A12,勤務統計!A:U,21,FALSE),"")<>勤務統計!$F$1), AND(IFERROR(VLOOKUP(A12,'0919門市清單主檔'!B:AH,28,FALSE),"")="HUB", IFERROR(VLOOKUP(A12,勤務統計!A:W,23,FALSE),"")<>"HUB") ), _xlfn.TEXTJOIN( "，", TRUE, IF(AND(勤務統計!$D$1<>"--", IFERROR(VLOOKUP(A12,'0919門市清單主檔'!B:AH,31,FALSE),"")=勤務統計!$D$1, IFERROR(VLOOKUP(A12,勤務統計!A:Q,17,FALSE),"")<>勤務統計!$D$1), 勤務統計!$D$1, ""), IF(AND(勤務統計!$E$1<>"--", IFERROR(VLOOKUP(A12,'0919門市清單主檔'!B:AH,32,FALSE),"")=勤務統計!$E$1, IFERROR(VLOOKUP(A12,勤務統計!A:S,19,FALSE),"")<>勤務統計!$E$1), 勤務統計!$E$1, ""), IF(AND(勤務統計!$F$1<>"--", IFERROR(VLOOKUP(A12,'0919門市清單主檔'!B:AH,33,FALSE),"")=勤務統計!$F$1, IFERROR(VLOOKUP(A12,勤務統計!A:U,21,FALSE),"")<>勤務統計!$F$1), 勤務統計!$F$1, ""), IF(AND(IFERROR(VLOOKUP(A12,'0919門市清單主檔'!B:AH,28,FALSE),"")="HUB", IFERROR(VLOOKUP(A12,勤務統計!A:W,23,FALSE),"")<>"HUB"), "HUB", "") ) & "未完工", "已完工" ) ) ) -> 未完工 | P12: =(TEXT(I12,"yyyymmdd"))&勤務統計!$V$2&A12&勤務統計!$V$2&B12&勤務統計!$S$2 -> PMQ1-4690-龜山同福店(定保) | Q12: {=IF(AND(SUMPRODUCT((IM!$F$2:$F$5000=A12)*(ISNUMBER(SEARCH(勤務統計!$D$1, IM!$AC$2:$AC$5000))))>0), 勤務統計!$D$1, "")} | R12: {=IFERROR(INDEX(IM!$AM$2:$AM$5000, MATCH(1, (IM!$F$2:$F$5000=A12) * (ISNUMBER(SEARCH(勤務統計!$D$1, IM!$AC$2:$AC$5000))), 0)), "")} | S12: {=IF(AND(SUMPRODUCT((IM!$F$2:$F$5000=A12)*(ISNUMBER(SEARCH(勤務統計!$E$1, IM!$AC$2:$AC$5000))))>0), 勤務統計!$E$1, "")} -> +L90 | T12: {=IFERROR(INDEX(IM!$AM$2:$AM$5000, MATCH(1, (IM!$F$2:$F$5000=A12) * (ISNUMBER(SEARCH(勤務統計!$E$1, IM!$AC$2:$AC$5000))), 0)), "")} -> 46027 | U12: {=IF(AND(SUMPRODUCT((IM!$F$2:$F$5000=A12)*(ISNUMBER(SEARCH(勤務統計!$F$1, IM!$AC$2:$AC$5000))))>0), 勤務統計!$F$1, "")} -> +721 | V12: {=IFERROR(INDEX(IM!$AM$2:$AM$5000, MATCH(1, (IM!$F$2:$F$5000=A12) * (ISNUMBER(SEARCH(勤務統計!$F$1, IM!$AC$2:$AC$5000))), 0)), "")} -> 46027 | W12: =IF(VLOOKUP(A12,'0919門市清單主檔'!B:AC,28,FALSE)=0,"",VLOOKUP(A12,'0919門市清單主檔'!B:AC,28,FALSE))
A13: 4825 | B13: =VLOOKUP(A13,'0919門市清單主檔'!B:C,2,FALSE) -> 龜山兔子坑 | C13: =VLOOKUP($A13,'0919門市清單主檔'!B:V,20,FALSE) -> 桃園市 | D13: =VLOOKUP($A13,'0919門市清單主檔'!B:V,21,FALSE) -> 蘆竹區 | E13: =VLOOKUP(D13,門市狀態!G:H,2,FALSE) -> 吳宗鴻 | F13: =IFERROR(IF(VLOOKUP(A13,門市狀態!A:D,4,FALSE)=0,"",VLOOKUP(A13,門市狀態!A:D,4,FALSE)),"") | H13: =IF(I13>0,(TEXT(I13,"yyyymmdd")&勤務統計!$V$2&A13&勤務統計!$V$2&B13&勤務統計!$S$2),"") -> PMQ1-4825-龜山兔子坑(定保) | I13: {=IF(AND(SUMPRODUCT((IM!$F$2:$F$5000=A13)*(ISNUMBER(SEARCH(勤務統計!$C$1, IM!$AC$2:$AC$5000))))>0), 勤務統計!$C$1, "")} -> PMQ1 | J13: {=IFERROR(INDEX(IM!$AM$2:$AM$5000, MATCH(1, (IM!$F$2:$F$5000=A13) * (ISNUMBER(SEARCH(勤務統計!$C$1, IM!$AC$2:$AC$5000))), 0)), "")} -> 46027 | K13: {=SUMPRODUCT((IM!$F$2:$F$5000=A13)*(IM!$AD$2:$AD$5000="O")*(ISNUMBER(SEARCH(勤務統計!$C$1, IM!$AC$2:$AC$5000))))} -> 1 | L13: {=IF(K13>0,IFERROR(HYPERLINK("#'IM'!AC"&MATCH(1,(IM!$F$1:$F$5000=A13)*(ISNUMBER(SEARCH(勤務統計!$C$1,IM!$AC$1:$AC$5000))),0),"檢核"),"未登錄"),"")} -> 檢核 | M13: =Q13&S13&U13 -> +L90+721 | N13: {=IF(AND( SUMPRODUCT( (IM!$F$2:$F$522=A13) * ISNUMBER(SEARCH("*HUB*", IM!$AC$2:$AC$522)) * (IM!$X$2:$X$522>=勤務統計!$A$1) * (IM!$X$2:$X$522<=勤務統計!$B$1)*(W13="HUB") ) > 0 ), "HUB", "")} | O13: =IF( IFERROR(VLOOKUP(A13,勤務統計!A:I,9,FALSE),"")<>勤務統計!$C$1, "未完工", IF( AND(勤務統計!$D$1="--",勤務統計!$E$1="--",勤務統計!$F$1="--"), "已完工", IF( OR( AND(勤務統計!$D$1<>"--", IFERROR(VLOOKUP(A13,'0919門市清單主檔'!B:AH,31,FALSE),"")=勤務統計!$D$1, IFERROR(VLOOKUP(A13,勤務統計!A:Q,17,FALSE),"")<>勤務統計!$D$1), AND(勤務統計!$E$1<>"--", IFERROR(VLOOKUP(A13,'0919門市清單主檔'!B:AH,32,FALSE),"")=勤務統計!$E$1, IFERROR(VLOOKUP(A13,勤務統計!A:S,19,FALSE),"")<>勤務統計!$E$1), AND(勤務統計!$F$1<>"--", IFERROR(VLOOKUP(A13,'0919門市清單主檔'!B:AH,33,FALSE),"")=勤務統計!$F$1, IFERROR(VLOOKUP(A13,勤務統計!A:U,21,FALSE),"")<>勤務統計!$F$1), AND(IFERROR(VLOOKUP(A13,'0919門市清單主檔'!B:AH,28,FALSE),"")="HUB", IFERROR(VLOOKUP(A13,勤務統計!A:W,23,FALSE),"")<>"HUB") ), _xlfn.TEXTJOIN( "，", TRUE, IF(AND(勤務統計!$D$1<>"--", IFERROR(VLOOKUP(A13,'0919門市清單主檔'!B:AH,31,FALSE),"")=勤務統計!$D$1, IFERROR(VLOOKUP(A13,勤務統計!A:Q,17,FALSE),"")<>勤務統計!$D$1), 勤務統計!$D$1, ""), IF(AND(勤務統計!$E$1<>"--", IFERROR(VLOOKUP(A13,'0919門市清單主檔'!B:AH,32,FALSE),"")=勤務統計!$E$1, IFERROR(VLOOKUP(A13,勤務統計!A:S,19,FALSE),"")<>勤務統計!$E$1), 勤務統計!$E$1, ""), IF(AND(勤務統計!$F$1<>"--", IFERROR(VLOOKUP(A13,'0919門市清單主檔'!B:AH,33,FALSE),"")=勤務統計!$F$1, IFERROR(VLOOKUP(A13,勤務統計!A:U,21,FALSE),"")<>勤務統計!$F$1), 勤務統計!$F$1, ""), IF(AND(IFERROR(VLOOKUP(A13,'0919門市清單主檔'!B:AH,28,FALSE),"")="HUB", IFERROR(VLOOKUP(A13,勤務統計!A:W,23,FALSE),"")<>"HUB"), "HUB", "") ) & "未完工", "已完工" ) ) ) -> 未完工 | P13: =(TEXT(I13,"yyyymmdd"))&勤務統計!$V$2&A13&勤務統計!$V$2&B13&勤務統計!$S$2 -> PMQ1-4825-龜山兔子坑(定保) | Q13: {=IF(AND(SUMPRODUCT((IM!$F$2:$F$5000=A13)*(ISNUMBER(SEARCH(勤務統計!$D$1, IM!$AC$2:$AC$5000))))>0), 勤務統計!$D$1, "")} | R13: {=IFERROR(INDEX(IM!$AM$2:$AM$5000, MATCH(1, (IM!$F$2:$F$5000=A13) * (ISNUMBER(SEARCH(勤務統計!$D$1, IM!$AC$2:$AC$5000))), 0)), "")} | S13: {=IF(AND(SUMPRODUCT((IM!$F$2:$F$5000=A13)*(ISNUMBER(SEARCH(勤務統計!$E$1, IM!$AC$2:$AC$5000))))>0), 勤務統計!$E$1, "")} -> +L90 | T13: {=IFERROR(INDEX(IM!$AM$2:$AM$5000, MATCH(1, (IM!$F$2:$F$5000=A13) * (ISNUMBER(SEARCH(勤務統計!$E$1, IM!$AC$2:$AC$5000))), 0)), "")} -> 46027 | U13: {=IF(AND(SUMPRODUCT((IM!$F$2:$F$5000=A13)*(ISNUMBER(SEARCH(勤務統計!$F$1, IM!$AC$2:$AC$5000))))>0), 勤務統計!$F$1, "")} -> +721 | V13: {=IFERROR(INDEX(IM!$AM$2:$AM$5000, MATCH(1, (IM!$F$2:$F$5000=A13) * (ISNUMBER(SEARCH(勤務統計!$F$1, IM!$AC$2:$AC$5000))), 0)), "")} -> 46027 | W13: =IF(VLOOKUP(A13,'0919門市清單主檔'!B:AC,28,FALSE)=0,"",VLOOKUP(A13,'0919門市清單主檔'!B:AC,28,FALSE))
A14: 5162 | B14: =VLOOKUP(A14,'0919門市清單主檔'!B:C,2,FALSE) -> 龜山茶專店 | C14: =VLOOKUP($A14,'0919門市清單主檔'!B:V,20,FALSE) -> 桃園市 | D14: =VLOOKUP($A14,'0919門市清單主檔'!B:V,21,FALSE) -> 蘆竹區 | E14: =VLOOKUP(D14,門市狀態!G:H,2,FALSE) -> 吳宗鴻 | F14: =IFERROR(IF(VLOOKUP(A14,門市狀態!A:D,4,FALSE)=0,"",VLOOKUP(A14,門市狀態!A:D,4,FALSE)),"") | H14: =IF(I14>0,(TEXT(I14,"yyyymmdd")&勤務統計!$V$2&A14&勤務統計!$V$2&B14&勤務統計!$S$2),"") -> PMQ1-5162-龜山茶專店(定保) | I14: {=IF(AND(SUMPRODUCT((IM!$F$2:$F$5000=A14)*(ISNUMBER(SEARCH(勤務統計!$C$1, IM!$AC$2:$AC$5000))))>0), 勤務統計!$C$1, "")} -> PMQ1 | J14: {=IFERROR(INDEX(IM!$AM$2:$AM$5000, MATCH(1, (IM!$F$2:$F$5000=A14) * (ISNUMBER(SEARCH(勤務統計!$C$1, IM!$AC$2:$AC$5000))), 0)), "")} -> 46027 | K14: {=SUMPRODUCT((IM!$F$2:$F$5000=A14)*(IM!$AD$2:$AD$5000="O")*(ISNUMBER(SEARCH(勤務統計!$C$1, IM!$AC$2:$AC$5000))))} -> 1 | L14: {=IF(K14>0,IFERROR(HYPERLINK("#'IM'!AC"&MATCH(1,(IM!$F$1:$F$5000=A14)*(ISNUMBER(SEARCH(勤務統計!$C$1,IM!$AC$1:$AC$5000))),0),"檢核"),"未登錄"),"")} -> 檢核 | M14: =Q14&S14&U14 -> +L90+721 | N14: {=IF(AND( SUMPRODUCT( (IM!$F$2:$F$522=A14) * ISNUMBER(SEARCH("*HUB*", IM!$AC$2:$AC$522)) * (IM!$X$2:$X$522>=勤務統計!$A$1) * (IM!$X$2:$X$522<=勤務統計!$B$1)*(W14="HUB") ) > 0 ), "HUB", "")} | O14: =IF( IFERROR(VLOOKUP(A14,勤務統計!A:I,9,FALSE),"")<>勤務統計!$C$1, "未完工", IF( AND(勤務統計!$D$1="--",勤務統計!$E$1="--",勤務統計!$F$1="--"), "已完工", IF( OR( AND(勤務統計!$D$1<>"--", IFERROR(VLOOKUP(A14,'0919門市清單主檔'!B:AH,31,FALSE),"")=勤務統計!$D$1, IFERROR(VLOOKUP(A14,勤務統計!A:Q,17,FALSE),"")<>勤務統計!$D$1), AND(勤務統計!$E$1<>"--", IFERROR(VLOOKUP(A14,'0919門市清單主檔'!B:AH,32,FALSE),"")=勤務統計!$E$1, IFERROR(VLOOKUP(A14,勤務統計!A:S,19,FALSE),"")<>勤務統計!$E$1), AND(勤務統計!$F$1<>"--", IFERROR(VLOOKUP(A14,'0919門市清單主檔'!B:AH,33,FALSE),"")=勤務統計!$F$1, IFERROR(VLOOKUP(A14,勤務統計!A:U,21,FALSE),"")<>勤務統計!$F$1), AND(IFERROR(VLOOKUP(A14,'0919門市清單主檔'!B:AH,28,FALSE),"")="HUB", IFERROR(VLOOKUP(A14,勤務統計!A:W,23,FALSE),"")<>"HUB") ), _xlfn.TEXTJOIN( "，", TRUE, IF(AND(勤務統計!$D$1<>"--", IFERROR(VLOOKUP(A14,'0919門市清單主檔'!B:AH,31,FALSE),"")=勤務統計!$D$1, IFERROR(VLOOKUP(A14,勤務統計!A:Q,17,FALSE),"")<>勤務統計!$D$1), 勤務統計!$D$1, ""), IF(AND(勤務統計!$E$1<>"--", IFERROR(VLOOKUP(A14,'0919門市清單主檔'!B:AH,32,FALSE),"")=勤務統計!$E$1, IFERROR(VLOOKUP(A14,勤務統計!A:S,19,FALSE),"")<>勤務統計!$E$1), 勤務統計!$E$1, ""), IF(AND(勤務統計!$F$1<>"--", IFERROR(VLOOKUP(A14,'0919門市清單主檔'!B:AH,33,FALSE),"")=勤務統計!$F$1, IFERROR(VLOOKUP(A14,勤務統計!A:U,21,FALSE),"")<>勤務統計!$F$1), 勤務統計!$F$1, ""), IF(AND(IFERROR(VLOOKUP(A14,'0919門市清單主檔'!B:AH,28,FALSE),"")="HUB", IFERROR(VLOOKUP(A14,勤務統計!A:W,23,FALSE),"")<>"HUB"), "HUB", "") ) & "未完工", "已完工" ) ) ) -> 未完工 | P14: =(TEXT(I14,"yyyymmdd"))&勤務統計!$V$2&A14&勤務統計!$V$2&B14&勤務統計!$S$2 -> PMQ1-5162-龜山茶專店(定保) | Q14: {=IF(AND(SUMPRODUCT((IM!$F$2:$F$5000=A14)*(ISNUMBER(SEARCH(勤務統計!$D$1, IM!$AC$2:$AC$5000))))>0), 勤務統計!$D$1, "")} | R14: {=IFERROR(INDEX(IM!$AM$2:$AM$5000, MATCH(1, (IM!$F$2:$F$5000=A14) * (ISNUMBER(SEARCH(勤務統計!$D$1, IM!$AC$2:$AC$5000))), 0)), "")} | S14: {=IF(AND(SUMPRODUCT((IM!$F$2:$F$5000=A14)*(ISNUMBER(SEARCH(勤務統計!$E$1, IM!$AC$2:$AC$5000))))>0), 勤務統計!$E$1, "")} -> +L90 | T14: {=IFERROR(INDEX(IM!$AM$2:$AM$5000, MATCH(1, (IM!$F$2:$F$5000=A14) * (ISNUMBER(SEARCH(勤務統計!$E$1, IM!$AC$2:$AC$5000))), 0)), "")} -> 46027 | U14: {=IF(AND(SUMPRODUCT((IM!$F$2:$F$5000=A14)*(ISNUMBER(SEARCH(勤務統計!$F$1, IM!$AC$2:$AC$5000))))>0), 勤務統計!$F$1, "")} -> +721 | V14: {=IFERROR(INDEX(IM!$AM$2:$AM$5000, MATCH(1, (IM!$F$2:$F$5000=A14) * (ISNUMBER(SEARCH(勤務統計!$F$1, IM!$AC$2:$AC$5000))), 0)), "")} -> 46027 | W14: =IF(VLOOKUP(A14,'0919門市清單主檔'!B:AC,28,FALSE)=0,"",VLOOKUP(A14,'0919門市清單主檔'!B:AC,28,FALSE))
... A32: 4057 | B32: =VLOOKUP(A32,'0919門市清單主檔'!B:C,2,FALSE) -> 林口香澄店 | C32: =VLOOKUP($A32,'0919門市清單主檔'!B:V,20,FALSE) -> 新北市 | D32: =VLOOKUP($A32,'0919門市清單主檔'!B:V,21,FALSE) -> 林口區 | E32: =VLOOKUP(D32,門市狀態!G:H,2,FALSE) -> 吳宗鴻 | F32: =IFERROR(IF(VLOOKUP(A32,門市狀態!A:D,4,FALSE)=0,"",VLOOKUP(A32,門市狀態!A:D,4,FALSE)),"") | H32: =IF(I32>0,(TEXT(I32,"yyyymmdd")&勤務統計!$V$2&A32&勤務統計!$V$2&B32&勤務統計!$S$2),"") -> PMQ1-4057-林口香澄店(定保) | I32: {=IF(AND(SUMPRODUCT((IM!$F$2:$F$5000=A32)*(ISNUMBER(SEARCH(勤務統計!$C$1, IM!$AC$2:$AC$5000))))>0), 勤務統計!$C$1, "")} -> PMQ1 | J32: {=IFERROR(INDEX(IM!$AM$2:$AM$5000, MATCH(1, (IM!$F$2:$F$5000=A32) * (ISNUMBER(SEARCH(勤務統計!$C$1, IM!$AC$2:$AC$5000))), 0)), "")} -> 46030 | K32: {=SUMPRODUCT((IM!$F$2:$F$5000=A32)*(IM!$AD$2:$AD$5000="O")*(ISNUMBER(SEARCH(勤務統計!$C$1, IM!$AC$2:$AC$5000))))} -> 1 | L32: {=IF(K32>0,IFERROR(HYPERLINK("#'IM'!AC"&MATCH(1,(IM!$F$1:$F$5000=A32)*(ISNUMBER(SEARCH(勤務統計!$C$1,IM!$AC$1:$AC$5000))),0),"檢核"),"未登錄"),"")} -> 檢核 | M32: =Q32&S32&U32 -> +L90+721 | N32: {=IF(AND( SUMPRODUCT( (IM!$F$2:$F$522=A32) * ISNUMBER(SEARCH("*HUB*", IM!$AC$2:$AC$522)) * (IM!$X$2:$X$522>=勤務統計!$A$1) * (IM!$X$2:$X$522<=勤務統計!$B$1)*(W32="HUB") ) > 0 ), "HUB", "")} | O32: =IF( IFERROR(VLOOKUP(A32,勤務統計!A:I,9,FALSE),"")<>勤務統計!$C$1, "未完工", IF( AND(勤務統計!$D$1="--",勤務統計!$E$1="--",勤務統計!$F$1="--"), "已完工", IF( OR( AND(勤務統計!$D$1<>"--", IFERROR(VLOOKUP(A32,'0919門市清單主檔'!B:AH,31,FALSE),"")=勤務統計!$D$1, IFERROR(VLOOKUP(A32,勤務統計!A:Q,17,FALSE),"")<>勤務統計!$D$1), AND(勤務統計!$E$1<>"--", IFERROR(VLOOKUP(A32,'0919門市清單主檔'!B:AH,32,FALSE),"")=勤務統計!$E$1, IFERROR(VLOOKUP(A32,勤務統計!A:S,19,FALSE),"")<>勤務統計!$E$1), AND(勤務統計!$F$1<>"--", IFERROR(VLOOKUP(A32,'0919門市清單主檔'!B:AH,33,FALSE),"")=勤務統計!$F$1, IFERROR(VLOOKUP(A32,勤務統計!A:U,21,FALSE),"")<>勤務統計!$F$1), AND(IFERROR(VLOOKUP(A32,'0919門市清單主檔'!B:AH,28,FALSE),"")="HUB", IFERROR(VLOOKUP(A32,勤務統計!A:W,23,FALSE),"")<>"HUB") ), _xlfn.TEXTJOIN( "，", TRUE, IF(AND(勤務統計!$D$1<>"--", IFERROR(VLOOKUP(A32,'0919門市清單主檔'!B:AH,31,FALSE),"")=勤務統計!$D$1, IFERROR(VLOOKUP(A32,勤務統計!A:Q,17,FALSE),"")<>勤務統計!$D$1), 勤務統計!$D$1, ""), IF(AND(勤務統計!$E$1<>"--", IFERROR(VLOOKUP(A32,'0919門市清單主檔'!B:AH,32,FALSE),"")=勤務統計!$E$1, IFERROR(VLOOKUP(A32,勤務統計!A:S,19,FALSE),"")<>勤務統計!$E$1), 勤務統計!$E$1, ""), IF(AND(勤務統計!$F$1<>"--", IFERROR(VLOOKUP(A32,'0919門市清單主檔'!B:AH,33,FALSE),"")=勤務統計!$F$1, IFERROR(VLOOKUP(A32,勤務統計!A:U,21,FALSE),"")<>勤務統計!$F$1), 勤務統計!$F$1, ""), IF(AND(IFERROR(VLOOKUP(A32,'0919門市清單主檔'!B:AH,28,FALSE),"")="HUB", IFERROR(VLOOKUP(A32,勤務統計!A:W,23,FALSE),"")<>"HUB"), "HUB", "") ) & "未完工", "已完工" ) ) ) -> 未完工 | P32: =(TEXT(I32,"yyyymmdd"))&勤務統計!$V$2&A32&勤務統計!$V$2&B32&勤務統計!$S$2 -> PMQ1-4057-林口香澄店(定保) | Q32: {=IF(AND(SUMPRODUCT((IM!$F$2:$F$5000=A32)*(ISNUMBER(SEARCH(勤務統計!$D$1, IM!$AC$2:$AC$5000))))>0), 勤務統計!$D$1, "")} | R32: {=IFERROR(INDEX(IM!$AM$2:$AM$5000, MATCH(1, (IM!$F$2:$F$5000=A32) * (ISNUMBER(SEARCH(勤務統計!$D$1, IM!$AC$2:$AC$5000))), 0)), "")} | S32: {=IF(AND(SUMPRODUCT((IM!$F$2:$F$5000=A32)*(ISNUMBER(SEARCH(勤務統計!$E$1, IM!$AC$2:$AC$5000))))>0), 勤務統計!$E$1, "")} -> +L90 | T32: {=IFERROR(INDEX(IM!$AM$2:$AM$5000, MATCH(1, (IM!$F$2:$F$5000=A32) * (ISNUMBER(SEARCH(勤務統計!$E$1, IM!$AC$2:$AC$5000))), 0)), "")} -> 45992 | U32: {=IF(AND(SUMPRODUCT((IM!$F$2:$F$5000=A32)*(ISNUMBER(SEARCH(勤務統計!$F$1, IM!$AC$2:$AC$5000))))>0), 勤務統計!$F$1, "")} -> +721 | V32: {=IFERROR(INDEX(IM!$AM$2:$AM$5000, MATCH(1, (IM!$F$2:$F$5000=A32) * (ISNUMBER(SEARCH(勤務統計!$F$1, IM!$AC$2:$AC$5000))), 0)), "")} -> 46030 | W32: =IF(VLOOKUP(A32,'0919門市清單主檔'!B:AC,28,FALSE)=0,"",VLOOKUP(A32,'0919門市清單主檔'!B:AC,28,FALSE))
A33: L519 | B33: =VLOOKUP(A33,'0919門市清單主檔'!B:C,2,FALSE) -> 車麗屋林口店 | C33: =VLOOKUP($A33,'0919門市清單主檔'!B:V,20,FALSE) -> 新北市 | D33: =VLOOKUP($A33,'0919門市清單主檔'!B:V,21,FALSE) -> 林口區 | E33: =VLOOKUP(D33,門市狀態!G:H,2,FALSE) -> 吳宗鴻 | F33: =IFERROR(IF(VLOOKUP(A33,門市狀態!A:D,4,FALSE)=0,"",VLOOKUP(A33,門市狀態!A:D,4,FALSE)),"") | G33: 萊到店 WebPOS | H33: =IF(I33>0,(TEXT(I33,"yyyymmdd")&勤務統計!$V$2&A33&勤務統計!$V$2&B33&勤務統計!$S$2),"") -> PMQ1-L519-車麗屋林口店(定保) | I33: {=IF(AND(SUMPRODUCT((IM!$F$2:$F$5000=A33)*(ISNUMBER(SEARCH(勤務統計!$C$1, IM!$AC$2:$AC$5000))))>0), 勤務統計!$C$1, "")} -> PMQ1 | J33: {=IFERROR(INDEX(IM!$AM$2:$AM$5000, MATCH(1, (IM!$F$2:$F$5000=A33) * (ISNUMBER(SEARCH(勤務統計!$C$1, IM!$AC$2:$AC$5000))), 0)), "")} -> 46030 | K33: {=SUMPRODUCT((IM!$F$2:$F$5000=A33)*(IM!$AD$2:$AD$5000="O")*(ISNUMBER(SEARCH(勤務統計!$C$1, IM!$AC$2:$AC$5000))))} -> 1 | L33: {=IF(K33>0,IFERROR(HYPERLINK("#'IM'!AC"&MATCH(1,(IM!$F$1:$F$5000=A33)*(ISNUMBER(SEARCH(勤務統計!$C$1,IM!$AC$1:$AC$5000))),0),"檢核"),"未登錄"),"")} -> 檢核 | M33: =Q33&S33&U33 | N33: {=IF(AND( SUMPRODUCT( (IM!$F$2:$F$522=A33) * ISNUMBER(SEARCH("*HUB*", IM!$AC$2:$AC$522)) * (IM!$X$2:$X$522>=勤務統計!$A$1) * (IM!$X$2:$X$522<=勤務統計!$B$1)*(W33="HUB") ) > 0 ), "HUB", "")} | O33: =IF( IFERROR(VLOOKUP(A33,勤務統計!A:I,9,FALSE),"")<>勤務統計!$C$1, "未完工", IF( AND(勤務統計!$D$1="--",勤務統計!$E$1="--",勤務統計!$F$1="--"), "已完工", IF( OR( AND(勤務統計!$D$1<>"--", IFERROR(VLOOKUP(A33,'0919門市清單主檔'!B:AH,31,FALSE),"")=勤務統計!$D$1, IFERROR(VLOOKUP(A33,勤務統計!A:Q,17,FALSE),"")<>勤務統計!$D$1), AND(勤務統計!$E$1<>"--", IFERROR(VLOOKUP(A33,'0919門市清單主檔'!B:AH,32,FALSE),"")=勤務統計!$E$1, IFERROR(VLOOKUP(A33,勤務統計!A:S,19,FALSE),"")<>勤務統計!$E$1), AND(勤務統計!$F$1<>"--", IFERROR(VLOOKUP(A33,'0919門市清單主檔'!B:AH,33,FALSE),"")=勤務統計!$F$1, IFERROR(VLOOKUP(A33,勤務統計!A:U,21,FALSE),"")<>勤務統計!$F$1), AND(IFERROR(VLOOKUP(A33,'0919門市清單主檔'!B:AH,28,FALSE),"")="HUB", IFERROR(VLOOKUP(A33,勤務統計!A:W,23,FALSE),"")<>"HUB") ), _xlfn.TEXTJOIN( "，", TRUE, IF(AND(勤務統計!$D$1<>"--", IFERROR(VLOOKUP(A33,'0919門市清單主檔'!B:AH,31,FALSE),"")=勤務統計!$D$1, IFERROR(VLOOKUP(A33,勤務統計!A:Q,17,FALSE),"")<>勤務統計!$D$1), 勤務統計!$D$1, ""), IF(AND(勤務統計!$E$1<>"--", IFERROR(VLOOKUP(A33,'0919門市清單主檔'!B:AH,32,FALSE),"")=勤務統計!$E$1, IFERROR(VLOOKUP(A33,勤務統計!A:S,19,FALSE),"")<>勤務統計!$E$1), 勤務統計!$E$1, ""), IF(AND(勤務統計!$F$1<>"--", IFERROR(VLOOKUP(A33,'0919門市清單主檔'!B:AH,33,FALSE),"")=勤務統計!$F$1, IFERROR(VLOOKUP(A33,勤務統計!A:U,21,FALSE),"")<>勤務統計!$F$1), 勤務統計!$F$1, ""), IF(AND(IFERROR(VLOOKUP(A33,'0919門市清單主檔'!B:AH,28,FALSE),"")="HUB", IFERROR(VLOOKUP(A33,勤務統計!A:W,23,FALSE),"")<>"HUB"), "HUB", "") ) & "未完工", "已完工" ) ) ) -> 未完工 | P33: =(TEXT(I33,"yyyymmdd"))&勤務統計!$V$2&A33&勤務統計!$V$2&B33&勤務統計!$S$2 -> PMQ1-L519-車麗屋林口店(定保) | Q33: {=IF(AND(SUMPRODUCT((IM!$F$2:$F$5000=A33)*(ISNUMBER(SEARCH(勤務統計!$D$1, IM!$AC$2:$AC$5000))))>0), 勤務統計!$D$1, "")} | R33: {=IFERROR(INDEX(IM!$AM$2:$AM$5000, MATCH(1, (IM!$F$2:$F$5000=A33) * (ISNUMBER(SEARCH(勤務統計!$D$1, IM!$AC$2:$AC$5000))), 0)), "")} | S33: {=IF(AND(SUMPRODUCT((IM!$F$2:$F$5000=A33)*(ISNUMBER(SEARCH(勤務統計!$E$1, IM!$AC$2:$AC$5000))))>0), 勤務統計!$E$1, "")} | T33: {=IFERROR(INDEX(IM!$AM$2:$AM$5000, MATCH(1, (IM!$F$2:$F$5000=A33) * (ISNUMBER(SEARCH(勤務統計!$E$1, IM!$AC$2:$AC$5000))), 0)), "")} | U33: {=IF(AND(SUMPRODUCT((IM!$F$2:$F$5000=A33)*(ISNUMBER(SEARCH(勤務統計!$F$1, IM!$AC$2:$AC$5000))))>0), 勤務統計!$F$1, "")} | V33: {=IFERROR(INDEX(IM!$AM$2:$AM$5000, MATCH(1, (IM!$F$2:$F$5000=A33) * (ISNUMBER(SEARCH(勤務統計!$F$1, IM!$AC$2:$AC$5000))), 0)), "")} | W33: =IF(VLOOKUP(A33,'0919門市清單主檔'!B:AC,28,FALSE)=0,"",VLOOKUP(A33,'0919門市清單主檔'!B:AC,28,FALSE))
A34: 4326 | B34: =VLOOKUP(A34,'0919門市清單主檔'!B:C,2,FALSE) -> 林口建安店 | C34: =VLOOKUP($A34,'0919門市清單主檔'!B:V,20,FALSE) -> 新北市 | D34: =VLOOKUP($A34,'0919門市清單主檔'!B:V,21,FALSE) -> 林口區 | E34: =VLOOKUP(D34,門市狀態!G:H,2,FALSE) -> 吳宗鴻 | F34: =IFERROR(IF(VLOOKUP(A34,門市狀態!A:D,4,FALSE)=0,"",VLOOKUP(A34,門市狀態!A:D,4,FALSE)),"") | H34: =IF(I34>0,(TEXT(I34,"yyyymmdd")&勤務統計!$V$2&A34&勤務統計!$V$2&B34&勤務統計!$S$2),"") -> PMQ1-4326-林口建安店(定保) | I34: {=IF(AND(SUMPRODUCT((IM!$F$2:$F$5000=A34)*(ISNUMBER(SEARCH(勤務統計!$C$1, IM!$AC$2:$AC$5000))))>0), 勤務統計!$C$1, "")} -> PMQ1 | J34: {=IFERROR(INDEX(IM!$AM$2:$AM$5000, MATCH(1, (IM!$F$2:$F$5000=A34) * (ISNUMBER(SEARCH(勤務統計!$C$1, IM!$AC$2:$AC$5000))), 0)), "")} -> 46030 | K34: {=SUMPRODUCT((IM!$F$2:$F$5000=A34)*(IM!$AD$2:$AD$5000="O")*(ISNUMBER(SEARCH(勤務統計!$C$1, IM!$AC$2:$AC$5000))))} -> 1 | L34: {=IF(K34>0,IFERROR(HYPERLINK("#'IM'!AC"&MATCH(1,(IM!$F$1:$F$5000=A34)*(ISNUMBER(SEARCH(勤務統計!$C$1,IM!$AC$1:$AC$5000))),0),"檢核"),"未登錄"),"")} -> 檢核 | M34: =Q34&S34&U34 -> +L90+721 | N34: {=IF(AND( SUMPRODUCT( (IM!$F$2:$F$522=A34) * ISNUMBER(SEARCH("*HUB*", IM!$AC$2:$AC$522)) * (IM!$X$2:$X$522>=勤務統計!$A$1) * (IM!$X$2:$X$522<=勤務統計!$B$1)*(W34="HUB") ) > 0 ), "HUB", "")} | O34: =IF( IFERROR(VLOOKUP(A34,勤務統計!A:I,9,FALSE),"")<>勤務統計!$C$1, "未完工", IF( AND(勤務統計!$D$1="--",勤務統計!$E$1="--",勤務統計!$F$1="--"), "已完工", IF( OR( AND(勤務統計!$D$1<>"--", IFERROR(VLOOKUP(A34,'0919門市清單主檔'!B:AH,31,FALSE),"")=勤務統計!$D$1, IFERROR(VLOOKUP(A34,勤務統計!A:Q,17,FALSE),"")<>勤務統計!$D$1), AND(勤務統計!$E$1<>"--", IFERROR(VLOOKUP(A34,'0919門市清單主檔'!B:AH,32,FALSE),"")=勤務統計!$E$1, IFERROR(VLOOKUP(A34,勤務統計!A:S,19,FALSE),"")<>勤務統計!$E$1), AND(勤務統計!$F$1<>"--", IFERROR(VLOOKUP(A34,'0919門市清單主檔'!B:AH,33,FALSE),"")=勤務統計!$F$1, IFERROR(VLOOKUP(A34,勤務統計!A:U,21,FALSE),"")<>勤務統計!$F$1), AND(IFERROR(VLOOKUP(A34,'0919門市清單主檔'!B:AH,28,FALSE),"")="HUB", IFERROR(VLOOKUP(A34,勤務統計!A:W,23,FALSE),"")<>"HUB") ), _xlfn.TEXTJOIN( "，", TRUE, IF(AND(勤務統計!$D$1<>"--", IFERROR(VLOOKUP(A34,'0919門市清單主檔'!B:AH,31,FALSE),"")=勤務統計!$D$1, IFERROR(VLOOKUP(A34,勤務統計!A:Q,17,FALSE),"")<>勤務統計!$D$1), 勤務統計!$D$1, ""), IF(AND(勤務統計!$E$1<>"--", IFERROR(VLOOKUP(A34,'0919門市清單主檔'!B:AH,32,FALSE),"")=勤務統計!$E$1, IFERROR(VLOOKUP(A34,勤務統計!A:S,19,FALSE),"")<>勤務統計!$E$1), 勤務統計!$E$1, ""), IF(AND(勤務統計!$F$1<>"--", IFERROR(VLOOKUP(A34,'0919門市清單主檔'!B:AH,33,FALSE),"")=勤務統計!$F$1, IFERROR(VLOOKUP(A34,勤務統計!A:U,21,FALSE),"")<>勤務統計!$F$1), 勤務統計!$F$1, ""), IF(AND(IFERROR(VLOOKUP(A34,'0919門市清單主檔'!B:AH,28,FALSE),"")="HUB", IFERROR(VLOOKUP(A34,勤務統計!A:W,23,FALSE),"")<>"HUB"), "HUB", "") ) & "未完工", "已完工" ) ) ) -> 未完工 | P34: =(TEXT(I34,"yyyymmdd"))&勤務統計!$V$2&A34&勤務統計!$V$2&B34&勤務統計!$S$2 -> PMQ1-4326-林口建安店(定保) | Q34: {=IF(AND(SUMPRODUCT((IM!$F$2:$F$5000=A34)*(ISNUMBER(SEARCH(勤務統計!$D$1, IM!$AC$2:$AC$5000))))>0), 勤務統計!$D$1, "")} | R34: {=IFERROR(INDEX(IM!$AM$2:$AM$5000, MATCH(1, (IM!$F$2:$F$5000=A34) * (ISNUMBER(SEARCH(勤務統計!$D$1, IM!$AC$2:$AC$5000))), 0)), "")} | S34: {=IF(AND(SUMPRODUCT((IM!$F$2:$F$5000=A34)*(ISNUMBER(SEARCH(勤務統計!$E$1, IM!$AC$2:$AC$5000))))>0), 勤務統計!$E$1, "")} -> +L90 | T34: {=IFERROR(INDEX(IM!$AM$2:$AM$5000, MATCH(1, (IM!$F$2:$F$5000=A34) * (ISNUMBER(SEARCH(勤務統計!$E$1, IM!$AC$2:$AC$5000))), 0)), "")} -> 45992 | U34: {=IF(AND(SUMPRODUCT((IM!$F$2:$F$5000=A34)*(ISNUMBER(SEARCH(勤務統計!$F$1, IM!$AC$2:$AC$5000))))>0), 勤務統計!$F$1, "")} -> +721 | V34: {=IFERROR(INDEX(IM!$AM$2:$AM$5000, MATCH(1, (IM!$F$2:$F$5000=A34) * (ISNUMBER(SEARCH(勤務統計!$F$1, IM!$AC$2:$AC$5000))), 0)), "")} -> 46030 | W34: =IF(VLOOKUP(A34,'0919門市清單主檔'!B:AC,28,FALSE)=0,"",VLOOKUP(A34,'0919門市清單主檔'!B:AC,28,FALSE))
A35: 4834 | B35: =VLOOKUP(A35,'0919門市清單主檔'!B:C,2,FALSE) -> 林口大千苑店 | C35: =VLOOKUP($A35,'0919門市清單主檔'!B:V,20,FALSE) -> 新北市 | D35: =VLOOKUP($A35,'0919門市清單主檔'!B:V,21,FALSE) -> 林口區 | E35: =VLOOKUP(D35,門市狀態!G:H,2,FALSE) -> 吳宗鴻 | F35: =IFERROR(IF(VLOOKUP(A35,門市狀態!A:D,4,FALSE)=0,"",VLOOKUP(A35,門市狀態!A:D,4,FALSE)),"") | H35: =IF(I35>0,(TEXT(I35,"yyyymmdd")&勤務統計!$V$2&A35&勤務統計!$V$2&B35&勤務統計!$S$2),"") -> PMQ1-4834-林口大千苑店(定保) | I35: {=IF(AND(SUMPRODUCT((IM!$F$2:$F$5000=A35)*(ISNUMBER(SEARCH(勤務統計!$C$1, IM!$AC$2:$AC$5000))))>0), 勤務統計!$C$1, "")} -> PMQ1 | J35: {=IFERROR(INDEX(IM!$AM$2:$AM$5000, MATCH(1, (IM!$F$2:$F$5000=A35) * (ISNUMBER(SEARCH(勤務統計!$C$1, IM!$AC$2:$AC$5000))), 0)), "")} -> 46030 | K35: {=SUMPRODUCT((IM!$F$2:$F$5000=A35)*(IM!$AD$2:$AD$5000="O")*(ISNUMBER(SEARCH(勤務統計!$C$1, IM!$AC$2:$AC$5000))))} -> 1 | L35: {=IF(K35>0,IFERROR(HYPERLINK("#'IM'!AC"&MATCH(1,(IM!$F$1:$F$5000=A35)*(ISNUMBER(SEARCH(勤務統計!$C$1,IM!$AC$1:$AC$5000))),0),"檢核"),"未登錄"),"")} -> 檢核 | M35: =Q35&S35&U35 -> +L90+721 | N35: {=IF(AND( SUMPRODUCT( (IM!$F$2:$F$522=A35) * ISNUMBER(SEARCH("*HUB*", IM!$AC$2:$AC$522)) * (IM!$X$2:$X$522>=勤務統計!$A$1) * (IM!$X$2:$X$522<=勤務統計!$B$1)*(W35="HUB") ) > 0 ), "HUB", "")} | O35: =IF( IFERROR(VLOOKUP(A35,勤務統計!A:I,9,FALSE),"")<>勤務統計!$C$1, "未完工", IF( AND(勤務統計!$D$1="--",勤務統計!$E$1="--",勤務統計!$F$1="--"), "已完工", IF( OR( AND(勤務統計!$D$1<>"--", IFERROR(VLOOKUP(A35,'0919門市清單主檔'!B:AH,31,FALSE),"")=勤務統計!$D$1, IFERROR(VLOOKUP(A35,勤務統計!A:Q,17,FALSE),"")<>勤務統計!$D$1), AND(勤務統計!$E$1<>"--", IFERROR(VLOOKUP(A35,'0919門市清單主檔'!B:AH,32,FALSE),"")=勤務統計!$E$1, IFERROR(VLOOKUP(A35,勤務統計!A:S,19,FALSE),"")<>勤務統計!$E$1), AND(勤務統計!$F$1<>"--", IFERROR(VLOOKUP(A35,'0919門市清單主檔'!B:AH,33,FALSE),"")=勤務統計!$F$1, IFERROR(VLOOKUP(A35,勤務統計!A:U,21,FALSE),"")<>勤務統計!$F$1), AND(IFERROR(VLOOKUP(A35,'0919門市清單主檔'!B:AH,28,FALSE),"")="HUB", IFERROR(VLOOKUP(A35,勤務統計!A:W,23,FALSE),"")<>"HUB") ), _xlfn.TEXTJOIN( "，", TRUE, IF(AND(勤務統計!$D$1<>"--", IFERROR(VLOOKUP(A35,'0919門市清單主檔'!B:AH,31,FALSE),"")=勤務統計!$D$1, IFERROR(VLOOKUP(A35,勤務統計!A:Q,17,FALSE),"")<>勤務統計!$D$1), 勤務統計!$D$1, ""), IF(AND(勤務統計!$E$1<>"--", IFERROR(VLOOKUP(A35,'0919門市清單主檔'!B:AH,32,FALSE),"")=勤務統計!$E$1, IFERROR(VLOOKUP(A35,勤務統計!A:S,19,FALSE),"")<>勤務統計!$E$1), 勤務統計!$E$1, ""), IF(AND(勤務統計!$F$1<>"--", IFERROR(VLOOKUP(A35,'0919門市清單主檔'!B:AH,33,FALSE),"")=勤務統計!$F$1, IFERROR(VLOOKUP(A35,勤務統計!A:U,21,FALSE),"")<>勤務統計!$F$1), 勤務統計!$F$1, ""), IF(AND(IFERROR(VLOOKUP(A35,'0919門市清單主檔'!B:AH,28,FALSE),"")="HUB", IFERROR(VLOOKUP(A35,勤務統計!A:W,23,FALSE),"")<>"HUB"), "HUB", "") ) & "未完工", "已完工" ) ) ) -> 未完工 | P35: =(TEXT(I35,"yyyymmdd"))&勤務統計!$V$2&A35&勤務統計!$V$2&B35&勤務統計!$S$2 -> PMQ1-4834-林口大千苑店(定保) | Q35: {=IF(AND(SUMPRODUCT((IM!$F$2:$F$5000=A35)*(ISNUMBER(SEARCH(勤務統計!$D$1, IM!$AC$2:$AC$5000))))>0), 勤務統計!$D$1, "")} | R35: {=IFERROR(INDEX(IM!$AM$2:$AM$5000, MATCH(1, (IM!$F$2:$F$5000=A35) * (ISNUMBER(SEARCH(勤務統計!$D$1, IM!$AC$2:$AC$5000))), 0)), "")} | S35: {=IF(AND(SUMPRODUCT((IM!$F$2:$F$5000=A35)*(ISNUMBER(SEARCH(勤務統計!$E$1, IM!$AC$2:$AC$5000))))>0), 勤務統計!$E$1, "")} -> +L90 | T35: {=IFERROR(INDEX(IM!$AM$2:$AM$5000, MATCH(1, (IM!$F$2:$F$5000=A35) * (ISNUMBER(SEARCH(勤務統計!$E$1, IM!$AC$2:$AC$5000))), 0)), "")} -> 45992 | U35: {=IF(AND(SUMPRODUCT((IM!$F$2:$F$5000=A35)*(ISNUMBER(SEARCH(勤務統計!$F$1, IM!$AC$2:$AC$5000))))>0), 勤務統計!$F$1, "")} -> +721 | V35: {=IFERROR(INDEX(IM!$AM$2:$AM$5000, MATCH(1, (IM!$F$2:$F$5000=A35) * (ISNUMBER(SEARCH(勤務統計!$F$1, IM!$AC$2:$AC$5000))), 0)), "")} -> 46030 | W35: =IF(VLOOKUP(A35,'0919門市清單主檔'!B:AC,28,FALSE)=0,"",VLOOKUP(A35,'0919門市清單主檔'!B:AC,28,FALSE))
A36: D111 | B36: =VLOOKUP(A36,'0919門市清單主檔'!B:C,2,FALSE) -> 北縣府中店 | C36: =VLOOKUP($A36,'0919門市清單主檔'!B:V,20,FALSE) -> 新北市 | D36: =VLOOKUP($A36,'0919門市清單主檔'!B:V,21,FALSE) -> 板橋區 | E36: =VLOOKUP(D36,門市狀態!G:H,2,FALSE) -> 狄澤洋 | F36: =IFERROR(IF(VLOOKUP(A36,門市狀態!A:D,4,FALSE)=0,"",VLOOKUP(A36,門市狀態!A:D,4,FALSE)),"") | H36: =IF(I36>0,(TEXT(I36,"yyyymmdd")&勤務統計!$V$2&A36&勤務統計!$V$2&B36&勤務統計!$S$2),"") -> PMQ1-D111-北縣府中店(定保) | I36: {=IF(AND(SUMPRODUCT((IM!$F$2:$F$5000=A36)*(ISNUMBER(SEARCH(勤務統計!$C$1, IM!$AC$2:$AC$5000))))>0), 勤務統計!$C$1, "")} -> PMQ1 | J36: {=IFERROR(INDEX(IM!$AM$2:$AM$5000, MATCH(1, (IM!$F$2:$F$5000=A36) * (ISNUMBER(SEARCH(勤務統計!$C$1, IM!$AC$2:$AC$5000))), 0)), "")} -> 46030 | K36: {=SUMPRODUCT((IM!$F$2:$F$5000=A36)*(IM!$AD$2:$AD$5000="O")*(ISNUMBER(SEARCH(勤務統計!$C$1, IM!$AC$2:$AC$5000))))} -> 1 | L36: {=IF(K36>0,IFERROR(HYPERLINK("#'IM'!AC"&MATCH(1,(IM!$F$1:$F$5000=A36)*(ISNUMBER(SEARCH(勤務統計!$C$1,IM!$AC$1:$AC$5000))),0),"檢核"),"未登錄"),"")} -> 檢核 | M36: =Q36&S36&U36 -> +721 | N36: {=IF(AND( SUMPRODUCT( (IM!$F$2:$F$522=A36) * ISNUMBER(SEARCH("*HUB*", IM!$AC$2:$AC$522)) * (IM!$X$2:$X$522>=勤務統計!$A$1) * (IM!$X$2:$X$522<=勤務統計!$B$1)*(W36="HUB") ) > 0 ), "HUB", "")} | O36: =IF( IFERROR(VLOOKUP(A36,勤務統計!A:I,9,FALSE),"")<>勤務統計!$C$1, "未完工", IF( AND(勤務統計!$D$1="--",勤務統計!$E$1="--",勤務統計!$F$1="--"), "已完工", IF( OR( AND(勤務統計!$D$1<>"--", IFERROR(VLOOKUP(A36,'0919門市清單主檔'!B:AH,31,FALSE),"")=勤務統計!$D$1, IFERROR(VLOOKUP(A36,勤務統計!A:Q,17,FALSE),"")<>勤務統計!$D$1), AND(勤務統計!$E$1<>"--", IFERROR(VLOOKUP(A36,'0919門市清單主檔'!B:AH,32,FALSE),"")=勤務統計!$E$1, IFERROR(VLOOKUP(A36,勤務統計!A:S,19,FALSE),"")<>勤務統計!$E$1), AND(勤務統計!$F$1<>"--", IFERROR(VLOOKUP(A36,'0919門市清單主檔'!B:AH,33,FALSE),"")=勤務統計!$F$1, IFERROR(VLOOKUP(A36,勤務統計!A:U,21,FALSE),"")<>勤務統計!$F$1), AND(IFERROR(VLOOKUP(A36,'0919門市清單主檔'!B:AH,28,FALSE),"")="HUB", IFERROR(VLOOKUP(A36,勤務統計!A:W,23,FALSE),"")<>"HUB") ), _xlfn.TEXTJOIN( "，", TRUE, IF(AND(勤務統計!$D$1<>"--", IFERROR(VLOOKUP(A36,'0919門市清單主檔'!B:AH,31,FALSE),"")=勤務統計!$D$1, IFERROR(VLOOKUP(A36,勤務統計!A:Q,17,FALSE),"")<>勤務統計!$D$1), 勤務統計!$D$1, ""), IF(AND(勤務統計!$E$1<>"--", IFERROR(VLOOKUP(A36,'0919門市清單主檔'!B:AH,32,FALSE),"")=勤務統計!$E$1, IFERROR(VLOOKUP(A36,勤務統計!A:S,19,FALSE),"")<>勤務統計!$E$1), 勤務統計!$E$1, ""), IF(AND(勤務統計!$F$1<>"--", IFERROR(VLOOKUP(A36,'0919門市清單主檔'!B:AH,33,FALSE),"")=勤務統計!$F$1, IFERROR(VLOOKUP(A36,勤務統計!A:U,21,FALSE),"")<>勤務統計!$F$1), 勤務統計!$F$1, ""), IF(AND(IFERROR(VLOOKUP(A36,'0919門市清單主檔'!B:AH,28,FALSE),"")="HUB", IFERROR(VLOOKUP(A36,勤務統計!A:W,23,FALSE),"")<>"HUB"), "HUB", "") ) & "未完工", "已完工" ) ) ) -> 未完工 | P36: =(TEXT(I36,"yyyymmdd"))&勤務統計!$V$2&A36&勤務統計!$V$2&B36&勤務統計!$S$2 -> PMQ1-D111-北縣府中店(定保) | Q36: {=IF(AND(SUMPRODUCT((IM!$F$2:$F$5000=A36)*(ISNUMBER(SEARCH(勤務統計!$D$1, IM!$AC$2:$AC$5000))))>0), 勤務統計!$D$1, "")} | R36: {=IFERROR(INDEX(IM!$AM$2:$AM$5000, MATCH(1, (IM!$F$2:$F$5000=A36) * (ISNUMBER(SEARCH(勤務統計!$D$1, IM!$AC$2:$AC$5000))), 0)), "")} | S36: {=IF(AND(SUMPRODUCT((IM!$F$2:$F$5000=A36)*(ISNUMBER(SEARCH(勤務統計!$E$1, IM!$AC$2:$AC$5000))))>0), 勤務統計!$E$1, "")} | T36: {=IFERROR(INDEX(IM!$AM$2:$AM$5000, MATCH(1, (IM!$F$2:$F$5000=A36) * (ISNUMBER(SEARCH(勤務統計!$E$1, IM!$AC$2:$AC$5000))), 0)), "")} | U36: {=IF(AND(SUMPRODUCT((IM!$F$2:$F$5000=A36)*(ISNUMBER(SEARCH(勤務統計!$F$1, IM!$AC$2:$AC$5000))))>0), 勤務統計!$F$1, "")} -> +721 | V36: {=IFERROR(INDEX(IM!$AM$2:$AM$5000, MATCH(1, (IM!$F$2:$F$5000=A36) * (ISNUMBER(SEARCH(勤務統計!$F$1, IM!$AC$2:$AC$5000))), 0)), "")} -> 46030 | W36: =IF(VLOOKUP(A36,'0919門市清單主檔'!B:AC,28,FALSE)=0,"",VLOOKUP(A36,'0919門市清單主檔'!B:AC,28,FALSE))
A37: 5451 | B37: =VLOOKUP(A37,'0919門市清單主檔'!B:C,2,FALSE) -> 板橋懷仁店 | C37: =VLOOKUP($A37,'0919門市清單主檔'!B:V,20,FALSE) -> 新北市 | D37: =VLOOKUP($A37,'0919門市清單主檔'!B:V,21,FALSE) -> 板橋區 | E37: =VLOOKUP(D37,門市狀態!G:H,2,FALSE) -> 狄澤洋 | F37: =IFERROR(IF(VLOOKUP(A37,門市狀態!A:D,4,FALSE)=0,"",VLOOKUP(A37,門市狀態!A:D,4,FALSE)),"") | H37: =IF(I37>0,(TEXT(I37,"yyyymmdd")&勤務統計!$V$2&A37&勤務統計!$V$2&B37&勤務統計!$S$2),"") -> PMQ1-5451-板橋懷仁店(定保) | I37: {=IF(AND(SUMPRODUCT((IM!$F$2:$F$5000=A37)*(ISNUMBER(SEARCH(勤務統計!$C$1, IM!$AC$2:$AC$5000))))>0), 勤務統計!$C$1, "")} -> PMQ1 | J37: {=IFERROR(INDEX(IM!$AM$2:$AM$5000, MATCH(1, (IM!$F$2:$F$5000=A37) * (ISNUMBER(SEARCH(勤務統計!$C$1, IM!$AC$2:$AC$5000))), 0)), "")} -> 46030 | K37: {=SUMPRODUCT((IM!$F$2:$F$5000=A37)*(IM!$AD$2:$AD$5000="O")*(ISNUMBER(SEARCH(勤務統計!$C$1, IM!$AC$2:$AC$5000))))} -> 1 | L37: {=IF(K37>0,IFERROR(HYPERLINK("#'IM'!AC"&MATCH(1,(IM!$F$1:$F$5000=A37)*(ISNUMBER(SEARCH(勤務統計!$C$1,IM!$AC$1:$AC$5000))),0),"檢核"),"未登錄"),"")} -> 檢核 | M37: =Q37&S37&U37 | N37: {=IF(AND( SUMPRODUCT( (IM!$F$2:$F$522=A37) * ISNUMBER(SEARCH("*HUB*", IM!$AC$2:$AC$522)) * (IM!$X$2:$X$522>=勤務統計!$A$1) * (IM!$X$2:$X$522<=勤務統計!$B$1)*(W37="HUB") ) > 0 ), "HUB", "")} | O37: =IF( IFERROR(VLOOKUP(A37,勤務統計!A:I,9,FALSE),"")<>勤務統計!$C$1, "未完工", IF( AND(勤務統計!$D$1="--",勤務統計!$E$1="--",勤務統計!$F$1="--"), "已完工", IF( OR( AND(勤務統計!$D$1<>"--", IFERROR(VLOOKUP(A37,'0919門市清單主檔'!B:AH,31,FALSE),"")=勤務統計!$D$1, IFERROR(VLOOKUP(A37,勤務統計!A:Q,17,FALSE),"")<>勤務統計!$D$1), AND(勤務統計!$E$1<>"--", IFERROR(VLOOKUP(A37,'0919門市清單主檔'!B:AH,32,FALSE),"")=勤務統計!$E$1, IFERROR(VLOOKUP(A37,勤務統計!A:S,19,FALSE),"")<>勤務統計!$E$1), AND(勤務統計!$F$1<>"--", IFERROR(VLOOKUP(A37,'0919門市清單主檔'!B:AH,33,FALSE),"")=勤務統計!$F$1, IFERROR(VLOOKUP(A37,勤務統計!A:U,21,FALSE),"")<>勤務統計!$F$1), AND(IFERROR(VLOOKUP(A37,'0919門市清單主檔'!B:AH,28,FALSE),"")="HUB", IFERROR(VLOOKUP(A37,勤務統計!A:W,23,FALSE),"")<>"HUB") ), _xlfn.TEXTJOIN( "，", TRUE, IF(AND(勤務統計!$D$1<>"--", IFERROR(VLOOKUP(A37,'0919門市清單主檔'!B:AH,31,FALSE),"")=勤務統計!$D$1, IFERROR(VLOOKUP(A37,勤務統計!A:Q,17,FALSE),"")<>勤務統計!$D$1), 勤務統計!$D$1, ""), IF(AND(勤務統計!$E$1<>"--", IFERROR(VLOOKUP(A37,'0919門市清單主檔'!B:AH,32,FALSE),"")=勤務統計!$E$1, IFERROR(VLOOKUP(A37,勤務統計!A:S,19,FALSE),"")<>勤務統計!$E$1), 勤務統計!$E$1, ""), IF(AND(勤務統計!$F$1<>"--", IFERROR(VLOOKUP(A37,'0919門市清單主檔'!B:AH,33,FALSE),"")=勤務統計!$F$1, IFERROR(VLOOKUP(A37,勤務統計!A:U,21,FALSE),"")<>勤務統計!$F$1), 勤務統計!$F$1, ""), IF(AND(IFERROR(VLOOKUP(A37,'0919門市清單主檔'!B:AH,28,FALSE),"")="HUB", IFERROR(VLOOKUP(A37,勤務統計!A:W,23,FALSE),"")<>"HUB"), "HUB", "") ) & "未完工", "已完工" ) ) ) -> 未完工 | P37: =(TEXT(I37,"yyyymmdd"))&勤務統計!$V$2&A37&勤務統計!$V$2&B37&勤務統計!$S$2 -> PMQ1-5451-板橋懷仁店(定保) | Q37: {=IF(AND(SUMPRODUCT((IM!$F$2:$F$5000=A37)*(ISNUMBER(SEARCH(勤務統計!$D$1, IM!$AC$2:$AC$5000))))>0), 勤務統計!$D$1, "")} | R37: {=IFERROR(INDEX(IM!$AM$2:$AM$5000, MATCH(1, (IM!$F$2:$F$5000=A37) * (ISNUMBER(SEARCH(勤務統計!$D$1, IM!$AC$2:$AC$5000))), 0)), "")} | S37: {=IF(AND(SUMPRODUCT((IM!$F$2:$F$5000=A37)*(ISNUMBER(SEARCH(勤務統計!$E$1, IM!$AC$2:$AC$5000))))>0), 勤務統計!$E$1, "")} | T37: {=IFERROR(INDEX(IM!$AM$2:$AM$5000, MATCH(1, (IM!$F$2:$F$5000=A37) * (ISNUMBER(SEARCH(勤務統計!$E$1, IM!$AC$2:$AC$5000))), 0)), "")} | U37: {=IF(AND(SUMPRODUCT((IM!$F$2:$F$5000=A37)*(ISNUMBER(SEARCH(勤務統計!$F$1, IM!$AC$2:$AC$5000))))>0), 勤務統計!$F$1, "")} | V37: {=IFERROR(INDEX(IM!$AM$2:$AM$5000, MATCH(1, (IM!$F$2:$F$5000=A37) * (ISNUMBER(SEARCH(勤務統計!$F$1, IM!$AC$2:$AC$5000))), 0)), "")} | W37: =IF(VLOOKUP(A37,'0919門市清單主檔'!B:AC,28,FALSE)=0,"",VLOOKUP(A37,'0919門市清單主檔'!B:AC,28,FALSE))
A38: L551 | B38: =VLOOKUP(A38,'0919門市清單主檔'!B:C,2,FALSE) -> 林口顧家店 | C38: =VLOOKUP($A38,'0919門市清單主檔'!B:V,20,FALSE) -> 新北市 | D38: =VLOOKUP($A38,'0919門市清單主檔'!B:V,21,FALSE) -> 林口區 | E38: =VLOOKUP(D38,門市狀態!G:H,2,FALSE) -> 吳宗鴻 | F38: =IFERROR(IF(VLOOKUP(A38,門市狀態!A:D,4,FALSE)=0,"",VLOOKUP(A38,門市狀態!A:D,4,FALSE)),"") | G38: 萊到店 WebPOS | H38: =IF(I38>0,(TEXT(I38,"yyyymmdd")&勤務統計!$V$2&A38&勤務統計!$V$2&B38&勤務統計!$S$2),"") -> PMQ1-L551-林口顧家店(定保) | I38: {=IF(AND(SUMPRODUCT((IM!$F$2:$F$5000=A38)*(ISNUMBER(SEARCH(勤務統計!$C$1, IM!$AC$2:$AC$5000))))>0), 勤務統計!$C$1, "")} -> PMQ1 | J38: {=IFERROR(INDEX(IM!$AM$2:$AM$5000, MATCH(1, (IM!$F$2:$F$5000=A38) * (ISNUMBER(SEARCH(勤務統計!$C$1, IM!$AC$2:$AC$5000))), 0)), "")} -> 46030 | K38: {=SUMPRODUCT((IM!$F$2:$F$5000=A38)*(IM!$AD$2:$AD$5000="O")*(ISNUMBER(SEARCH(勤務統計!$C$1, IM!$AC$2:$AC$5000))))} -> 1 | L38: {=IF(K38>0,IFERROR(HYPERLINK("#'IM'!AC"&MATCH(1,(IM!$F$1:$F$5000=A38)*(ISNUMBER(SEARCH(勤務統計!$C$1,IM!$AC$1:$AC$5000))),0),"檢核"),"未登錄"),"")} -> 檢核 | M38: =Q38&S38&U38 | N38: {=IF(AND( SUMPRODUCT( (IM!$F$2:$F$522=A38) * ISNUMBER(SEARCH("*HUB*", IM!$AC$2:$AC$522)) * (IM!$X$2:$X$522>=勤務統計!$A$1) * (IM!$X$2:$X$522<=勤務統計!$B$1)*(W38="HUB") ) > 0 ), "HUB", "")} | O38: =IF( IFERROR(VLOOKUP(A38,勤務統計!A:I,9,FALSE),"")<>勤務統計!$C$1, "未完工", IF( AND(勤務統計!$D$1="--",勤務統計!$E$1="--",勤務統計!$F$1="--"), "已完工", IF( OR( AND(勤務統計!$D$1<>"--", IFERROR(VLOOKUP(A38,'0919門市清單主檔'!B:AH,31,FALSE),"")=勤務統計!$D$1, IFERROR(VLOOKUP(A38,勤務統計!A:Q,17,FALSE),"")<>勤務統計!$D$1), AND(勤務統計!$E$1<>"--", IFERROR(VLOOKUP(A38,'0919門市清單主檔'!B:AH,32,FALSE),"")=勤務統計!$E$1, IFERROR(VLOOKUP(A38,勤務統計!A:S,19,FALSE),"")<>勤務統計!$E$1), AND(勤務統計!$F$1<>"--", IFERROR(VLOOKUP(A38,'0919門市清單主檔'!B:AH,33,FALSE),"")=勤務統計!$F$1, IFERROR(VLOOKUP(A38,勤務統計!A:U,21,FALSE),"")<>勤務統計!$F$1), AND(IFERROR(VLOOKUP(A38,'0919門市清單主檔'!B:AH,28,FALSE),"")="HUB", IFERROR(VLOOKUP(A38,勤務統計!A:W,23,FALSE),"")<>"HUB") ), _xlfn.TEXTJOIN( "，", TRUE, IF(AND(勤務統計!$D$1<>"--", IFERROR(VLOOKUP(A38,'0919門市清單主檔'!B:AH,31,FALSE),"")=勤務統計!$D$1, IFERROR(VLOOKUP(A38,勤務統計!A:Q,17,FALSE),"")<>勤務統計!$D$1), 勤務統計!$D$1, ""), IF(AND(勤務統計!$E$1<>"--", IFERROR(VLOOKUP(A38,'0919門市清單主檔'!B:AH,32,FALSE),"")=勤務統計!$E$1, IFERROR(VLOOKUP(A38,勤務統計!A:S,19,FALSE),"")<>勤務統計!$E$1), 勤務統計!$E$1, ""), IF(AND(勤務統計!$F$1<>"--", IFERROR(VLOOKUP(A38,'0919門市清單主檔'!B:AH,33,FALSE),"")=勤務統計!$F$1, IFERROR(VLOOKUP(A38,勤務統計!A:U,21,FALSE),"")<>勤務統計!$F$1), 勤務統計!$F$1, ""), IF(AND(IFERROR(VLOOKUP(A38,'0919門市清單主檔'!B:AH,28,FALSE),"")="HUB", IFERROR(VLOOKUP(A38,勤務統計!A:W,23,FALSE),"")<>"HUB"), "HUB", "") ) & "未完工", "已完工" ) ) ) -> 未完工 | P38: =(TEXT(I38,"yyyymmdd"))&勤務統計!$V$2&A38&勤務統計!$V$2&B38&勤務統計!$S$2 -> PMQ1-L551-林口顧家店(定保) | Q38: {=IF(AND(SUMPRODUCT((IM!$F$2:$F$5000=A38)*(ISNUMBER(SEARCH(勤務統計!$D$1, IM!$AC$2:$AC$5000))))>0), 勤務統計!$D$1, "")} | R38: {=IFERROR(INDEX(IM!$AM$2:$AM$5000, MATCH(1, (IM!$F$2:$F$5000=A38) * (ISNUMBER(SEARCH(勤務統計!$D$1, IM!$AC$2:$AC$5000))), 0)), "")} | S38: {=IF(AND(SUMPRODUCT((IM!$F$2:$F$5000=A38)*(ISNUMBER(SEARCH(勤務統計!$E$1, IM!$AC$2:$AC$5000))))>0), 勤務統計!$E$1, "")} | T38: {=IFERROR(INDEX(IM!$AM$2:$AM$5000, MATCH(1, (IM!$F$2:$F$5000=A38) * (ISNUMBER(SEARCH(勤務統計!$E$1, IM!$AC$2:$AC$5000))), 0)), "")} | U38: {=IF(AND(SUMPRODUCT((IM!$F$2:$F$5000=A38)*(ISNUMBER(SEARCH(勤務統計!$F$1, IM!$AC$2:$AC$5000))))>0), 勤務統計!$F$1, "")} | V38: {=IFERROR(INDEX(IM!$AM$2:$AM$5000, MATCH(1, (IM!$F$2:$F$5000=A38) * (ISNUMBER(SEARCH(勤務統計!$F$1, IM!$AC$2:$AC$5000))), 0)), "")} | W38: =IF(VLOOKUP(A38,'0919門市清單主檔'!B:AC,28,FALSE)=0,"",VLOOKUP(A38,'0919門市清單主檔'!B:AC,28,FALSE))
A39: 4538 | B39: =VLOOKUP(A39,'0919門市清單主檔'!B:C,2,FALSE) -> 林口童樂店 | C39: =VLOOKUP($A39,'0919門市清單主檔'!B:V,20,FALSE) -> 新北市 | D39: =VLOOKUP($A39,'0919門市清單主檔'!B:V,21,FALSE) -> 林口區 | E39: =VLOOKUP(D39,門市狀態!G:H,2,FALSE) -> 吳宗鴻 | F39: =IFERROR(IF(VLOOKUP(A39,門市狀態!A:D,4,FALSE)=0,"",VLOOKUP(A39,門市狀態!A:D,4,FALSE)),"") | H39: =IF(I39>0,(TEXT(I39,"yyyymmdd")&勤務統計!$V$2&A39&勤務統計!$V$2&B39&勤務統計!$S$2),"") -> PMQ1-4538-林口童樂店(定保) | I39: {=IF(AND(SUMPRODUCT((IM!$F$2:$F$5000=A39)*(ISNUMBER(SEARCH(勤務統計!$C$1, IM!$AC$2:$AC$5000))))>0), 勤務統計!$C$1, "")} -> PMQ1 | J39: {=IFERROR(INDEX(IM!$AM$2:$AM$5000, MATCH(1, (IM!$F$2:$F$5000=A39) * (ISNUMBER(SEARCH(勤務統計!$C$1, IM!$AC$2:$AC$5000))), 0)), "")} -> 46030 | K39: {=SUMPRODUCT((IM!$F$2:$F$5000=A39)*(IM!$AD$2:$AD$5000="O")*(ISNUMBER(SEARCH(勤務統計!$C$1, IM!$AC$2:$AC$5000))))} -> 1 | L39: {=IF(K39>0,IFERROR(HYPERLINK("#'IM'!AC"&MATCH(1,(IM!$F$1:$F$5000=A39)*(ISNUMBER(SEARCH(勤務統計!$C$1,IM!$AC$1:$AC$5000))),0),"檢核"),"未登錄"),"")} -> 檢核 | M39: =Q39&S39&U39 -> +L90+721 | N39: {=IF(AND( SUMPRODUCT( (IM!$F$2:$F$522=A39) * ISNUMBER(SEARCH("*HUB*", IM!$AC$2:$AC$522)) * (IM!$X$2:$X$522>=勤務統計!$A$1) * (IM!$X$2:$X$522<=勤務統計!$B$1)*(W39="HUB") ) > 0 ), "HUB", "")} | O39: =IF( IFERROR(VLOOKUP(A39,勤務統計!A:I,9,FALSE),"")<>勤務統計!$C$1, "未完工", IF( AND(勤務統計!$D$1="--",勤務統計!$E$1="--",勤務統計!$F$1="--"), "已完工", IF( OR( AND(勤務統計!$D$1<>"--", IFERROR(VLOOKUP(A39,'0919門市清單主檔'!B:AH,31,FALSE),"")=勤務統計!$D$1, IFERROR(VLOOKUP(A39,勤務統計!A:Q,17,FALSE),"")<>勤務統計!$D$1), AND(勤務統計!$E$1<>"--", IFERROR(VLOOKUP(A39,'0919門市清單主檔'!B:AH,32,FALSE),"")=勤務統計!$E$1, IFERROR(VLOOKUP(A39,勤務統計!A:S,19,FALSE),"")<>勤務統計!$E$1), AND(勤務統計!$F$1<>"--", IFERROR(VLOOKUP(A39,'0919門市清單主檔'!B:AH,33,FALSE),"")=勤務統計!$F$1, IFERROR(VLOOKUP(A39,勤務統計!A:U,21,FALSE),"")<>勤務統計!$F$1), AND(IFERROR(VLOOKUP(A39,'0919門市清單主檔'!B:AH,28,FALSE),"")="HUB", IFERROR(VLOOKUP(A39,勤務統計!A:W,23,FALSE),"")<>"HUB") ), _xlfn.TEXTJOIN( "，", TRUE, IF(AND(勤務統計!$D$1<>"--", IFERROR(VLOOKUP(A39,'0919門市清單主檔'!B:AH,31,FALSE),"")=勤務統計!$D$1, IFERROR(VLOOKUP(A39,勤務統計!A:Q,17,FALSE),"")<>勤務統計!$D$1), 勤務統計!$D$1, ""), IF(AND(勤務統計!$E$1<>"--", IFERROR(VLOOKUP(A39,'0919門市清單主檔'!B:AH,32,FALSE),"")=勤務統計!$E$1, IFERROR(VLOOKUP(A39,勤務統計!A:S,19,FALSE),"")<>勤務統計!$E$1), 勤務統計!$E$1, ""), IF(AND(勤務統計!$F$1<>"--", IFERROR(VLOOKUP(A39,'0919門市清單主檔'!B:AH,33,FALSE),"")=勤務統計!$F$1, IFERROR(VLOOKUP(A39,勤務統計!A:U,21,FALSE),"")<>勤務統計!$F$1), 勤務統計!$F$1, ""), IF(AND(IFERROR(VLOOKUP(A39,'0919門市清單主檔'!B:AH,28,FALSE),"")="HUB", IFERROR(VLOOKUP(A39,勤務統計!A:W,23,FALSE),"")<>"HUB"), "HUB", "") ) & "未完工", "已完工" ) ) ) -> 未完工 | P39: =(TEXT(I39,"yyyymmdd"))&勤務統計!$V$2&A39&勤務統計!$V$2&B39&勤務統計!$S$2 -> PMQ1-4538-林口童樂店(定保) | Q39: {=IF(AND(SUMPRODUCT((IM!$F$2:$F$5000=A39)*(ISNUMBER(SEARCH(勤務統計!$D$1, IM!$AC$2:$AC$5000))))>0), 勤務統計!$D$1, "")} | R39: {=IFERROR(INDEX(IM!$AM$2:$AM$5000, MATCH(1, (IM!$F$2:$F$5000=A39) * (ISNUMBER(SEARCH(勤務統計!$D$1, IM!$AC$2:$AC$5000))), 0)), "")} | S39: {=IF(AND(SUMPRODUCT((IM!$F$2:$F$5000=A39)*(ISNUMBER(SEARCH(勤務統計!$E$1, IM!$AC$2:$AC$5000))))>0), 勤務統計!$E$1, "")} -> +L90 | T39: {=IFERROR(INDEX(IM!$AM$2:$AM$5000, MATCH(1, (IM!$F$2:$F$5000=A39) * (ISNUMBER(SEARCH(勤務統計!$E$1, IM!$AC$2:$AC$5000))), 0)), "")} -> 45992 | U39: {=IF(AND(SUMPRODUCT((IM!$F$2:$F$5000=A39)*(ISNUMBER(SEARCH(勤務統計!$F$1, IM!$AC$2:$AC$5000))))>0), 勤務統計!$F$1, "")} -> +721 | V39: {=IFERROR(INDEX(IM!$AM$2:$AM$5000, MATCH(1, (IM!$F$2:$F$5000=A39) * (ISNUMBER(SEARCH(勤務統計!$F$1, IM!$AC$2:$AC$5000))), 0)), "")} -> 46030 | W39: =IF(VLOOKUP(A39,'0919門市清單主檔'!B:AC,28,FALSE)=0,"",VLOOKUP(A39,'0919門市清單主檔'!B:AC,28,FALSE))
A40: 4196 | B40: =VLOOKUP(A40,'0919門市清單主檔'!B:C,2,FALSE) -> 三重蝶愛店 | C40: =VLOOKUP($A40,'0919門市清單主檔'!B:V,20,FALSE) -> 新北市 | D40: =VLOOKUP($A40,'0919門市清單主檔'!B:V,21,FALSE) -> 三重區 | E40: =VLOOKUP(D40,門市狀態!G:H,2,FALSE) -> 劉柏均 | F40: =IFERROR(IF(VLOOKUP(A40,門市狀態!A:D,4,FALSE)=0,"",VLOOKUP(A40,門市狀態!A:D,4,FALSE)),"") | H40: =IF(I40>0,(TEXT(I40,"yyyymmdd")&勤務統計!$V$2&A40&勤務統計!$V$2&B40&勤務統計!$S$2),"") -> PMQ1-4196-三重蝶愛店(定保) | I40: {=IF(AND(SUMPRODUCT((IM!$F$2:$F$5000=A40)*(ISNUMBER(SEARCH(勤務統計!$C$1, IM!$AC$2:$AC$5000))))>0), 勤務統計!$C$1, "")} -> PMQ1 | J40: {=IFERROR(INDEX(IM!$AM$2:$AM$5000, MATCH(1, (IM!$F$2:$F$5000=A40) * (ISNUMBER(SEARCH(勤務統計!$C$1, IM!$AC$2:$AC$5000))), 0)), "")} -> 46031 | K40: {=SUMPRODUCT((IM!$F$2:$F$5000=A40)*(IM!$AD$2:$AD$5000="O")*(ISNUMBER(SEARCH(勤務統計!$C$1, IM!$AC$2:$AC$5000))))} -> 1 | L40: {=IF(K40>0,IFERROR(HYPERLINK("#'IM'!AC"&MATCH(1,(IM!$F$1:$F$5000=A40)*(ISNUMBER(SEARCH(勤務統計!$C$1,IM!$AC$1:$AC$5000))),0),"檢核"),"未登錄"),"")} -> 檢核 | M40: =Q40&S40&U40 -> +L90+721 | N40: {=IF(AND( SUMPRODUCT( (IM!$F$2:$F$522=A40) * ISNUMBER(SEARCH("*HUB*", IM!$AC$2:$AC$522)) * (IM!$X$2:$X$522>=勤務統計!$A$1) * (IM!$X$2:$X$522<=勤務統計!$B$1)*(W40="HUB") ) > 0 ), "HUB", "")} | O40: =IF( IFERROR(VLOOKUP(A40,勤務統計!A:I,9,FALSE),"")<>勤務統計!$C$1, "未完工", IF( AND(勤務統計!$D$1="--",勤務統計!$E$1="--",勤務統計!$F$1="--"), "已完工", IF( OR( AND(勤務統計!$D$1<>"--", IFERROR(VLOOKUP(A40,'0919門市清單主檔'!B:AH,31,FALSE),"")=勤務統計!$D$1, IFERROR(VLOOKUP(A40,勤務統計!A:Q,17,FALSE),"")<>勤務統計!$D$1), AND(勤務統計!$E$1<>"--", IFERROR(VLOOKUP(A40,'0919門市清單主檔'!B:AH,32,FALSE),"")=勤務統計!$E$1, IFERROR(VLOOKUP(A40,勤務統計!A:S,19,FALSE),"")<>勤務統計!$E$1), AND(勤務統計!$F$1<>"--", IFERROR(VLOOKUP(A40,'0919門市清單主檔'!B:AH,33,FALSE),"")=勤務統計!$F$1, IFERROR(VLOOKUP(A40,勤務統計!A:U,21,FALSE),"")<>勤務統計!$F$1), AND(IFERROR(VLOOKUP(A40,'0919門市清單主檔'!B:AH,28,FALSE),"")="HUB", IFERROR(VLOOKUP(A40,勤務統計!A:W,23,FALSE),"")<>"HUB") ), _xlfn.TEXTJOIN( "，", TRUE, IF(AND(勤務統計!$D$1<>"--", IFERROR(VLOOKUP(A40,'0919門市清單主檔'!B:AH,31,FALSE),"")=勤務統計!$D$1, IFERROR(VLOOKUP(A40,勤務統計!A:Q,17,FALSE),"")<>勤務統計!$D$1), 勤務統計!$D$1, ""), IF(AND(勤務統計!$E$1<>"--", IFERROR(VLOOKUP(A40,'0919門市清單主檔'!B:AH,32,FALSE),"")=勤務統計!$E$1, IFERROR(VLOOKUP(A40,勤務統計!A:S,19,FALSE),"")<>勤務統計!$E$1), 勤務統計!$E$1, ""), IF(AND(勤務統計!$F$1<>"--", IFERROR(VLOOKUP(A40,'0919門市清單主檔'!B:AH,33,FALSE),"")=勤務統計!$F$1, IFERROR(VLOOKUP(A40,勤務統計!A:U,21,FALSE),"")<>勤務統計!$F$1), 勤務統計!$F$1, ""), IF(AND(IFERROR(VLOOKUP(A40,'0919門市清單主檔'!B:AH,28,FALSE),"")="HUB", IFERROR(VLOOKUP(A40,勤務統計!A:W,23,FALSE),"")<>"HUB"), "HUB", "") ) & "未完工", "已完工" ) ) ) -> 未完工 | P40: =(TEXT(I40,"yyyymmdd"))&勤務統計!$V$2&A40&勤務統計!$V$2&B40&勤務統計!$S$2 -> PMQ1-4196-三重蝶愛店(定保) | Q40: {=IF(AND(SUMPRODUCT((IM!$F$2:$F$5000=A40)*(ISNUMBER(SEARCH(勤務統計!$D$1, IM!$AC$2:$AC$5000))))>0), 勤務統計!$D$1, "")} | R40: {=IFERROR(INDEX(IM!$AM$2:$AM$5000, MATCH(1, (IM!$F$2:$F$5000=A40) * (ISNUMBER(SEARCH(勤務統計!$D$1, IM!$AC$2:$AC$5000))), 0)), "")} | S40: {=IF(AND(SUMPRODUCT((IM!$F$2:$F$5000=A40)*(ISNUMBER(SEARCH(勤務統計!$E$1, IM!$AC$2:$AC$5000))))>0), 勤務統計!$E$1, "")} -> +L90 | T40: {=IFERROR(INDEX(IM!$AM$2:$AM$5000, MATCH(1, (IM!$F$2:$F$5000=A40) * (ISNUMBER(SEARCH(勤務統計!$E$1, IM!$AC$2:$AC$5000))), 0)), "")} -> 46014 | U40: {=IF(AND(SUMPRODUCT((IM!$F$2:$F$5000=A40)*(ISNUMBER(SEARCH(勤務統計!$F$1, IM!$AC$2:$AC$5000))))>0), 勤務統計!$F$1, "")} -> +721 | V40: {=IFERROR(INDEX(IM!$AM$2:$AM$5000, MATCH(1, (IM!$F$2:$F$5000=A40) * (ISNUMBER(SEARCH(勤務統計!$F$1, IM!$AC$2:$AC$5000))), 0)), "")} -> 46031 | W40: =IF(VLOOKUP(A40,'0919門市清單主檔'!B:AC,28,FALSE)=0,"",VLOOKUP(A40,'0919門市清單主檔'!B:AC,28,FALSE))
A41: 4191 | B41: =VLOOKUP(A41,'0919門市清單主檔'!B:C,2,FALSE) -> 三重溪美店 | C41: =VLOOKUP($A41,'0919門市清單主檔'!B:V,20,FALSE) -> 新北市 | D41: =VLOOKUP($A41,'0919門市清單主檔'!B:V,21,FALSE) -> 三重區 | E41: =VLOOKUP(D41,門市狀態!G:H,2,FALSE) -> 劉柏均 | F41: =IFERROR(IF(VLOOKUP(A41,門市狀態!A:D,4,FALSE)=0,"",VLOOKUP(A41,門市狀態!A:D,4,FALSE)),"") | H41: =IF(I41>0,(TEXT(I41,"yyyymmdd")&勤務統計!$V$2&A41&勤務統計!$V$2&B41&勤務統計!$S$2),"") -> PMQ1-4191-三重溪美店(定保) | I41: {=IF(AND(SUMPRODUCT((IM!$F$2:$F$5000=A41)*(ISNUMBER(SEARCH(勤務統計!$C$1, IM!$AC$2:$AC$5000))))>0), 勤務統計!$C$1, "")} -> PMQ1 | J41: {=IFERROR(INDEX(IM!$AM$2:$AM$5000, MATCH(1, (IM!$F$2:$F$5000=A41) * (ISNUMBER(SEARCH(勤務統計!$C$1, IM!$AC$2:$AC$5000))), 0)), "")} -> 46031 | K41: {=SUMPRODUCT((IM!$F$2:$F$5000=A41)*(IM!$AD$2:$AD$5000="O")*(ISNUMBER(SEARCH(勤務統計!$C$1, IM!$AC$2:$AC$5000))))} -> 2 | L41: {=IF(K41>0,IFERROR(HYPERLINK("#'IM'!AC"&MATCH(1,(IM!$F$1:$F$5000=A41)*(ISNUMBER(SEARCH(勤務統計!$C$1,IM!$AC$1:$AC$5000))),0),"檢核"),"未登錄"),"")} -> 檢核 | M41: =Q41&S41&U41 -> +L90+721 | N41: {=IF(AND( SUMPRODUCT( (IM!$F$2:$F$522=A41) * ISNUMBER(SEARCH("*HUB*", IM!$AC$2:$AC$522)) * (IM!$X$2:$X$522>=勤務統計!$A$1) * (IM!$X$2:$X$522<=勤務統計!$B$1)*(W41="HUB") ) > 0 ), "HUB", "")} | O41: =IF( IFERROR(VLOOKUP(A41,勤務統計!A:I,9,FALSE),"")<>勤務統計!$C$1, "未完工", IF( AND(勤務統計!$D$1="--",勤務統計!$E$1="--",勤務統計!$F$1="--"), "已完工", IF( OR( AND(勤務統計!$D$1<>"--", IFERROR(VLOOKUP(A41,'0919門市清單主檔'!B:AH,31,FALSE),"")=勤務統計!$D$1, IFERROR(VLOOKUP(A41,勤務統計!A:Q,17,FALSE),"")<>勤務統計!$D$1), AND(勤務統計!$E$1<>"--", IFERROR(VLOOKUP(A41,'0919門市清單主檔'!B:AH,32,FALSE),"")=勤務統計!$E$1, IFERROR(VLOOKUP(A41,勤務統計!A:S,19,FALSE),"")<>勤務統計!$E$1), AND(勤務統計!$F$1<>"--", IFERROR(VLOOKUP(A41,'0919門市清單主檔'!B:AH,33,FALSE),"")=勤務統計!$F$1, IFERROR(VLOOKUP(A41,勤務統計!A:U,21,FALSE),"")<>勤務統計!$F$1), AND(IFERROR(VLOOKUP(A41,'0919門市清單主檔'!B:AH,28,FALSE),"")="HUB", IFERROR(VLOOKUP(A41,勤務統計!A:W,23,FALSE),"")<>"HUB") ), _xlfn.TEXTJOIN( "，", TRUE, IF(AND(勤務統計!$D$1<>"--", IFERROR(VLOOKUP(A41,'0919門市清單主檔'!B:AH,31,FALSE),"")=勤務統計!$D$1, IFERROR(VLOOKUP(A41,勤務統計!A:Q,17,FALSE),"")<>勤務統計!$D$1), 勤務統計!$D$1, ""), IF(AND(勤務統計!$E$1<>"--", IFERROR(VLOOKUP(A41,'0919門市清單主檔'!B:AH,32,FALSE),"")=勤務統計!$E$1, IFERROR(VLOOKUP(A41,勤務統計!A:S,19,FALSE),"")<>勤務統計!$E$1), 勤務統計!$E$1, ""), IF(AND(勤務統計!$F$1<>"--", IFERROR(VLOOKUP(A41,'0919門市清單主檔'!B:AH,33,FALSE),"")=勤務統計!$F$1, IFERROR(VLOOKUP(A41,勤務統計!A:U,21,FALSE),"")<>勤務統計!$F$1), 勤務統計!$F$1, ""), IF(AND(IFERROR(VLOOKUP(A41,'0919門市清單主檔'!B:AH,28,FALSE),"")="HUB", IFERROR(VLOOKUP(A41,勤務統計!A:W,23,FALSE),"")<>"HUB"), "HUB", "") ) & "未完工", "已完工" ) ) ) -> 未完工 | P41: =(TEXT(I41,"yyyymmdd"))&勤務統計!$V$2&A41&勤務統計!$V$2&B41&勤務統計!$S$2 -> PMQ1-4191-三重溪美店(定保) | Q41: {=IF(AND(SUMPRODUCT((IM!$F$2:$F$5000=A41)*(ISNUMBER(SEARCH(勤務統計!$D$1, IM!$AC$2:$AC$5000))))>0), 勤務統計!$D$1, "")} | R41: {=IFERROR(INDEX(IM!$AM$2:$AM$5000, MATCH(1, (IM!$F$2:$F$5000=A41) * (ISNUMBER(SEARCH(勤務統計!$D$1, IM!$AC$2:$AC$5000))), 0)), "")} | S41: {=IF(AND(SUMPRODUCT((IM!$F$2:$F$5000=A41)*(ISNUMBER(SEARCH(勤務統計!$E$1, IM!$AC$2:$AC$5000))))>0), 勤務統計!$E$1, "")} -> +L90 | T41: {=IFERROR(INDEX(IM!$AM$2:$AM$5000, MATCH(1, (IM!$F$2:$F$5000=A41) * (ISNUMBER(SEARCH(勤務統計!$E$1, IM!$AC$2:$AC$5000))), 0)), "")} -> 46010 | U41: {=IF(AND(SUMPRODUCT((IM!$F$2:$F$5000=A41)*(ISNUMBER(SEARCH(勤務統計!$F$1, IM!$AC$2:$AC$5000))))>0), 勤務統計!$F$1, "")} -> +721 | V41: {=IFERROR(INDEX(IM!$AM$2:$AM$5000, MATCH(1, (IM!$F$2:$F$5000=A41) * (ISNUMBER(SEARCH(勤務統計!$F$1, IM!$AC$2:$AC$5000))), 0)), "")} -> 46031 | W41: =IF(VLOOKUP(A41,'0919門市清單主檔'!B:AC,28,FALSE)=0,"",VLOOKUP(A41,'0919門市清單主檔'!B:AC,28,FALSE))
A42: 4656 | B42: =VLOOKUP(A42,'0919門市清單主檔'!B:C,2,FALSE) -> 泰山新民店 | C42: =VLOOKUP($A42,'0919門市清單主檔'!B:V,20,FALSE) -> 新北市 | D42: =VLOOKUP($A42,'0919門市清單主檔'!B:V,21,FALSE) -> 泰山區 | E42: =VLOOKUP(D42,門市狀態!G:H,2,FALSE) -> 吳宗鴻 | F42: =IFERROR(IF(VLOOKUP(A42,門市狀態!A:D,4,FALSE)=0,"",VLOOKUP(A42,門市狀態!A:D,4,FALSE)),"") | H42: =IF(I42>0,(TEXT(I42,"yyyymmdd")&勤務統計!$V$2&A42&勤務統計!$V$2&B42&勤務統計!$S$2),"") -> PMQ1-4656-泰山新民店(定保) | I42: {=IF(AND(SUMPRODUCT((IM!$F$2:$F$5000=A42)*(ISNUMBER(SEARCH(勤務統計!$C$1, IM!$AC$2:$AC$5000))))>0), 勤務統計!$C$1, "")} -> PMQ1 | J42: {=IFERROR(INDEX(IM!$AM$2:$AM$5000, MATCH(1, (IM!$F$2:$F$5000=A42) * (ISNUMBER(SEARCH(勤務統計!$C$1, IM!$AC$2:$AC$5000))), 0)), "")} -> 46031 | K42: {=SUMPRODUCT((IM!$F$2:$F$5000=A42)*(IM!$AD$2:$AD$5000="O")*(ISNUMBER(SEARCH(勤務統計!$C$1, IM!$AC$2:$AC$5000))))} -> 1 | L42: {=IF(K42>0,IFERROR(HYPERLINK("#'IM'!AC"&MATCH(1,(IM!$F$1:$F$5000=A42)*(ISNUMBER(SEARCH(勤務統計!$C$1,IM!$AC$1:$AC$5000))),0),"檢核"),"未登錄"),"")} -> 檢核 | M42: =Q42&S42&U42 -> +L90+721 | N42: {=IF(AND( SUMPRODUCT( (IM!$F$2:$F$522=A42) * ISNUMBER(SEARCH("*HUB*", IM!$AC$2:$AC$522)) * (IM!$X$2:$X$522>=勤務統計!$A$1) * (IM!$X$2:$X$522<=勤務統計!$B$1)*(W42="HUB") ) > 0 ), "HUB", "")} | O42: =IF( IFERROR(VLOOKUP(A42,勤務統計!A:I,9,FALSE),"")<>勤務統計!$C$1, "未完工", IF( AND(勤務統計!$D$1="--",勤務統計!$E$1="--",勤務統計!$F$1="--"), "已完工", IF( OR( AND(勤務統計!$D$1<>"--", IFERROR(VLOOKUP(A42,'0919門市清單主檔'!B:AH,31,FALSE),"")=勤務統計!$D$1, IFERROR(VLOOKUP(A42,勤務統計!A:Q,17,FALSE),"")<>勤務統計!$D$1), AND(勤務統計!$E$1<>"--", IFERROR(VLOOKUP(A42,'0919門市清單主檔'!B:AH,32,FALSE),"")=勤務統計!$E$1, IFERROR(VLOOKUP(A42,勤務統計!A:S,19,FALSE),"")<>勤務統計!$E$1), AND(勤務統計!$F$1<>"--", IFERROR(VLOOKUP(A42,'0919門市清單主檔'!B:AH,33,FALSE),"")=勤務統計!$F$1, IFERROR(VLOOKUP(A42,勤務統計!A:U,21,FALSE),"")<>勤務統計!$F$1), AND(IFERROR(VLOOKUP(A42,'0919門市清單主檔'!B:AH,28,FALSE),"")="HUB", IFERROR(VLOOKUP(A42,勤務統計!A:W,23,FALSE),"")<>"HUB") ), _xlfn.TEXTJOIN( "，", TRUE, IF(AND(勤務統計!$D$1<>"--", IFERROR(VLOOKUP(A42,'0919門市清單主檔'!B:AH,31,FALSE),"")=勤務統計!$D$1, IFERROR(VLOOKUP(A42,勤務統計!A:Q,17,FALSE),"")<>勤務統計!$D$1), 勤務統計!$D$1, ""), IF(AND(勤務統計!$E$1<>"--", IFERROR(VLOOKUP(A42,'0919門市清單主檔'!B:AH,32,FALSE),"")=勤務統計!$E$1, IFERROR(VLOOKUP(A42,勤務統計!A:S,19,FALSE),"")<>勤務統計!$E$1), 勤務統計!$E$1, ""), IF(AND(勤務統計!$F$1<>"--", IFERROR(VLOOKUP(A42,'0919門市清單主檔'!B:AH,33,FALSE),"")=勤務統計!$F$1, IFERROR(VLOOKUP(A42,勤務統計!A:U,21,FALSE),"")<>勤務統計!$F$1), 勤務統計!$F$1, ""), IF(AND(IFERROR(VLOOKUP(A42,'0919門市清單主檔'!B:AH,28,FALSE),"")="HUB", IFERROR(VLOOKUP(A42,勤務統計!A:W,23,FALSE),"")<>"HUB"), "HUB", "") ) & "未完工", "已完工" ) ) ) -> 未完工 | P42: =(TEXT(I42,"yyyymmdd"))&勤務統計!$V$2&A42&勤務統計!$V$2&B42&勤務統計!$S$2 -> PMQ1-4656-泰山新民店(定保) | Q42: {=IF(AND(SUMPRODUCT((IM!$F$2:$F$5000=A42)*(ISNUMBER(SEARCH(勤務統計!$D$1, IM!$AC$2:$AC$5000))))>0), 勤務統計!$D$1, "")} | R42: {=IFERROR(INDEX(IM!$AM$2:$AM$5000, MATCH(1, (IM!$F$2:$F$5000=A42) * (ISNUMBER(SEARCH(勤務統計!$D$1, IM!$AC$2:$AC$5000))), 0)), "")} | S42: {=IF(AND(SUMPRODUCT((IM!$F$2:$F$5000=A42)*(ISNUMBER(SEARCH(勤務統計!$E$1, IM!$AC$2:$AC$5000))))>0), 勤務統計!$E$1, "")} -> +L90 | T42: {=IFERROR(INDEX(IM!$AM$2:$AM$5000, MATCH(1, (IM!$F$2:$F$5000=A42) * (ISNUMBER(SEARCH(勤務統計!$E$1, IM!$AC$2:$AC$5000))), 0)), "")} -> 45958 | U42: {=IF(AND(SUMPRODUCT((IM!$F$2:$F$5000=A42)*(ISNUMBER(SEARCH(勤務統計!$F$1, IM!$AC$2:$AC$5000))))>0), 勤務統計!$F$1, "")} -> +721 | V42: {=IFERROR(INDEX(IM!$AM$2:$AM$5000, MATCH(1, (IM!$F$2:$F$5000=A42) * (ISNUMBER(SEARCH(勤務統計!$F$1, IM!$AC$2:$AC$5000))), 0)), "")} -> 46031 | W42: =IF(VLOOKUP(A42,'0919門市清單主檔'!B:AC,28,FALSE)=0,"",VLOOKUP(A42,'0919門市清單主檔'!B:AC,28,FALSE))
A43: 3606 | B43: =VLOOKUP(A43,'0919門市清單主檔'!B:C,2,FALSE) -> 北縣泰富店 | C43: =VLOOKUP($A43,'0919門市清單主檔'!B:V,20,FALSE) -> 新北市 | D43: =VLOOKUP($A43,'0919門市清單主檔'!B:V,21,FALSE) -> 泰山區 | E43: =VLOOKUP(D43,門市狀態!G:H,2,FALSE) -> 吳宗鴻 | F43: =IFERROR(IF(VLOOKUP(A43,門市狀態!A:D,4,FALSE)=0,"",VLOOKUP(A43,門市狀態!A:D,4,FALSE)),"") | H43: =IF(I43>0,(TEXT(I43,"yyyymmdd")&勤務統計!$V$2&A43&勤務統計!$V$2&B43&勤務統計!$S$2),"") -> PMQ1-3606-北縣泰富店(定保) | I43: {=IF(AND(SUMPRODUCT((IM!$F$2:$F$5000=A43)*(ISNUMBER(SEARCH(勤務統計!$C$1, IM!$AC$2:$AC$5000))))>0), 勤務統計!$C$1, "")} -> PMQ1 | J43: {=IFERROR(INDEX(IM!$AM$2:$AM$5000, MATCH(1, (IM!$F$2:$F$5000=A43) * (ISNUMBER(SEARCH(勤務統計!$C$1, IM!$AC$2:$AC$5000))), 0)), "")} -> 46031 | K43: {=SUMPRODUCT((IM!$F$2:$F$5000=A43)*(IM!$AD$2:$AD$5000="O")*(ISNUMBER(SEARCH(勤務統計!$C$1, IM!$AC$2:$AC$5000))))} -> 1 | L43: {=IF(K43>0,IFERROR(HYPERLINK("#'IM'!AC"&MATCH(1,(IM!$F$1:$F$5000=A43)*(ISNUMBER(SEARCH(勤務統計!$C$1,IM!$AC$1:$AC$5000))),0),"檢核"),"未登錄"),"")} -> 檢核 | M43: =Q43&S43&U43 -> +L90+721 | N43: {=IF(AND( SUMPRODUCT( (IM!$F$2:$F$522=A43) * ISNUMBER(SEARCH("*HUB*", IM!$AC$2:$AC$522)) * (IM!$X$2:$X$522>=勤務統計!$A$1) * (IM!$X$2:$X$522<=勤務統計!$B$1)*(W43="HUB") ) > 0 ), "HUB", "")} | O43: =IF( IFERROR(VLOOKUP(A43,勤務統計!A:I,9,FALSE),"")<>勤務統計!$C$1, "未完工", IF( AND(勤務統計!$D$1="--",勤務統計!$E$1="--",勤務統計!$F$1="--"), "已完工", IF( OR( AND(勤務統計!$D$1<>"--", IFERROR(VLOOKUP(A43,'0919門市清單主檔'!B:AH,31,FALSE),"")=勤務統計!$D$1, IFERROR(VLOOKUP(A43,勤務統計!A:Q,17,FALSE),"")<>勤務統計!$D$1), AND(勤務統計!$E$1<>"--", IFERROR(VLOOKUP(A43,'0919門市清單主檔'!B:AH,32,FALSE),"")=勤務統計!$E$1, IFERROR(VLOOKUP(A43,勤務統計!A:S,19,FALSE),"")<>勤務統計!$E$1), AND(勤務統計!$F$1<>"--", IFERROR(VLOOKUP(A43,'0919門市清單主檔'!B:AH,33,FALSE),"")=勤務統計!$F$1, IFERROR(VLOOKUP(A43,勤務統計!A:U,21,FALSE),"")<>勤務統計!$F$1), AND(IFERROR(VLOOKUP(A43,'0919門市清單主檔'!B:AH,28,FALSE),"")="HUB", IFERROR(VLOOKUP(A43,勤務統計!A:W,23,FALSE),"")<>"HUB") ), _xlfn.TEXTJOIN( "，", TRUE, IF(AND(勤務統計!$D$1<>"--", IFERROR(VLOOKUP(A43,'0919門市清單主檔'!B:AH,31,FALSE),"")=勤務統計!$D$1, IFERROR(VLOOKUP(A43,勤務統計!A:Q,17,FALSE),"")<>勤務統計!$D$1), 勤務統計!$D$1, ""), IF(AND(勤務統計!$E$1<>"--", IFERROR(VLOOKUP(A43,'0919門市清單主檔'!B:AH,32,FALSE),"")=勤務統計!$E$1, IFERROR(VLOOKUP(A43,勤務統計!A:S,19,FALSE),"")<>勤務統計!$E$1), 勤務統計!$E$1, ""), IF(AND(勤務統計!$F$1<>"--", IFERROR(VLOOKUP(A43,'0919門市清單主檔'!B:AH,33,FALSE),"")=勤務統計!$F$1, IFERROR(VLOOKUP(A43,勤務統計!A:U,21,FALSE),"")<>勤務統計!$F$1), 勤務統計!$F$1, ""), IF(AND(IFERROR(VLOOKUP(A43,'0919門市清單主檔'!B:AH,28,FALSE),"")="HUB", IFERROR(VLOOKUP(A43,勤務統計!A:W,23,FALSE),"")<>"HUB"), "HUB", "") ) & "未完工", "已完工" ) ) ) -> 未完工 | P43: =(TEXT(I43,"yyyymmdd"))&勤務統計!$V$2&A43&勤務統計!$V$2&B43&勤務統計!$S$2 -> PMQ1-3606-北縣泰富店(定保) | Q43: {=IF(AND(SUMPRODUCT((IM!$F$2:$F$5000=A43)*(ISNUMBER(SEARCH(勤務統計!$D$1, IM!$AC$2:$AC$5000))))>0), 勤務統計!$D$1, "")} | R43: {=IFERROR(INDEX(IM!$AM$2:$AM$5000, MATCH(1, (IM!$F$2:$F$5000=A43) * (ISNUMBER(SEARCH(勤務統計!$D$1, IM!$AC$2:$AC$5000))), 0)), "")} | S43: {=IF(AND(SUMPRODUCT((IM!$F$2:$F$5000=A43)*(ISNUMBER(SEARCH(勤務統計!$E$1, IM!$AC$2:$AC$5000))))>0), 勤務統計!$E$1, "")} -> +L90 | T43: {=IFERROR(INDEX(IM!$AM$2:$AM$5000, MATCH(1, (IM!$F$2:$F$5000=A43) * (ISNUMBER(SEARCH(勤務統計!$E$1, IM!$AC$2:$AC$5000))), 0)), "")} -> 46031 | U43: {=IF(AND(SUMPRODUCT((IM!$F$2:$F$5000=A43)*(ISNUMBER(SEARCH(勤務統計!$F$1, IM!$AC$2:$AC$5000))))>0), 勤務統計!$F$1, "")} -> +721 | V43: {=IFERROR(INDEX(IM!$AM$2:$AM$5000, MATCH(1, (IM!$F$2:$F$5000=A43) * (ISNUMBER(SEARCH(勤務統計!$F$1, IM!$AC$2:$AC$5000))), 0)), "")} -> 46031 | W43: =IF(VLOOKUP(A43,'0919門市清單主檔'!B:AC,28,FALSE)=0,"",VLOOKUP(A43,'0919門市清單主檔'!B:AC,28,FALSE))
A44: 3052 | B44: =VLOOKUP(A44,'0919門市清單主檔'!B:C,2,FALSE) -> 北縣莊玲店 | C44: =VLOOKUP($A44,'0919門市清單主檔'!B:V,20,FALSE) -> 新北市 | D44: =VLOOKUP($A44,'0919門市清單主檔'!B:V,21,FALSE) -> 新莊區 | E44: =VLOOKUP(D44,門市狀態!G:H,2,FALSE) -> 湯家瑋 | F44: =IFERROR(IF(VLOOKUP(A44,門市狀態!A:D,4,FALSE)=0,"",VLOOKUP(A44,門市狀態!A:D,4,FALSE)),"") | H44: =IF(I44>0,(TEXT(I44,"yyyymmdd")&勤務統計!$V$2&A44&勤務統計!$V$2&B44&勤務統計!$S$2),"") -> PMQ1-3052-北縣莊玲店(定保) | I44: {=IF(AND(SUMPRODUCT((IM!$F$2:$F$5000=A44)*(ISNUMBER(SEARCH(勤務統計!$C$1, IM!$AC$2:$AC$5000))))>0), 勤務統計!$C$1, "")} -> PMQ1 | J44: {=IFERROR(INDEX(IM!$AM$2:$AM$5000, MATCH(1, (IM!$F$2:$F$5000=A44) * (ISNUMBER(SEARCH(勤務統計!$C$1, IM!$AC$2:$AC$5000))), 0)), "")} -> 46034 | K44: {=SUMPRODUCT((IM!$F$2:$F$5000=A44)*(IM!$AD$2:$AD$5000="O")*(ISNUMBER(SEARCH(勤務統計!$C$1, IM!$AC$2:$AC$5000))))} -> 1 | L44: {=IF(K44>0,IFERROR(HYPERLINK("#'IM'!AC"&MATCH(1,(IM!$F$1:$F$5000=A44)*(ISNUMBER(SEARCH(勤務統計!$C$1,IM!$AC$1:$AC$5000))),0),"檢核"),"未登錄"),"")} -> 檢核 | M44: =Q44&S44&U44 -> +L90+721 | N44: {=IF(AND( SUMPRODUCT( (IM!$F$2:$F$522=A44) * ISNUMBER(SEARCH("*HUB*", IM!$AC$2:$AC$522)) * (IM!$X$2:$X$522>=勤務統計!$A$1) * (IM!$X$2:$X$522<=勤務統計!$B$1)*(W44="HUB") ) > 0 ), "HUB", "")} | O44: =IF( IFERROR(VLOOKUP(A44,勤務統計!A:I,9,FALSE),"")<>勤務統計!$C$1, "未完工", IF( AND(勤務統計!$D$1="--",勤務統計!$E$1="--",勤務統計!$F$1="--"), "已完工", IF( OR( AND(勤務統計!$D$1<>"--", IFERROR(VLOOKUP(A44,'0919門市清單主檔'!B:AH,31,FALSE),"")=勤務統計!$D$1, IFERROR(VLOOKUP(A44,勤務統計!A:Q,17,FALSE),"")<>勤務統計!$D$1), AND(勤務統計!$E$1<>"--", IFERROR(VLOOKUP(A44,'0919門市清單主檔'!B:AH,32,FALSE),"")=勤務統計!$E$1, IFERROR(VLOOKUP(A44,勤務統計!A:S,19,FALSE),"")<>勤務統計!$E$1), AND(勤務統計!$F$1<>"--", IFERROR(VLOOKUP(A44,'0919門市清單主檔'!B:AH,33,FALSE),"")=勤務統計!$F$1, IFERROR(VLOOKUP(A44,勤務統計!A:U,21,FALSE),"")<>勤務統計!$F$1), AND(IFERROR(VLOOKUP(A44,'0919門市清單主檔'!B:AH,28,FALSE),"")="HUB", IFERROR(VLOOKUP(A44,勤務統計!A:W,23,FALSE),"")<>"HUB") ), _xlfn.TEXTJOIN( "，", TRUE, IF(AND(勤務統計!$D$1<>"--", IFERROR(VLOOKUP(A44,'0919門市清單主檔'!B:AH,31,FALSE),"")=勤務統計!$D$1, IFERROR(VLOOKUP(A44,勤務統計!A:Q,17,FALSE),"")<>勤務統計!$D$1), 勤務統計!$D$1, ""), IF(AND(勤務統計!$E$1<>"--", IFERROR(VLOOKUP(A44,'0919門市清單主檔'!B:AH,32,FALSE),"")=勤務統計!$E$1, IFERROR(VLOOKUP(A44,勤務統計!A:S,19,FALSE),"")<>勤務統計!$E$1), 勤務統計!$E$1, ""), IF(AND(勤務統計!$F$1<>"--", IFERROR(VLOOKUP(A44,'0919門市清單主檔'!B:AH,33,FALSE),"")=勤務統計!$F$1, IFERROR(VLOOKUP(A44,勤務統計!A:U,21,FALSE),"")<>勤務統計!$F$1), 勤務統計!$F$1, ""), IF(AND(IFERROR(VLOOKUP(A44,'0919門市清單主檔'!B:AH,28,FALSE),"")="HUB", IFERROR(VLOOKUP(A44,勤務統計!A:W,23,FALSE),"")<>"HUB"), "HUB", "") ) & "未完工", "已完工" ) ) ) -> 未完工 | P44: =(TEXT(I44,"yyyymmdd"))&勤務統計!$V$2&A44&勤務統計!$V$2&B44&勤務統計!$S$2 -> PMQ1-3052-北縣莊玲店(定保) | Q44: {=IF(AND(SUMPRODUCT((IM!$F$2:$F$5000=A44)*(ISNUMBER(SEARCH(勤務統計!$D$1, IM!$AC$2:$AC$5000))))>0), 勤務統計!$D$1, "")} | R44: {=IFERROR(INDEX(IM!$AM$2:$AM$5000, MATCH(1, (IM!$F$2:$F$5000=A44) * (ISNUMBER(SEARCH(勤務統計!$D$1, IM!$AC$2:$AC$5000))), 0)), "")} | S44: {=IF(AND(SUMPRODUCT((IM!$F$2:$F$5000=A44)*(ISNUMBER(SEARCH(勤務統計!$E$1, IM!$AC$2:$AC$5000))))>0), 勤務統計!$E$1, "")} -> +L90 | T44: {=IFERROR(INDEX(IM!$AM$2:$AM$5000, MATCH(1, (IM!$F$2:$F$5000=A44) * (ISNUMBER(SEARCH(勤務統計!$E$1, IM!$AC$2:$AC$5000))), 0)), "")} -> 46034 | U44: {=IF(AND(SUMPRODUCT((IM!$F$2:$F$5000=A44)*(ISNUMBER(SEARCH(勤務統計!$F$1, IM!$AC$2:$AC$5000))))>0), 勤務統計!$F$1, "")} -> +721 | V44: {=IFERROR(INDEX(IM!$AM$2:$AM$5000, MATCH(1, (IM!$F$2:$F$5000=A44) * (ISNUMBER(SEARCH(勤務統計!$F$1, IM!$AC$2:$AC$5000))), 0)), "")} -> 46034 | W44: =IF(VLOOKUP(A44,'0919門市清單主檔'!B:AC,28,FALSE)=0,"",VLOOKUP(A44,'0919門市清單主檔'!B:AC,28,FALSE))
A45: 3770 | B45: =VLOOKUP(A45,'0919門市清單主檔'!B:C,2,FALSE) -> 北縣西雲店 | C45: =VLOOKUP($A45,'0919門市清單主檔'!B:V,20,FALSE) -> 新北市 | D45: =VLOOKUP($A45,'0919門市清單主檔'!B:V,21,FALSE) -> 五股區 | E45: =VLOOKUP(D45,門市狀態!G:H,2,FALSE) -> 湯家瑋 | F45: =IFERROR(IF(VLOOKUP(A45,門市狀態!A:D,4,FALSE)=0,"",VLOOKUP(A45,門市狀態!A:D,4,FALSE)),"") | H45: =IF(I45>0,(TEXT(I45,"yyyymmdd")&勤務統計!$V$2&A45&勤務統計!$V$2&B45&勤務統計!$S$2),"") -> PMQ1-3770-北縣西雲店(定保) | I45: {=IF(AND(SUMPRODUCT((IM!$F$2:$F$5000=A45)*(ISNUMBER(SEARCH(勤務統計!$C$1, IM!$AC$2:$AC$5000))))>0), 勤務統計!$C$1, "")} -> PMQ1 | J45: {=IFERROR(INDEX(IM!$AM$2:$AM$5000, MATCH(1, (IM!$F$2:$F$5000=A45) * (ISNUMBER(SEARCH(勤務統計!$C$1, IM!$AC$2:$AC$5000))), 0)), "")} -> 46034 | K45: {=SUMPRODUCT((IM!$F$2:$F$5000=A45)*(IM!$AD$2:$AD$5000="O")*(ISNUMBER(SEARCH(勤務統計!$C$1, IM!$AC$2:$AC$5000))))} -> 1 | L45: {=IF(K45>0,IFERROR(HYPERLINK("#'IM'!AC"&MATCH(1,(IM!$F$1:$F$5000=A45)*(ISNUMBER(SEARCH(勤務統計!$C$1,IM!$AC$1:$AC$5000))),0),"檢核"),"未登錄"),"")} -> 檢核 | M45: =Q45&S45&U45 -> +L90+721 | N45: {=IF(AND( SUMPRODUCT( (IM!$F$2:$F$522=A45) * ISNUMBER(SEARCH("*HUB*", IM!$AC$2:$AC$522)) * (IM!$X$2:$X$522>=勤務統計!$A$1) * (IM!$X$2:$X$522<=勤務統計!$B$1)*(W45="HUB") ) > 0 ), "HUB", "")} | O45: =IF( IFERROR(VLOOKUP(A45,勤務統計!A:I,9,FALSE),"")<>勤務統計!$C$1, "未完工", IF( AND(勤務統計!$D$1="--",勤務統計!$E$1="--",勤務統計!$F$1="--"), "已完工", IF( OR( AND(勤務統計!$D$1<>"--", IFERROR(VLOOKUP(A45,'0919門市清單主檔'!B:AH,31,FALSE),"")=勤務統計!$D$1, IFERROR(VLOOKUP(A45,勤務統計!A:Q,17,FALSE),"")<>勤務統計!$D$1), AND(勤務統計!$E$1<>"--", IFERROR(VLOOKUP(A45,'0919門市清單主檔'!B:AH,32,FALSE),"")=勤務統計!$E$1, IFERROR(VLOOKUP(A45,勤務統計!A:S,19,FALSE),"")<>勤務統計!$E$1), AND(勤務統計!$F$1<>"--", IFERROR(VLOOKUP(A45,'0919門市清單主檔'!B:AH,33,FALSE),"")=勤務統計!$F$1, IFERROR(VLOOKUP(A45,勤務統計!A:U,21,FALSE),"")<>勤務統計!$F$1), AND(IFERROR(VLOOKUP(A45,'0919門市清單主檔'!B:AH,28,FALSE),"")="HUB", IFERROR(VLOOKUP(A45,勤務統計!A:W,23,FALSE),"")<>"HUB") ), _xlfn.TEXTJOIN( "，", TRUE, IF(AND(勤務統計!$D$1<>"--", IFERROR(VLOOKUP(A45,'0919門市清單主檔'!B:AH,31,FALSE),"")=勤務統計!$D$1, IFERROR(VLOOKUP(A45,勤務統計!A:Q,17,FALSE),"")<>勤務統計!$D$1), 勤務統計!$D$1, ""), IF(AND(勤務統計!$E$1<>"--", IFERROR(VLOOKUP(A45,'0919門市清單主檔'!B:AH,32,FALSE),"")=勤務統計!$E$1, IFERROR(VLOOKUP(A45,勤務統計!A:S,19,FALSE),"")<>勤務統計!$E$1), 勤務統計!$E$1, ""), IF(AND(勤務統計!$F$1<>"--", IFERROR(VLOOKUP(A45,'0919門市清單主檔'!B:AH,33,FALSE),"")=勤務統計!$F$1, IFERROR(VLOOKUP(A45,勤務統計!A:U,21,FALSE),"")<>勤務統計!$F$1), 勤務統計!$F$1, ""), IF(AND(IFERROR(VLOOKUP(A45,'0919門市清單主檔'!B:AH,28,FALSE),"")="HUB", IFERROR(VLOOKUP(A45,勤務統計!A:W,23,FALSE),"")<>"HUB"), "HUB", "") ) & "未完工", "已完工" ) ) ) -> 未完工 | P45: =(TEXT(I45,"yyyymmdd"))&勤務統計!$V$2&A45&勤務統計!$V$2&B45&勤務統計!$S$2 -> PMQ1-3770-北縣西雲店(定保) | Q45: {=IF(AND(SUMPRODUCT((IM!$F$2:$F$5000=A45)*(ISNUMBER(SEARCH(勤務統計!$D$1, IM!$AC$2:$AC$5000))))>0), 勤務統計!$D$1, "")} | R45: {=IFERROR(INDEX(IM!$AM$2:$AM$5000, MATCH(1, (IM!$F$2:$F$5000=A45) * (ISNUMBER(SEARCH(勤務統計!$D$1, IM!$AC$2:$AC$5000))), 0)), "")} | S45: {=IF(AND(SUMPRODUCT((IM!$F$2:$F$5000=A45)*(ISNUMBER(SEARCH(勤務統計!$E$1, IM!$AC$2:$AC$5000))))>0), 勤務統計!$E$1, "")} -> +L90 | T45: {=IFERROR(INDEX(IM!$AM$2:$AM$5000, MATCH(1, (IM!$F$2:$F$5000=A45) * (ISNUMBER(SEARCH(勤務統計!$E$1, IM!$AC$2:$AC$5000))), 0)), "")} -> 46034 | U45: {=IF(AND(SUMPRODUCT((IM!$F$2:$F$5000=A45)*(ISNUMBER(SEARCH(勤務統計!$F$1, IM!$AC$2:$AC$5000))))>0), 勤務統計!$F$1, "")} -> +721 | V45: {=IFERROR(INDEX(IM!$AM$2:$AM$5000, MATCH(1, (IM!$F$2:$F$5000=A45) * (ISNUMBER(SEARCH(勤務統計!$F$1, IM!$AC$2:$AC$5000))), 0)), "")} -> 46034 | W45: =IF(VLOOKUP(A45,'0919門市清單主檔'!B:AC,28,FALSE)=0,"",VLOOKUP(A45,'0919門市清單主檔'!B:AC,28,FALSE))
A46: D649 | B46: =VLOOKUP(A46,'0919門市清單主檔'!B:C,2,FALSE) -> 三重運動公園 | C46: =VLOOKUP($A46,'0919門市清單主檔'!B:V,20,FALSE) -> 新北市 | D46: =VLOOKUP($A46,'0919門市清單主檔'!B:V,21,FALSE) -> 三重區 | E46: =VLOOKUP(D46,門市狀態!G:H,2,FALSE) -> 劉柏均 | F46: =IFERROR(IF(VLOOKUP(A46,門市狀態!A:D,4,FALSE)=0,"",VLOOKUP(A46,門市狀態!A:D,4,FALSE)),"") | H46: =IF(I46>0,(TEXT(I46,"yyyymmdd")&勤務統計!$V$2&A46&勤務統計!$V$2&B46&勤務統計!$S$2),"") -> PMQ1-D649-三重運動公園(定保) | I46: {=IF(AND(SUMPRODUCT((IM!$F$2:$F$5000=A46)*(ISNUMBER(SEARCH(勤務統計!$C$1, IM!$AC$2:$AC$5000))))>0), 勤務統計!$C$1, "")} -> PMQ1 | J46: {=IFERROR(INDEX(IM!$AM$2:$AM$5000, MATCH(1, (IM!$F$2:$F$5000=A46) * (ISNUMBER(SEARCH(勤務統計!$C$1, IM!$AC$2:$AC$5000))), 0)), "")} -> 46034 | K46: {=SUMPRODUCT((IM!$F$2:$F$5000=A46)*(IM!$AD$2:$AD$5000="O")*(ISNUMBER(SEARCH(勤務統計!$C$1, IM!$AC$2:$AC$5000))))} -> 1 | L46: {=IF(K46>0,IFERROR(HYPERLINK("#'IM'!AC"&MATCH(1,(IM!$F$1:$F$5000=A46)*(ISNUMBER(SEARCH(勤務統計!$C$1,IM!$AC$1:$AC$5000))),0),"檢核"),"未登錄"),"")} -> 檢核 | M46: =Q46&S46&U46 -> +L90+721 | N46: {=IF(AND( SUMPRODUCT( (IM!$F$2:$F$522=A46) * ISNUMBER(SEARCH("*HUB*", IM!$AC$2:$AC$522)) * (IM!$X$2:$X$522>=勤務統計!$A$1) * (IM!$X$2:$X$522<=勤務統計!$B$1)*(W46="HUB") ) > 0 ), "HUB", "")} | O46: =IF( IFERROR(VLOOKUP(A46,勤務統計!A:I,9,FALSE),"")<>勤務統計!$C$1, "未完工", IF( AND(勤務統計!$D$1="--",勤務統計!$E$1="--",勤務統計!$F$1="--"), "已完工", IF( OR( AND(勤務統計!$D$1<>"--", IFERROR(VLOOKUP(A46,'0919門市清單主檔'!B:AH,31,FALSE),"")=勤務統計!$D$1, IFERROR(VLOOKUP(A46,勤務統計!A:Q,17,FALSE),"")<>勤務統計!$D$1), AND(勤務統計!$E$1<>"--", IFERROR(VLOOKUP(A46,'0919門市清單主檔'!B:AH,32,FALSE),"")=勤務統計!$E$1, IFERROR(VLOOKUP(A46,勤務統計!A:S,19,FALSE),"")<>勤務統計!$E$1), AND(勤務統計!$F$1<>"--", IFERROR(VLOOKUP(A46,'0919門市清單主檔'!B:AH,33,FALSE),"")=勤務統計!$F$1, IFERROR(VLOOKUP(A46,勤務統計!A:U,21,FALSE),"")<>勤務統計!$F$1), AND(IFERROR(VLOOKUP(A46,'0919門市清單主檔'!B:AH,28,FALSE),"")="HUB", IFERROR(VLOOKUP(A46,勤務統計!A:W,23,FALSE),"")<>"HUB") ), _xlfn.TEXTJOIN( "，", TRUE, IF(AND(勤務統計!$D$1<>"--", IFERROR(VLOOKUP(A46,'0919門市清單主檔'!B:AH,31,FALSE),"")=勤務統計!$D$1, IFERROR(VLOOKUP(A46,勤務統計!A:Q,17,FALSE),"")<>勤務統計!$D$1), 勤務統計!$D$1, ""), IF(AND(勤務統計!$E$1<>"--", IFERROR(VLOOKUP(A46,'0919門市清單主檔'!B:AH,32,FALSE),"")=勤務統計!$E$1, IFERROR(VLOOKUP(A46,勤務統計!A:S,19,FALSE),"")<>勤務統計!$E$1), 勤務統計!$E$1, ""), IF(AND(勤務統計!$F$1<>"--", IFERROR(VLOOKUP(A46,'0919門市清單主檔'!B:AH,33,FALSE),"")=勤務統計!$F$1, IFERROR(VLOOKUP(A46,勤務統計!A:U,21,FALSE),"")<>勤務統計!$F$1), 勤務統計!$F$1, ""), IF(AND(IFERROR(VLOOKUP(A46,'0919門市清單主檔'!B:AH,28,FALSE),"")="HUB", IFERROR(VLOOKUP(A46,勤務統計!A:W,23,FALSE),"")<>"HUB"), "HUB", "") ) & "未完工", "已完工" ) ) ) -> 未完工 | P46: =(TEXT(I46,"yyyymmdd"))&勤務統計!$V$2&A46&勤務統計!$V$2&B46&勤務統計!$S$2 -> PMQ1-D649-三重運動公園(定保) | Q46: {=IF(AND(SUMPRODUCT((IM!$F$2:$F$5000=A46)*(ISNUMBER(SEARCH(勤務統計!$D$1, IM!$AC$2:$AC$5000))))>0), 勤務統計!$D$1, "")} | R46: {=IFERROR(INDEX(IM!$AM$2:$AM$5000, MATCH(1, (IM!$F$2:$F$5000=A46) * (ISNUMBER(SEARCH(勤務統計!$D$1, IM!$AC$2:$AC$5000))), 0)), "")} | S46: {=IF(AND(SUMPRODUCT((IM!$F$2:$F$5000=A46)*(ISNUMBER(SEARCH(勤務統計!$E$1, IM!$AC$2:$AC$5000))))>0), 勤務統計!$E$1, "")} -> +L90 | T46: {=IFERROR(INDEX(IM!$AM$2:$AM$5000, MATCH(1, (IM!$F$2:$F$5000=A46) * (ISNUMBER(SEARCH(勤務統計!$E$1, IM!$AC$2:$AC$5000))), 0)), "")} -> 45958 | U46: {=IF(AND(SUMPRODUCT((IM!$F$2:$F$5000=A46)*(ISNUMBER(SEARCH(勤務統計!$F$1, IM!$AC$2:$AC$5000))))>0), 勤務統計!$F$1, "")} -> +721 | V46: {=IFERROR(INDEX(IM!$AM$2:$AM$5000, MATCH(1, (IM!$F$2:$F$5000=A46) * (ISNUMBER(SEARCH(勤務統計!$F$1, IM!$AC$2:$AC$5000))), 0)), "")} -> 46034 | W46: =IF(VLOOKUP(A46,'0919門市清單主檔'!B:AC,28,FALSE)=0,"",VLOOKUP(A46,'0919門市清單主檔'!B:AC,28,FALSE))
A47: 4210 | B47: =VLOOKUP(A47,'0919門市清單主檔'!B:C,2,FALSE) -> 三重福華店 | C47: =VLOOKUP($A47,'0919門市清單主檔'!B:V,20,FALSE) -> 新北市 | D47: =VLOOKUP($A47,'0919門市清單主檔'!B:V,21,FALSE) -> 三重區 | E47: =VLOOKUP(D47,門市狀態!G:H,2,FALSE) -> 劉柏均 | F47: =IFERROR(IF(VLOOKUP(A47,門市狀態!A:D,4,FALSE)=0,"",VLOOKUP(A47,門市狀態!A:D,4,FALSE)),"") | H47: =IF(I47>0,(TEXT(I47,"yyyymmdd")&勤務統計!$V$2&A47&勤務統計!$V$2&B47&勤務統計!$S$2),"") -> PMQ1-4210-三重福華店(定保) | I47: {=IF(AND(SUMPRODUCT((IM!$F$2:$F$5000=A47)*(ISNUMBER(SEARCH(勤務統計!$C$1, IM!$AC$2:$AC$5000))))>0), 勤務統計!$C$1, "")} -> PMQ1 | J47: {=IFERROR(INDEX(IM!$AM$2:$AM$5000, MATCH(1, (IM!$F$2:$F$5000=A47) * (ISNUMBER(SEARCH(勤務統計!$C$1, IM!$AC$2:$AC$5000))), 0)), "")} -> 46034 | K47: {=SUMPRODUCT((IM!$F$2:$F$5000=A47)*(IM!$AD$2:$AD$5000="O")*(ISNUMBER(SEARCH(勤務統計!$C$1, IM!$AC$2:$AC$5000))))} -> 1 | L47: {=IF(K47>0,IFERROR(HYPERLINK("#'IM'!AC"&MATCH(1,(IM!$F$1:$F$5000=A47)*(ISNUMBER(SEARCH(勤務統計!$C$1,IM!$AC$1:$AC$5000))),0),"檢核"),"未登錄"),"")} -> 檢核 | M47: =Q47&S47&U47 -> +L90+721 | N47: {=IF(AND( SUMPRODUCT( (IM!$F$2:$F$522=A47) * ISNUMBER(SEARCH("*HUB*", IM!$AC$2:$AC$522)) * (IM!$X$2:$X$522>=勤務統計!$A$1) * (IM!$X$2:$X$522<=勤務統計!$B$1)*(W47="HUB") ) > 0 ), "HUB", "")} | O47: =IF( IFERROR(VLOOKUP(A47,勤務統計!A:I,9,FALSE),"")<>勤務統計!$C$1, "未完工", IF( AND(勤務統計!$D$1="--",勤務統計!$E$1="--",勤務統計!$F$1="--"), "已完工", IF( OR( AND(勤務統計!$D$1<>"--", IFERROR(VLOOKUP(A47,'0919門市清單主檔'!B:AH,31,FALSE),"")=勤務統計!$D$1, IFERROR(VLOOKUP(A47,勤務統計!A:Q,17,FALSE),"")<>勤務統計!$D$1), AND(勤務統計!$E$1<>"--", IFERROR(VLOOKUP(A47,'0919門市清單主檔'!B:AH,32,FALSE),"")=勤務統計!$E$1, IFERROR(VLOOKUP(A47,勤務統計!A:S,19,FALSE),"")<>勤務統計!$E$1), AND(勤務統計!$F$1<>"--", IFERROR(VLOOKUP(A47,'0919門市清單主檔'!B:AH,33,FALSE),"")=勤務統計!$F$1, IFERROR(VLOOKUP(A47,勤務統計!A:U,21,FALSE),"")<>勤務統計!$F$1), AND(IFERROR(VLOOKUP(A47,'0919門市清單主檔'!B:AH,28,FALSE),"")="HUB", IFERROR(VLOOKUP(A47,勤務統計!A:W,23,FALSE),"")<>"HUB") ), _xlfn.TEXTJOIN( "，", TRUE, IF(AND(勤務統計!$D$1<>"--", IFERROR(VLOOKUP(A47,'0919門市清單主檔'!B:AH,31,FALSE),"")=勤務統計!$D$1, IFERROR(VLOOKUP(A47,勤務統計!A:Q,17,FALSE),"")<>勤務統計!$D$1), 勤務統計!$D$1, ""), IF(AND(勤務統計!$E$1<>"--", IFERROR(VLOOKUP(A47,'0919門市清單主檔'!B:AH,32,FALSE),"")=勤務統計!$E$1, IFERROR(VLOOKUP(A47,勤務統計!A:S,19,FALSE),"")<>勤務統計!$E$1), 勤務統計!$E$1, ""), IF(AND(勤務統計!$F$1<>"--", IFERROR(VLOOKUP(A47,'0919門市清單主檔'!B:AH,33,FALSE),"")=勤務統計!$F$1, IFERROR(VLOOKUP(A47,勤務統計!A:U,21,FALSE),"")<>勤務統計!$F$1), 勤務統計!$F$1, ""), IF(AND(IFERROR(VLOOKUP(A47,'0919門市清單主檔'!B:AH,28,FALSE),"")="HUB", IFERROR(VLOOKUP(A47,勤務統計!A:W,23,FALSE),"")<>"HUB"), "HUB", "") ) & "未完工", "已完工" ) ) ) -> 未完工 | P47: =(TEXT(I47,"yyyymmdd"))&勤務統計!$V$2&A47&勤務統計!$V$2&B47&勤務統計!$S$2 -> PMQ1-4210-三重福華店(定保) | Q47: {=IF(AND(SUMPRODUCT((IM!$F$2:$F$5000=A47)*(ISNUMBER(SEARCH(勤務統計!$D$1, IM!$AC$2:$AC$5000))))>0), 勤務統計!$D$1, "")} | R47: {=IFERROR(INDEX(IM!$AM$2:$AM$5000, MATCH(1, (IM!$F$2:$F$5000=A47) * (ISNUMBER(SEARCH(勤務統計!$D$1, IM!$AC$2:$AC$5000))), 0)), "")} | S47: {=IF(AND(SUMPRODUCT((IM!$F$2:$F$5000=A47)*(ISNUMBER(SEARCH(勤務統計!$E$1, IM!$AC$2:$AC$5000))))>0), 勤務統計!$E$1, "")} -> +L90 | T47: {=IFERROR(INDEX(IM!$AM$2:$AM$5000, MATCH(1, (IM!$F$2:$F$5000=A47) * (ISNUMBER(SEARCH(勤務統計!$E$1, IM!$AC$2:$AC$5000))), 0)), "")} -> 45971 | U47: {=IF(AND(SUMPRODUCT((IM!$F$2:$F$5000=A47)*(ISNUMBER(SEARCH(勤務統計!$F$1, IM!$AC$2:$AC$5000))))>0), 勤務統計!$F$1, "")} -> +721 | V47: {=IFERROR(INDEX(IM!$AM$2:$AM$5000, MATCH(1, (IM!$F$2:$F$5000=A47) * (ISNUMBER(SEARCH(勤務統計!$F$1, IM!$AC$2:$AC$5000))), 0)), "")} -> 46034 | W47: =IF(VLOOKUP(A47,'0919門市清單主檔'!B:AC,28,FALSE)=0,"",VLOOKUP(A47,'0919門市清單主檔'!B:AC,28,FALSE))
A48: D174 | B48: =VLOOKUP(A48,'0919門市清單主檔'!B:C,2,FALSE) -> 新莊裕民店 | C48: =VLOOKUP($A48,'0919門市清單主檔'!B:V,20,FALSE) -> 新北市 | D48: =VLOOKUP($A48,'0919門市清單主檔'!B:V,21,FALSE) -> 新莊區 | E48: =VLOOKUP(D48,門市狀態!G:H,2,FALSE) -> 湯家瑋 | F48: =IFERROR(IF(VLOOKUP(A48,門市狀態!A:D,4,FALSE)=0,"",VLOOKUP(A48,門市狀態!A:D,4,FALSE)),"") | H48: =IF(I48>0,(TEXT(I48,"yyyymmdd")&勤務統計!$V$2&A48&勤務統計!$V$2&B48&勤務統計!$S$2),"") -> PMQ1-D174-新莊裕民店(定保) | I48: {=IF(AND(SUMPRODUCT((IM!$F$2:$F$5000=A48)*(ISNUMBER(SEARCH(勤務統計!$C$1, IM!$AC$2:$AC$5000))))>0), 勤務統計!$C$1, "")} -> PMQ1 | J48: {=IFERROR(INDEX(IM!$AM$2:$AM$5000, MATCH(1, (IM!$F$2:$F$5000=A48) * (ISNUMBER(SEARCH(勤務統計!$C$1, IM!$AC$2:$AC$5000))), 0)), "")} -> 46034 | K48: {=SUMPRODUCT((IM!$F$2:$F$5000=A48)*(IM!$AD$2:$AD$5000="O")*(ISNUMBER(SEARCH(勤務統計!$C$1, IM!$AC$2:$AC$5000))))} -> 1 | L48: {=IF(K48>0,IFERROR(HYPERLINK("#'IM'!AC"&MATCH(1,(IM!$F$1:$F$5000=A48)*(ISNUMBER(SEARCH(勤務統計!$C$1,IM!$AC$1:$AC$5000))),0),"檢核"),"未登錄"),"")} -> 檢核 | M48: =Q48&S48&U48 -> +L90+721 | N48: {=IF(AND( SUMPRODUCT( (IM!$F$2:$F$522=A48) * ISNUMBER(SEARCH("*HUB*", IM!$AC$2:$AC$522)) * (IM!$X$2:$X$522>=勤務統計!$A$1) * (IM!$X$2:$X$522<=勤務統計!$B$1)*(W48="HUB") ) > 0 ), "HUB", "")} | O48: =IF( IFERROR(VLOOKUP(A48,勤務統計!A:I,9,FALSE),"")<>勤務統計!$C$1, "未完工", IF( AND(勤務統計!$D$1="--",勤務統計!$E$1="--",勤務統計!$F$1="--"), "已完工", IF( OR( AND(勤務統計!$D$1<>"--", IFERROR(VLOOKUP(A48,'0919門市清單主檔'!B:AH,31,FALSE),"")=勤務統計!$D$1, IFERROR(VLOOKUP(A48,勤務統計!A:Q,17,FALSE),"")<>勤務統計!$D$1), AND(勤務統計!$E$1<>"--", IFERROR(VLOOKUP(A48,'0919門市清單主檔'!B:AH,32,FALSE),"")=勤務統計!$E$1, IFERROR(VLOOKUP(A48,勤務統計!A:S,19,FALSE),"")<>勤務統計!$E$1), AND(勤務統計!$F$1<>"--", IFERROR(VLOOKUP(A48,'0919門市清單主檔'!B:AH,33,FALSE),"")=勤務統計!$F$1, IFERROR(VLOOKUP(A48,勤務統計!A:U,21,FALSE),"")<>勤務統計!$F$1), AND(IFERROR(VLOOKUP(A48,'0919門市清單主檔'!B:AH,28,FALSE),"")="HUB", IFERROR(VLOOKUP(A48,勤務統計!A:W,23,FALSE),"")<>"HUB") ), _xlfn.TEXTJOIN( "，", TRUE, IF(AND(勤務統計!$D$1<>"--", IFERROR(VLOOKUP(A48,'0919門市清單主檔'!B:AH,31,FALSE),"")=勤務統計!$D$1, IFERROR(VLOOKUP(A48,勤務統計!A:Q,17,FALSE),"")<>勤務統計!$D$1), 勤務統計!$D$1, ""), IF(AND(勤務統計!$E$1<>"--", IFERROR(VLOOKUP(A48,'0919門市清單主檔'!B:AH,32,FALSE),"")=勤務統計!$E$1, IFERROR(VLOOKUP(A48,勤務統計!A:S,19,FALSE),"")<>勤務統計!$E$1), 勤務統計!$E$1, ""), IF(AND(勤務統計!$F$1<>"--", IFERROR(VLOOKUP(A48,'0919門市清單主檔'!B:AH,33,FALSE),"")=勤務統計!$F$1, IFERROR(VLOOKUP(A48,勤務統計!A:U,21,FALSE),"")<>勤務統計!$F$1), 勤務統計!$F$1, ""), IF(AND(IFERROR(VLOOKUP(A48,'0919門市清單主檔'!B:AH,28,FALSE),"")="HUB", IFERROR(VLOOKUP(A48,勤務統計!A:W,23,FALSE),"")<>"HUB"), "HUB", "") ) & "未完工", "已完工" ) ) ) -> 未完工 | P48: =(TEXT(I48,"yyyymmdd"))&勤務統計!$V$2&A48&勤務統計!$V$2&B48&勤務統計!$S$2 -> PMQ1-D174-新莊裕民店(定保) | Q48: {=IF(AND(SUMPRODUCT((IM!$F$2:$F$5000=A48)*(ISNUMBER(SEARCH(勤務統計!$D$1, IM!$AC$2:$AC$5000))))>0), 勤務統計!$D$1, "")} | R48: {=IFERROR(INDEX(IM!$AM$2:$AM$5000, MATCH(1, (IM!$F$2:$F$5000=A48) * (ISNUMBER(SEARCH(勤務統計!$D$1, IM!$AC$2:$AC$5000))), 0)), "")} | S48: {=IF(AND(SUMPRODUCT((IM!$F$2:$F$5000=A48)*(ISNUMBER(SEARCH(勤務統計!$E$1, IM!$AC$2:$AC$5000))))>0), 勤務統計!$E$1, "")} -> +L90 | T48: {=IFERROR(INDEX(IM!$AM$2:$AM$5000, MATCH(1, (IM!$F$2:$F$5000=A48) * (ISNUMBER(SEARCH(勤務統計!$E$1, IM!$AC$2:$AC$5000))), 0)), "")} -> 45973 | U48: {=IF(AND(SUMPRODUCT((IM!$F$2:$F$5000=A48)*(ISNUMBER(SEARCH(勤務統計!$F$1, IM!$AC$2:$AC$5000))))>0), 勤務統計!$F$1, "")} -> +721 | V48: {=IFERROR(INDEX(IM!$AM$2:$AM$5000, MATCH(1, (IM!$F$2:$F$5000=A48) * (ISNUMBER(SEARCH(勤務統計!$F$1, IM!$AC$2:$AC$5000))), 0)), "")} -> 46034 | W48: =IF(VLOOKUP(A48,'0919門市清單主檔'!B:AC,28,FALSE)=0,"",VLOOKUP(A48,'0919門市清單主檔'!B:AC,28,FALSE))
A49: 5364 | B49: =VLOOKUP(A49,'0919門市清單主檔'!B:C,2,FALSE) -> 林口舊街店 | C49: =VLOOKUP($A49,'0919門市清單主檔'!B:V,20,FALSE) -> 新北市 | D49: =VLOOKUP($A49,'0919門市清單主檔'!B:V,21,FALSE) -> 林口區 | E49: =VLOOKUP(D49,門市狀態!G:H,2,FALSE) -> 吳宗鴻 | F49: =IFERROR(IF(VLOOKUP(A49,門市狀態!A:D,4,FALSE)=0,"",VLOOKUP(A49,門市狀態!A:D,4,FALSE)),"") | H49: =IF(I49>0,(TEXT(I49,"yyyymmdd")&勤務統計!$V$2&A49&勤務統計!$V$2&B49&勤務統計!$S$2),"") -> PMQ1-5364-林口舊街店(定保) | I49: {=IF(AND(SUMPRODUCT((IM!$F$2:$F$5000=A49)*(ISNUMBER(SEARCH(勤務統計!$C$1, IM!$AC$2:$AC$5000))))>0), 勤務統計!$C$1, "")} -> PMQ1 | J49: {=IFERROR(INDEX(IM!$AM$2:$AM$5000, MATCH(1, (IM!$F$2:$F$5000=A49) * (ISNUMBER(SEARCH(勤務統計!$C$1, IM!$AC$2:$AC$5000))), 0)), "")} -> 46035 | K49: {=SUMPRODUCT((IM!$F$2:$F$5000=A49)*(IM!$AD$2:$AD$5000="O")*(ISNUMBER(SEARCH(勤務統計!$C$1, IM!$AC$2:$AC$5000))))} -> 1 | L49: {=IF(K49>0,IFERROR(HYPERLINK("#'IM'!AC"&MATCH(1,(IM!$F$1:$F$5000=A49)*(ISNUMBER(SEARCH(勤務統計!$C$1,IM!$AC$1:$AC$5000))),0),"檢核"),"未登錄"),"")} -> 檢核 | M49: =Q49&S49&U49 -> +L90+721 | N49: {=IF(AND( SUMPRODUCT( (IM!$F$2:$F$522=A49) * ISNUMBER(SEARCH("*HUB*", IM!$AC$2:$AC$522)) * (IM!$X$2:$X$522>=勤務統計!$A$1) * (IM!$X$2:$X$522<=勤務統計!$B$1)*(W49="HUB") ) > 0 ), "HUB", "")} | O49: =IF( IFERROR(VLOOKUP(A49,勤務統計!A:I,9,FALSE),"")<>勤務統計!$C$1, "未完工", IF( AND(勤務統計!$D$1="--",勤務統計!$E$1="--",勤務統計!$F$1="--"), "已完工", IF( OR( AND(勤務統計!$D$1<>"--", IFERROR(VLOOKUP(A49,'0919門市清單主檔'!B:AH,31,FALSE),"")=勤務統計!$D$1, IFERROR(VLOOKUP(A49,勤務統計!A:Q,17,FALSE),"")<>勤務統計!$D$1), AND(勤務統計!$E$1<>"--", IFERROR(VLOOKUP(A49,'0919門市清單主檔'!B:AH,32,FALSE),"")=勤務統計!$E$1, IFERROR(VLOOKUP(A49,勤務統計!A:S,19,FALSE),"")<>勤務統計!$E$1), AND(勤務統計!$F$1<>"--", IFERROR(VLOOKUP(A49,'0919門市清單主檔'!B:AH,33,FALSE),"")=勤務統計!$F$1, IFERROR(VLOOKUP(A49,勤務統計!A:U,21,FALSE),"")<>勤務統計!$F$1), AND(IFERROR(VLOOKUP(A49,'0919門市清單主檔'!B:AH,28,FALSE),"")="HUB", IFERROR(VLOOKUP(A49,勤務統計!A:W,23,FALSE),"")<>"HUB") ), _xlfn.TEXTJOIN( "，", TRUE, IF(AND(勤務統計!$D$1<>"--", IFERROR(VLOOKUP(A49,'0919門市清單主檔'!B:AH,31,FALSE),"")=勤務統計!$D$1, IFERROR(VLOOKUP(A49,勤務統計!A:Q,17,FALSE),"")<>勤務統計!$D$1), 勤務統計!$D$1, ""), IF(AND(勤務統計!$E$1<>"--", IFERROR(VLOOKUP(A49,'0919門市清單主檔'!B:AH,32,FALSE),"")=勤務統計!$E$1, IFERROR(VLOOKUP(A49,勤務統計!A:S,19,FALSE),"")<>勤務統計!$E$1), 勤務統計!$E$1, ""), IF(AND(勤務統計!$F$1<>"--", IFERROR(VLOOKUP(A49,'0919門市清單主檔'!B:AH,33,FALSE),"")=勤務統計!$F$1, IFERROR(VLOOKUP(A49,勤務統計!A:U,21,FALSE),"")<>勤務統計!$F$1), 勤務統計!$F$1, ""), IF(AND(IFERROR(VLOOKUP(A49,'0919門市清單主檔'!B:AH,28,FALSE),"")="HUB", IFERROR(VLOOKUP(A49,勤務統計!A:W,23,FALSE),"")<>"HUB"), "HUB", "") ) & "未完工", "已完工" ) ) ) -> 未完工 | P49: =(TEXT(I49,"yyyymmdd"))&勤務統計!$V$2&A49&勤務統計!$V$2&B49&勤務統計!$S$2 -> PMQ1-5364-林口舊街店(定保) | Q49: {=IF(AND(SUMPRODUCT((IM!$F$2:$F$5000=A49)*(ISNUMBER(SEARCH(勤務統計!$D$1, IM!$AC$2:$AC$5000))))>0), 勤務統計!$D$1, "")} | R49: {=IFERROR(INDEX(IM!$AM$2:$AM$5000, MATCH(1, (IM!$F$2:$F$5000=A49) * (ISNUMBER(SEARCH(勤務統計!$D$1, IM!$AC$2:$AC$5000))), 0)), "")} | S49: {=IF(AND(SUMPRODUCT((IM!$F$2:$F$5000=A49)*(ISNUMBER(SEARCH(勤務統計!$E$1, IM!$AC$2:$AC$5000))))>0), 勤務統計!$E$1, "")} -> +L90 | T49: {=IFERROR(INDEX(IM!$AM$2:$AM$5000, MATCH(1, (IM!$F$2:$F$5000=A49) * (ISNUMBER(SEARCH(勤務統計!$E$1, IM!$AC$2:$AC$5000))), 0)), "")} -> 45958 | U49: {=IF(AND(SUMPRODUCT((IM!$F$2:$F$5000=A49)*(ISNUMBER(SEARCH(勤務統計!$F$1, IM!$AC$2:$AC$5000))))>0), 勤務統計!$F$1, "")} -> +721 | V49: {=IFERROR(INDEX(IM!$AM$2:$AM$5000, MATCH(1, (IM!$F$2:$F$5000=A49) * (ISNUMBER(SEARCH(勤務統計!$F$1, IM!$AC$2:$AC$5000))), 0)), "")} -> 46035 | W49: =IF(VLOOKUP(A49,'0919門市清單主檔'!B:AC,28,FALSE)=0,"",VLOOKUP(A49,'0919門市清單主檔'!B:AC,28,FALSE))
A50: 4609 | B50: =VLOOKUP(A50,'0919門市清單主檔'!B:C,2,FALSE) -> 蘆洲洲正店 | C50: =VLOOKUP($A50,'0919門市清單主檔'!B:V,20,FALSE) -> 新北市 | D50: =VLOOKUP($A50,'0919門市清單主檔'!B:V,21,FALSE) -> 蘆洲區 | E50: =VLOOKUP(D50,門市狀態!G:H,2,FALSE) -> 湯家瑋 | F50: =IFERROR(IF(VLOOKUP(A50,門市狀態!A:D,4,FALSE)=0,"",VLOOKUP(A50,門市狀態!A:D,4,FALSE)),"") | H50: =IF(I50>0,(TEXT(I50,"yyyymmdd")&勤務統計!$V$2&A50&勤務統計!$V$2&B50&勤務統計!$S$2),"") -> PMQ1-4609-蘆洲洲正店(定保) | I50: {=IF(AND(SUMPRODUCT((IM!$F$2:$F$5000=A50)*(ISNUMBER(SEARCH(勤務統計!$C$1, IM!$AC$2:$AC$5000))))>0), 勤務統計!$C$1, "")} -> PMQ1 | J50: {=IFERROR(INDEX(IM!$AM$2:$AM$5000, MATCH(1, (IM!$F$2:$F$5000=A50) * (ISNUMBER(SEARCH(勤務統計!$C$1, IM!$AC$2:$AC$5000))), 0)), "")} -> 46035 | K50: {=SUMPRODUCT((IM!$F$2:$F$5000=A50)*(IM!$AD$2:$AD$5000="O")*(ISNUMBER(SEARCH(勤務統計!$C$1, IM!$AC$2:$AC$5000))))} -> 1 | L50: {=IF(K50>0,IFERROR(HYPERLINK("#'IM'!AC"&MATCH(1,(IM!$F$1:$F$5000=A50)*(ISNUMBER(SEARCH(勤務統計!$C$1,IM!$AC$1:$AC$5000))),0),"檢核"),"未登錄"),"")} -> 檢核 | M50: =Q50&S50&U50 -> +L90+721 | N50: {=IF(AND( SUMPRODUCT( (IM!$F$2:$F$522=A50) * ISNUMBER(SEARCH("*HUB*", IM!$AC$2:$AC$522)) * (IM!$X$2:$X$522>=勤務統計!$A$1) * (IM!$X$2:$X$522<=勤務統計!$B$1)*(W50="HUB") ) > 0 ), "HUB", "")} | O50: =IF( IFERROR(VLOOKUP(A50,勤務統計!A:I,9,FALSE),"")<>勤務統計!$C$1, "未完工", IF( AND(勤務統計!$D$1="--",勤務統計!$E$1="--",勤務統計!$F$1="--"), "已完工", IF( OR( AND(勤務統計!$D$1<>"--", IFERROR(VLOOKUP(A50,'0919門市清單主檔'!B:AH,31,FALSE),"")=勤務統計!$D$1, IFERROR(VLOOKUP(A50,勤務統計!A:Q,17,FALSE),"")<>勤務統計!$D$1), AND(勤務統計!$E$1<>"--", IFERROR(VLOOKUP(A50,'0919門市清單主檔'!B:AH,32,FALSE),"")=勤務統計!$E$1, IFERROR(VLOOKUP(A50,勤務統計!A:S,19,FALSE),"")<>勤務統計!$E$1), AND(勤務統計!$F$1<>"--", IFERROR(VLOOKUP(A50,'0919門市清單主檔'!B:AH,33,FALSE),"")=勤務統計!$F$1, IFERROR(VLOOKUP(A50,勤務統計!A:U,21,FALSE),"")<>勤務統計!$F$1), AND(IFERROR(VLOOKUP(A50,'0919門市清單主檔'!B:AH,28,FALSE),"")="HUB", IFERROR(VLOOKUP(A50,勤務統計!A:W,23,FALSE),"")<>"HUB") ), _xlfn.TEXTJOIN( "，", TRUE, IF(AND(勤務統計!$D$1<>"--", IFERROR(VLOOKUP(A50,'0919門市清單主檔'!B:AH,31,FALSE),"")=勤務統計!$D$1, IFERROR(VLOOKUP(A50,勤務統計!A:Q,17,FALSE),"")<>勤務統計!$D$1), 勤務統計!$D$1, ""), IF(AND(勤務統計!$E$1<>"--", IFERROR(VLOOKUP(A50,'0919門市清單主檔'!B:AH,32,FALSE),"")=勤務統計!$E$1, IFERROR(VLOOKUP(A50,勤務統計!A:S,19,FALSE),"")<>勤務統計!$E$1), 勤務統計!$E$1, ""), IF(AND(勤務統計!$F$1<>"--", IFERROR(VLOOKUP(A50,'0919門市清單主檔'!B:AH,33,FALSE),"")=勤務統計!$F$1, IFERROR(VLOOKUP(A50,勤務統計!A:U,21,FALSE),"")<>勤務統計!$F$1), 勤務統計!$F$1, ""), IF(AND(IFERROR(VLOOKUP(A50,'0919門市清單主檔'!B:AH,28,FALSE),"")="HUB", IFERROR(VLOOKUP(A50,勤務統計!A:W,23,FALSE),"")<>"HUB"), "HUB", "") ) & "未完工", "已完工" ) ) ) -> 未完工 | P50: =(TEXT(I50,"yyyymmdd"))&勤務統計!$V$2&A50&勤務統計!$V$2&B50&勤務統計!$S$2 -> PMQ1-4609-蘆洲洲正店(定保) | Q50: {=IF(AND(SUMPRODUCT((IM!$F$2:$F$5000=A50)*(ISNUMBER(SEARCH(勤務統計!$D$1, IM!$AC$2:$AC$5000))))>0), 勤務統計!$D$1, "")} | R50: {=IFERROR(INDEX(IM!$AM$2:$AM$5000, MATCH(1, (IM!$F$2:$F$5000=A50) * (ISNUMBER(SEARCH(勤務統計!$D$1, IM!$AC$2:$AC$5000))), 0)), "")} | S50: {=IF(AND(SUMPRODUCT((IM!$F$2:$F$5000=A50)*(ISNUMBER(SEARCH(勤務統計!$E$1, IM!$AC$2:$AC$5000))))>0), 勤務統計!$E$1, "")} -> +L90 | T50: {=IFERROR(INDEX(IM!$AM$2:$AM$5000, MATCH(1, (IM!$F$2:$F$5000=A50) * (ISNUMBER(SEARCH(勤務統計!$E$1, IM!$AC$2:$AC$5000))), 0)), "")} -> 45967 | U50: {=IF(AND(SUMPRODUCT((IM!$F$2:$F$5000=A50)*(ISNUMBER(SEARCH(勤務統計!$F$1, IM!$AC$2:$AC$5000))))>0), 勤務統計!$F$1, "")} -> +721 | V50: {=IFERROR(INDEX(IM!$AM$2:$AM$5000, MATCH(1, (IM!$F$2:$F$5000=A50) * (ISNUMBER(SEARCH(勤務統計!$F$1, IM!$AC$2:$AC$5000))), 0)), "")} -> 46035 | W50: =IF(VLOOKUP(A50,'0919門市清單主檔'!B:AC,28,FALSE)=0,"",VLOOKUP(A50,'0919門市清單主檔'!B:AC,28,FALSE))
A51: 4483 | B51: =VLOOKUP(A51,'0919門市清單主檔'!B:C,2,FALSE) -> 林口築夢店 | C51: =VLOOKUP($A51,'0919門市清單主檔'!B:V,20,FALSE) -> 新北市 | D51: =VLOOKUP($A51,'0919門市清單主檔'!B:V,21,FALSE) -> 林口區 | E51: =VLOOKUP(D51,門市狀態!G:H,2,FALSE) -> 吳宗鴻 | F51: =IFERROR(IF(VLOOKUP(A51,門市狀態!A:D,4,FALSE)=0,"",VLOOKUP(A51,門市狀態!A:D,4,FALSE)),"") | H51: =IF(I51>0,(TEXT(I51,"yyyymmdd")&勤務統計!$V$2&A51&勤務統計!$V$2&B51&勤務統計!$S$2),"") -> PMQ1-4483-林口築夢店(定保) | I51: {=IF(AND(SUMPRODUCT((IM!$F$2:$F$5000=A51)*(ISNUMBER(SEARCH(勤務統計!$C$1, IM!$AC$2:$AC$5000))))>0), 勤務統計!$C$1, "")} -> PMQ1 | J51: {=IFERROR(INDEX(IM!$AM$2:$AM$5000, MATCH(1, (IM!$F$2:$F$5000=A51) * (ISNUMBER(SEARCH(勤務統計!$C$1, IM!$AC$2:$AC$5000))), 0)), "")} -> 46035 | K51: {=SUMPRODUCT((IM!$F$2:$F$5000=A51)*(IM!$AD$2:$AD$5000="O")*(ISNUMBER(SEARCH(勤務統計!$C$1, IM!$AC$2:$AC$5000))))} -> 1 | L51: {=IF(K51>0,IFERROR(HYPERLINK("#'IM'!AC"&MATCH(1,(IM!$F$1:$F$5000=A51)*(ISNUMBER(SEARCH(勤務統計!$C$1,IM!$AC$1:$AC$5000))),0),"檢核"),"未登錄"),"")} -> 檢核 | M51: =Q51&S51&U51 -> +L90+721 | N51: {=IF(AND( SUMPRODUCT( (IM!$F$2:$F$522=A51) * ISNUMBER(SEARCH("*HUB*", IM!$AC$2:$AC$522)) * (IM!$X$2:$X$522>=勤務統計!$A$1) * (IM!$X$2:$X$522<=勤務統計!$B$1)*(W51="HUB") ) > 0 ), "HUB", "")} | O51: =IF( IFERROR(VLOOKUP(A51,勤務統計!A:I,9,FALSE),"")<>勤務統計!$C$1, "未完工", IF( AND(勤務統計!$D$1="--",勤務統計!$E$1="--",勤務統計!$F$1="--"), "已完工", IF( OR( AND(勤務統計!$D$1<>"--", IFERROR(VLOOKUP(A51,'0919門市清單主檔'!B:AH,31,FALSE),"")=勤務統計!$D$1, IFERROR(VLOOKUP(A51,勤務統計!A:Q,17,FALSE),"")<>勤務統計!$D$1), AND(勤務統計!$E$1<>"--", IFERROR(VLOOKUP(A51,'0919門市清單主檔'!B:AH,32,FALSE),"")=勤務統計!$E$1, IFERROR(VLOOKUP(A51,勤務統計!A:S,19,FALSE),"")<>勤務統計!$E$1), AND(勤務統計!$F$1<>"--", IFERROR(VLOOKUP(A51,'0919門市清單主檔'!B:AH,33,FALSE),"")=勤務統計!$F$1, IFERROR(VLOOKUP(A51,勤務統計!A:U,21,FALSE),"")<>勤務統計!$F$1), AND(IFERROR(VLOOKUP(A51,'0919門市清單主檔'!B:AH,28,FALSE),"")="HUB", IFERROR(VLOOKUP(A51,勤務統計!A:W,23,FALSE),"")<>"HUB") ), _xlfn.TEXTJOIN( "，", TRUE, IF(AND(勤務統計!$D$1<>"--", IFERROR(VLOOKUP(A51,'0919門市清單主檔'!B:AH,31,FALSE),"")=勤務統計!$D$1, IFERROR(VLOOKUP(A51,勤務統計!A:Q,17,FALSE),"")<>勤務統計!$D$1), 勤務統計!$D$1, ""), IF(AND(勤務統計!$E$1<>"--", IFERROR(VLOOKUP(A51,'0919門市清單主檔'!B:AH,32,FALSE),"")=勤務統計!$E$1, IFERROR(VLOOKUP(A51,勤務統計!A:S,19,FALSE),"")<>勤務統計!$E$1), 勤務統計!$E$1, ""), IF(AND(勤務統計!$F$1<>"--", IFERROR(VLOOKUP(A51,'0919門市清單主檔'!B:AH,33,FALSE),"")=勤務統計!$F$1, IFERROR(VLOOKUP(A51,勤務統計!A:U,21,FALSE),"")<>勤務統計!$F$1), 勤務統計!$F$1, ""), IF(AND(IFERROR(VLOOKUP(A51,'0919門市清單主檔'!B:AH,28,FALSE),"")="HUB", IFERROR(VLOOKUP(A51,勤務統計!A:W,23,FALSE),"")<>"HUB"), "HUB", "") ) & "未完工", "已完工" ) ) ) -> 未完工 | P51: =(TEXT(I51,"yyyymmdd"))&勤務統計!$V$2&A51&勤務統計!$V$2&B51&勤務統計!$S$2 -> PMQ1-4483-林口築夢店(定保) | Q51: {=IF(AND(SUMPRODUCT((IM!$F$2:$F$5000=A51)*(ISNUMBER(SEARCH(勤務統計!$D$1, IM!$AC$2:$AC$5000))))>0), 勤務統計!$D$1, "")} | R51: {=IFERROR(INDEX(IM!$AM$2:$AM$5000, MATCH(1, (IM!$F$2:$F$5000=A51) * (ISNUMBER(SEARCH(勤務統計!$D$1, IM!$AC$2:$AC$5000))), 0)), "")} | S51: {=IF(AND(SUMPRODUCT((IM!$F$2:$F$5000=A51)*(ISNUMBER(SEARCH(勤務統計!$E$1, IM!$AC$2:$AC$5000))))>0), 勤務統計!$E$1, "")} -> +L90 | T51: {=IFERROR(INDEX(IM!$AM$2:$AM$5000, MATCH(1, (IM!$F$2:$F$5000=A51) * (ISNUMBER(SEARCH(勤務統計!$E$1, IM!$AC$2:$AC$5000))), 0)), "")} -> 45974 | U51: {=IF(AND(SUMPRODUCT((IM!$F$2:$F$5000=A51)*(ISNUMBER(SEARCH(勤務統計!$F$1, IM!$AC$2:$AC$5000))))>0), 勤務統計!$F$1, "")} -> +721 | V51: {=IFERROR(INDEX(IM!$AM$2:$AM$5000, MATCH(1, (IM!$F$2:$F$5000=A51) * (ISNUMBER(SEARCH(勤務統計!$F$1, IM!$AC$2:$AC$5000))), 0)), "")} -> 46035 | W51: =IF(VLOOKUP(A51,'0919門市清單主檔'!B:AC,28,FALSE)=0,"",VLOOKUP(A51,'0919門市清單主檔'!B:AC,28,FALSE))
A52: 4514 | B52: =VLOOKUP(A52,'0919門市清單主檔'!B:C,2,FALSE) -> 林口老師店 | C52: =VLOOKUP($A52,'0919門市清單主檔'!B:V,20,FALSE) -> 新北市 | D52: =VLOOKUP($A52,'0919門市清單主檔'!B:V,21,FALSE) -> 林口區 | E52: =VLOOKUP(D52,門市狀態!G:H,2,FALSE) -> 吳宗鴻 | F52: =IFERROR(IF(VLOOKUP(A52,門市狀態!A:D,4,FALSE)=0,"",VLOOKUP(A52,門市狀態!A:D,4,FALSE)),"") | H52: =IF(I52>0,(TEXT(I52,"yyyymmdd")&勤務統計!$V$2&A52&勤務統計!$V$2&B52&勤務統計!$S$2),"") -> PMQ1-4514-林口老師店(定保) | I52: {=IF(AND(SUMPRODUCT((IM!$F$2:$F$5000=A52)*(ISNUMBER(SEARCH(勤務統計!$C$1, IM!$AC$2:$AC$5000))))>0), 勤務統計!$C$1, "")} -> PMQ1 | J52: {=IFERROR(INDEX(IM!$AM$2:$AM$5000, MATCH(1, (IM!$F$2:$F$5000=A52) * (ISNUMBER(SEARCH(勤務統計!$C$1, IM!$AC$2:$AC$5000))), 0)), "")} -> 46035 | K52: {=SUMPRODUCT((IM!$F$2:$F$5000=A52)*(IM!$AD$2:$AD$5000="O")*(ISNUMBER(SEARCH(勤務統計!$C$1, IM!$AC$2:$AC$5000))))} -> 1 | L52: {=IF(K52>0,IFERROR(HYPERLINK("#'IM'!AC"&MATCH(1,(IM!$F$1:$F$5000=A52)*(ISNUMBER(SEARCH(勤務統計!$C$1,IM!$AC$1:$AC$5000))),0),"檢核"),"未登錄"),"")} -> 檢核 | M52: =Q52&S52&U52 -> +L90+721 | N52: {=IF(AND( SUMPRODUCT( (IM!$F$2:$F$522=A52) * ISNUMBER(SEARCH("*HUB*", IM!$AC$2:$AC$522)) * (IM!$X$2:$X$522>=勤務統計!$A$1) * (IM!$X$2:$X$522<=勤務統計!$B$1)*(W52="HUB") ) > 0 ), "HUB", "")} | O52: =IF( IFERROR(VLOOKUP(A52,勤務統計!A:I,9,FALSE),"")<>勤務統計!$C$1, "未完工", IF( AND(勤務統計!$D$1="--",勤務統計!$E$1="--",勤務統計!$F$1="--"), "已完工", IF( OR( AND(勤務統計!$D$1<>"--", IFERROR(VLOOKUP(A52,'0919門市清單主檔'!B:AH,31,FALSE),"")=勤務統計!$D$1, IFERROR(VLOOKUP(A52,勤務統計!A:Q,17,FALSE),"")<>勤務統計!$D$1), AND(勤務統計!$E$1<>"--", IFERROR(VLOOKUP(A52,'0919門市清單主檔'!B:AH,32,FALSE),"")=勤務統計!$E$1, IFERROR(VLOOKUP(A52,勤務統計!A:S,19,FALSE),"")<>勤務統計!$E$1), AND(勤務統計!$F$1<>"--", IFERROR(VLOOKUP(A52,'0919門市清單主檔'!B:AH,33,FALSE),"")=勤務統計!$F$1, IFERROR(VLOOKUP(A52,勤務統計!A:U,21,FALSE),"")<>勤務統計!$F$1), AND(IFERROR(VLOOKUP(A52,'0919門市清單主檔'!B:AH,28,FALSE),"")="HUB", IFERROR(VLOOKUP(A52,勤務統計!A:W,23,FALSE),"")<>"HUB") ), _xlfn.TEXTJOIN( "，", TRUE, IF(AND(勤務統計!$D$1<>"--", IFERROR(VLOOKUP(A52,'0919門市清單主檔'!B:AH,31,FALSE),"")=勤務統計!$D$1, IFERROR(VLOOKUP(A52,勤務統計!A:Q,17,FALSE),"")<>勤務統計!$D$1), 勤務統計!$D$1, ""), IF(AND(勤務統計!$E$1<>"--", IFERROR(VLOOKUP(A52,'0919門市清單主檔'!B:AH,32,FALSE),"")=勤務統計!$E$1, IFERROR(VLOOKUP(A52,勤務統計!A:S,19,FALSE),"")<>勤務統計!$E$1), 勤務統計!$E$1, ""), IF(AND(勤務統計!$F$1<>"--", IFERROR(VLOOKUP(A52,'0919門市清單主檔'!B:AH,33,FALSE),"")=勤務統計!$F$1, IFERROR(VLOOKUP(A52,勤務統計!A:U,21,FALSE),"")<>勤務統計!$F$1), 勤務統計!$F$1, ""), IF(AND(IFERROR(VLOOKUP(A52,'0919門市清單主檔'!B:AH,28,FALSE),"")="HUB", IFERROR(VLOOKUP(A52,勤務統計!A:W,23,FALSE),"")<>"HUB"), "HUB", "") ) & "未完工", "已完工" ) ) ) -> 未完工 | P52: =(TEXT(I52,"yyyymmdd"))&勤務統計!$V$2&A52&勤務統計!$V$2&B52&勤務統計!$S$2 -> PMQ1-4514-林口老師店(定保) | Q52: {=IF(AND(SUMPRODUCT((IM!$F$2:$F$5000=A52)*(ISNUMBER(SEARCH(勤務統計!$D$1, IM!$AC$2:$AC$5000))))>0), 勤務統計!$D$1, "")} | R52: {=IFERROR(INDEX(IM!$AM$2:$AM$5000, MATCH(1, (IM!$F$2:$F$5000=A52) * (ISNUMBER(SEARCH(勤務統計!$D$1, IM!$AC$2:$AC$5000))), 0)), "")} | S52: {=IF(AND(SUMPRODUCT((IM!$F$2:$F$5000=A52)*(ISNUMBER(SEARCH(勤務統計!$E$1, IM!$AC$2:$AC$5000))))>0), 勤務統計!$E$1, "")} -> +L90 | T52: {=IFERROR(INDEX(IM!$AM$2:$AM$5000, MATCH(1, (IM!$F$2:$F$5000=A52) * (ISNUMBER(SEARCH(勤務統計!$E$1, IM!$AC$2:$AC$5000))), 0)), "")} -> 45974 | U52: {=IF(AND(SUMPRODUCT((IM!$F$2:$F$5000=A52)*(ISNUMBER(SEARCH(勤務統計!$F$1, IM!$AC$2:$AC$5000))))>0), 勤務統計!$F$1, "")} -> +721 | V52: {=IFERROR(INDEX(IM!$AM$2:$AM$5000, MATCH(1, (IM!$F$2:$F$5000=A52) * (ISNUMBER(SEARCH(勤務統計!$F$1, IM!$AC$2:$AC$5000))), 0)), "")} -> 46035 | W52: =IF(VLOOKUP(A52,'0919門市清單主檔'!B:AC,28,FALSE)=0,"",VLOOKUP(A52,'0919門市清單主檔'!B:AC,28,FALSE))
A53: 4282 | B53: =VLOOKUP(A53,'0919門市清單主檔'!B:C,2,FALSE) -> 林口建林店 | C53: =VLOOKUP($A53,'0919門市清單主檔'!B:V,20,FALSE) -> 新北市 | D53: =VLOOKUP($A53,'0919門市清單主檔'!B:V,21,FALSE) -> 林口區 | E53: =VLOOKUP(D53,門市狀態!G:H,2,FALSE) -> 吳宗鴻 | F53: =IFERROR(IF(VLOOKUP(A53,門市狀態!A:D,4,FALSE)=0,"",VLOOKUP(A53,門市狀態!A:D,4,FALSE)),"") | H53: =IF(I53>0,(TEXT(I53,"yyyymmdd")&勤務統計!$V$2&A53&勤務統計!$V$2&B53&勤務統計!$S$2),"") -> PMQ1-4282-林口建林店(定保) | I53: {=IF(AND(SUMPRODUCT((IM!$F$2:$F$5000=A53)*(ISNUMBER(SEARCH(勤務統計!$C$1, IM!$AC$2:$AC$5000))))>0), 勤務統計!$C$1, "")} -> PMQ1 | J53: {=IFERROR(INDEX(IM!$AM$2:$AM$5000, MATCH(1, (IM!$F$2:$F$5000=A53) * (ISNUMBER(SEARCH(勤務統計!$C$1, IM!$AC$2:$AC$5000))), 0)), "")} -> 46036 | K53: {=SUMPRODUCT((IM!$F$2:$F$5000=A53)*(IM!$AD$2:$AD$5000="O")*(ISNUMBER(SEARCH(勤務統計!$C$1, IM!$AC$2:$AC$5000))))} -> 1 | L53: {=IF(K53>0,IFERROR(HYPERLINK("#'IM'!AC"&MATCH(1,(IM!$F$1:$F$5000=A53)*(ISNUMBER(SEARCH(勤務統計!$C$1,IM!$AC$1:$AC$5000))),0),"檢核"),"未登錄"),"")} -> 檢核 | M53: =Q53&S53&U53 -> +L90+721 | N53: {=IF(AND( SUMPRODUCT( (IM!$F$2:$F$522=A53) * ISNUMBER(SEARCH("*HUB*", IM!$AC$2:$AC$522)) * (IM!$X$2:$X$522>=勤務統計!$A$1) * (IM!$X$2:$X$522<=勤務統計!$B$1)*(W53="HUB") ) > 0 ), "HUB", "")} | O53: =IF( IFERROR(VLOOKUP(A53,勤務統計!A:I,9,FALSE),"")<>勤務統計!$C$1, "未完工", IF( AND(勤務統計!$D$1="--",勤務統計!$E$1="--",勤務統計!$F$1="--"), "已完工", IF( OR( AND(勤務統計!$D$1<>"--", IFERROR(VLOOKUP(A53,'0919門市清單主檔'!B:AH,31,FALSE),"")=勤務統計!$D$1, IFERROR(VLOOKUP(A53,勤務統計!A:Q,17,FALSE),"")<>勤務統計!$D$1), AND(勤務統計!$E$1<>"--", IFERROR(VLOOKUP(A53,'0919門市清單主檔'!B:AH,32,FALSE),"")=勤務統計!$E$1, IFERROR(VLOOKUP(A53,勤務統計!A:S,19,FALSE),"")<>勤務統計!$E$1), AND(勤務統計!$F$1<>"--", IFERROR(VLOOKUP(A53,'0919門市清單主檔'!B:AH,33,FALSE),"")=勤務統計!$F$1, IFERROR(VLOOKUP(A53,勤務統計!A:U,21,FALSE),"")<>勤務統計!$F$1), AND(IFERROR(VLOOKUP(A53,'0919門市清單主檔'!B:AH,28,FALSE),"")="HUB", IFERROR(VLOOKUP(A53,勤務統計!A:W,23,FALSE),"")<>"HUB") ), _xlfn.TEXTJOIN( "，", TRUE, IF(AND(勤務統計!$D$1<>"--", IFERROR(VLOOKUP(A53,'0919門市清單主檔'!B:AH,31,FALSE),"")=勤務統計!$D$1, IFERROR(VLOOKUP(A53,勤務統計!A:Q,17,FALSE),"")<>勤務統計!$D$1), 勤務統計!$D$1, ""), IF(AND(勤務統計!$E$1<>"--", IFERROR(VLOOKUP(A53,'0919門市清單主檔'!B:AH,32,FALSE),"")=勤務統計!$E$1, IFERROR(VLOOKUP(A53,勤務統計!A:S,19,FALSE),"")<>勤務統計!$E$1), 勤務統計!$E$1, ""), IF(AND(勤務統計!$F$1<>"--", IFERROR(VLOOKUP(A53,'0919門市清單主檔'!B:AH,33,FALSE),"")=勤務統計!$F$1, IFERROR(VLOOKUP(A53,勤務統計!A:U,21,FALSE),"")<>勤務統計!$F$1), 勤務統計!$F$1, ""), IF(AND(IFERROR(VLOOKUP(A53,'0919門市清單主檔'!B:AH,28,FALSE),"")="HUB", IFERROR(VLOOKUP(A53,勤務統計!A:W,23,FALSE),"")<>"HUB"), "HUB", "") ) & "未完工", "已完工" ) ) ) -> 未完工 | P53: =(TEXT(I53,"yyyymmdd"))&勤務統計!$V$2&A53&勤務統計!$V$2&B53&勤務統計!$S$2 -> PMQ1-4282-林口建林店(定保) | Q53: {=IF(AND(SUMPRODUCT((IM!$F$2:$F$5000=A53)*(ISNUMBER(SEARCH(勤務統計!$D$1, IM!$AC$2:$AC$5000))))>0), 勤務統計!$D$1, "")} | R53: {=IFERROR(INDEX(IM!$AM$2:$AM$5000, MATCH(1, (IM!$F$2:$F$5000=A53) * (ISNUMBER(SEARCH(勤務統計!$D$1, IM!$AC$2:$AC$5000))), 0)), "")} | S53: {=IF(AND(SUMPRODUCT((IM!$F$2:$F$5000=A53)*(ISNUMBER(SEARCH(勤務統計!$E$1, IM!$AC$2:$AC$5000))))>0), 勤務統計!$E$1, "")} -> +L90 | T53: {=IFERROR(INDEX(IM!$AM$2:$AM$5000, MATCH(1, (IM!$F$2:$F$5000=A53) * (ISNUMBER(SEARCH(勤務統計!$E$1, IM!$AC$2:$AC$5000))), 0)), "")} -> 45961 | U53: {=IF(AND(SUMPRODUCT((IM!$F$2:$F$5000=A53)*(ISNUMBER(SEARCH(勤務統計!$F$1, IM!$AC$2:$AC$5000))))>0), 勤務統計!$F$1, "")} -> +721 | V53: {=IFERROR(INDEX(IM!$AM$2:$AM$5000, MATCH(1, (IM!$F$2:$F$5000=A53) * (ISNUMBER(SEARCH(勤務統計!$F$1, IM!$AC$2:$AC$5000))), 0)), "")} -> 46036 | W53: =IF(VLOOKUP(A53,'0919門市清單主檔'!B:AC,28,FALSE)=0,"",VLOOKUP(A53,'0919門市清單主檔'!B:AC,28,FALSE))
A54: 4312 | B54: =VLOOKUP(A54,'0919門市清單主檔'!B:C,2,FALSE) -> 三重文化北 | C54: =VLOOKUP($A54,'0919門市清單主檔'!B:V,20,FALSE) -> 新北市 | D54: =VLOOKUP($A54,'0919門市清單主檔'!B:V,21,FALSE) -> 三重區 | E54: =VLOOKUP(D54,門市狀態!G:H,2,FALSE) -> 劉柏均 | F54: =IFERROR(IF(VLOOKUP(A54,門市狀態!A:D,4,FALSE)=0,"",VLOOKUP(A54,門市狀態!A:D,4,FALSE)),"") | H54: =IF(I54>0,(TEXT(I54,"yyyymmdd")&勤務統計!$V$2&A54&勤務統計!$V$2&B54&勤務統計!$S$2),"") -> PMQ1-4312-三重文化北(定保) | I54: {=IF(AND(SUMPRODUCT((IM!$F$2:$F$5000=A54)*(ISNUMBER(SEARCH(勤務統計!$C$1, IM!$AC$2:$AC$5000))))>0), 勤務統計!$C$1, "")} -> PMQ1 | J54: {=IFERROR(INDEX(IM!$AM$2:$AM$5000, MATCH(1, (IM!$F$2:$F$5000=A54) * (ISNUMBER(SEARCH(勤務統計!$C$1, IM!$AC$2:$AC$5000))), 0)), "")} -> 46036 | K54: {=SUMPRODUCT((IM!$F$2:$F$5000=A54)*(IM!$AD$2:$AD$5000="O")*(ISNUMBER(SEARCH(勤務統計!$C$1, IM!$AC$2:$AC$5000))))} -> 1 | L54: {=IF(K54>0,IFERROR(HYPERLINK("#'IM'!AC"&MATCH(1,(IM!$F$1:$F$5000=A54)*(ISNUMBER(SEARCH(勤務統計!$C$1,IM!$AC$1:$AC$5000))),0),"檢核"),"未登錄"),"")} -> 檢核 | M54: =Q54&S54&U54 -> +L90+721 | N54: {=IF(AND( SUMPRODUCT( (IM!$F$2:$F$522=A54) * ISNUMBER(SEARCH("*HUB*", IM!$AC$2:$AC$522)) * (IM!$X$2:$X$522>=勤務統計!$A$1) * (IM!$X$2:$X$522<=勤務統計!$B$1)*(W54="HUB") ) > 0 ), "HUB", "")} | O54: =IF( IFERROR(VLOOKUP(A54,勤務統計!A:I,9,FALSE),"")<>勤務統計!$C$1, "未完工", IF( AND(勤務統計!$D$1="--",勤務統計!$E$1="--",勤務統計!$F$1="--"), "已完工", IF( OR( AND(勤務統計!$D$1<>"--", IFERROR(VLOOKUP(A54,'0919門市清單主檔'!B:AH,31,FALSE),"")=勤務統計!$D$1, IFERROR(VLOOKUP(A54,勤務統計!A:Q,17,FALSE),"")<>勤務統計!$D$1), AND(勤務統計!$E$1<>"--", IFERROR(VLOOKUP(A54,'0919門市清單主檔'!B:AH,32,FALSE),"")=勤務統計!$E$1, IFERROR(VLOOKUP(A54,勤務統計!A:S,19,FALSE),"")<>勤務統計!$E$1), AND(勤務統計!$F$1<>"--", IFERROR(VLOOKUP(A54,'0919門市清單主檔'!B:AH,33,FALSE),"")=勤務統計!$F$1, IFERROR(VLOOKUP(A54,勤務統計!A:U,21,FALSE),"")<>勤務統計!$F$1), AND(IFERROR(VLOOKUP(A54,'0919門市清單主檔'!B:AH,28,FALSE),"")="HUB", IFERROR(VLOOKUP(A54,勤務統計!A:W,23,FALSE),"")<>"HUB") ), _xlfn.TEXTJOIN( "，", TRUE, IF(AND(勤務統計!$D$1<>"--", IFERROR(VLOOKUP(A54,'0919門市清單主檔'!B:AH,31,FALSE),"")=勤務統計!$D$1, IFERROR(VLOOKUP(A54,勤務統計!A:Q,17,FALSE),"")<>勤務統計!$D$1), 勤務統計!$D$1, ""), IF(AND(勤務統計!$E$1<>"--", IFERROR(VLOOKUP(A54,'0919門市清單主檔'!B:AH,32,FALSE),"")=勤務統計!$E$1, IFERROR(VLOOKUP(A54,勤務統計!A:S,19,FALSE),"")<>勤務統計!$E$1), 勤務統計!$E$1, ""), IF(AND(勤務統計!$F$1<>"--", IFERROR(VLOOKUP(A54,'0919門市清單主檔'!B:AH,33,FALSE),"")=勤務統計!$F$1, IFERROR(VLOOKUP(A54,勤務統計!A:U,21,FALSE),"")<>勤務統計!$F$1), 勤務統計!$F$1, ""), IF(AND(IFERROR(VLOOKUP(A54,'0919門市清單主檔'!B:AH,28,FALSE),"")="HUB", IFERROR(VLOOKUP(A54,勤務統計!A:W,23,FALSE),"")<>"HUB"), "HUB", "") ) & "未完工", "已完工" ) ) ) -> 未完工 | P54: =(TEXT(I54,"yyyymmdd"))&勤務統計!$V$2&A54&勤務統計!$V$2&B54&勤務統計!$S$2 -> PMQ1-4312-三重文化北(定保) | Q54: {=IF(AND(SUMPRODUCT((IM!$F$2:$F$5000=A54)*(ISNUMBER(SEARCH(勤務統計!$D$1, IM!$AC$2:$AC$5000))))>0), 勤務統計!$D$1, "")} | R54: {=IFERROR(INDEX(IM!$AM$2:$AM$5000, MATCH(1, (IM!$F$2:$F$5000=A54) * (ISNUMBER(SEARCH(勤務統計!$D$1, IM!$AC$2:$AC$5000))), 0)), "")} | S54: {=IF(AND(SUMPRODUCT((IM!$F$2:$F$5000=A54)*(ISNUMBER(SEARCH(勤務統計!$E$1, IM!$AC$2:$AC$5000))))>0), 勤務統計!$E$1, "")} -> +L90 | T54: {=IFERROR(INDEX(IM!$AM$2:$AM$5000, MATCH(1, (IM!$F$2:$F$5000=A54) * (ISNUMBER(SEARCH(勤務統計!$E$1, IM!$AC$2:$AC$5000))), 0)), "")} -> 45974 | U54: {=IF(AND(SUMPRODUCT((IM!$F$2:$F$5000=A54)*(ISNUMBER(SEARCH(勤務統計!$F$1, IM!$AC$2:$AC$5000))))>0), 勤務統計!$F$1, "")} -> +721 | V54: {=IFERROR(INDEX(IM!$AM$2:$AM$5000, MATCH(1, (IM!$F$2:$F$5000=A54) * (ISNUMBER(SEARCH(勤務統計!$F$1, IM!$AC$2:$AC$5000))), 0)), "")} -> 46036 | W54: =IF(VLOOKUP(A54,'0919門市清單主檔'!B:AC,28,FALSE)=0,"",VLOOKUP(A54,'0919門市清單主檔'!B:AC,28,FALSE))
A55: 3358 | B55: =VLOOKUP(A55,'0919門市清單主檔'!B:C,2,FALSE) -> 新莊棒球場 | C55: =VLOOKUP($A55,'0919門市清單主檔'!B:V,20,FALSE) -> 新北市 | D55: =VLOOKUP($A55,'0919門市清單主檔'!B:V,21,FALSE) -> 新莊區 | E55: =VLOOKUP(D55,門市狀態!G:H,2,FALSE) -> 湯家瑋 | F55: =IFERROR(IF(VLOOKUP(A55,門市狀態!A:D,4,FALSE)=0,"",VLOOKUP(A55,門市狀態!A:D,4,FALSE)),"") | H55: =IF(I55>0,(TEXT(I55,"yyyymmdd")&勤務統計!$V$2&A55&勤務統計!$V$2&B55&勤務統計!$S$2),"") -> PMQ1-3358-新莊棒球場(定保) | I55: {=IF(AND(SUMPRODUCT((IM!$F$2:$F$5000=A55)*(ISNUMBER(SEARCH(勤務統計!$C$1, IM!$AC$2:$AC$5000))))>0), 勤務統計!$C$1, "")} -> PMQ1 | J55: {=IFERROR(INDEX(IM!$AM$2:$AM$5000, MATCH(1, (IM!$F$2:$F$5000=A55) * (ISNUMBER(SEARCH(勤務統計!$C$1, IM!$AC$2:$AC$5000))), 0)), "")} -> 46036 | K55: {=SUMPRODUCT((IM!$F$2:$F$5000=A55)*(IM!$AD$2:$AD$5000="O")*(ISNUMBER(SEARCH(勤務統計!$C$1, IM!$AC$2:$AC$5000))))} -> 1 | L55: {=IF(K55>0,IFERROR(HYPERLINK("#'IM'!AC"&MATCH(1,(IM!$F$1:$F$5000=A55)*(ISNUMBER(SEARCH(勤務統計!$C$1,IM!$AC$1:$AC$5000))),0),"檢核"),"未登錄"),"")} -> 檢核 | M55: =Q55&S55&U55 -> +L90+721 | N55: {=IF(AND( SUMPRODUCT( (IM!$F$2:$F$522=A55) * ISNUMBER(SEARCH("*HUB*", IM!$AC$2:$AC$522)) * (IM!$X$2:$X$522>=勤務統計!$A$1) * (IM!$X$2:$X$522<=勤務統計!$B$1)*(W55="HUB") ) > 0 ), "HUB", "")} | O55: =IF( IFERROR(VLOOKUP(A55,勤務統計!A:I,9,FALSE),"")<>勤務統計!$C$1, "未完工", IF( AND(勤務統計!$D$1="--",勤務統計!$E$1="--",勤務統計!$F$1="--"), "已完工", IF( OR( AND(勤務統計!$D$1<>"--", IFERROR(VLOOKUP(A55,'0919門市清單主檔'!B:AH,31,FALSE),"")=勤務統計!$D$1, IFERROR(VLOOKUP(A55,勤務統計!A:Q,17,FALSE),"")<>勤務統計!$D$1), AND(勤務統計!$E$1<>"--", IFERROR(VLOOKUP(A55,'0919門市清單主檔'!B:AH,32,FALSE),"")=勤務統計!$E$1, IFERROR(VLOOKUP(A55,勤務統計!A:S,19,FALSE),"")<>勤務統計!$E$1), AND(勤務統計!$F$1<>"--", IFERROR(VLOOKUP(A55,'0919門市清單主檔'!B:AH,33,FALSE),"")=勤務統計!$F$1, IFERROR(VLOOKUP(A55,勤務統計!A:U,21,FALSE),"")<>勤務統計!$F$1), AND(IFERROR(VLOOKUP(A55,'0919門市清單主檔'!B:AH,28,FALSE),"")="HUB", IFERROR(VLOOKUP(A55,勤務統計!A:W,23,FALSE),"")<>"HUB") ), _xlfn.TEXTJOIN( "，", TRUE, IF(AND(勤務統計!$D$1<>"--", IFERROR(VLOOKUP(A55,'0919門市清單主檔'!B:AH,31,FALSE),"")=勤務統計!$D$1, IFERROR(VLOOKUP(A55,勤務統計!A:Q,17,FALSE),"")<>勤務統計!$D$1), 勤務統計!$D$1, ""), IF(AND(勤務統計!$E$1<>"--", IFERROR(VLOOKUP(A55,'0919門市清單主檔'!B:AH,32,FALSE),"")=勤務統計!$E$1, IFERROR(VLOOKUP(A55,勤務統計!A:S,19,FALSE),"")<>勤務統計!$E$1), 勤務統計!$E$1, ""), IF(AND(勤務統計!$F$1<>"--", IFERROR(VLOOKUP(A55,'0919門市清單主檔'!B:AH,33,FALSE),"")=勤務統計!$F$1, IFERROR(VLOOKUP(A55,勤務統計!A:U,21,FALSE),"")<>勤務統計!$F$1), 勤務統計!$F$1, ""), IF(AND(IFERROR(VLOOKUP(A55,'0919門市清單主檔'!B:AH,28,FALSE),"")="HUB", IFERROR(VLOOKUP(A55,勤務統計!A:W,23,FALSE),"")<>"HUB"), "HUB", "") ) & "未完工", "已完工" ) ) ) -> 未完工 | P55: =(TEXT(I55,"yyyymmdd"))&勤務統計!$V$2&A55&勤務統計!$V$2&B55&勤務統計!$S$2 -> PMQ1-3358-新莊棒球場(定保) | Q55: {=IF(AND(SUMPRODUCT((IM!$F$2:$F$5000=A55)*(ISNUMBER(SEARCH(勤務統計!$D$1, IM!$AC$2:$AC$5000))))>0), 勤務統計!$D$1, "")} | R55: {=IFERROR(INDEX(IM!$AM$2:$AM$5000, MATCH(1, (IM!$F$2:$F$5000=A55) * (ISNUMBER(SEARCH(勤務統計!$D$1, IM!$AC$2:$AC$5000))), 0)), "")} | S55: {=IF(AND(SUMPRODUCT((IM!$F$2:$F$5000=A55)*(ISNUMBER(SEARCH(勤務統計!$E$1, IM!$AC$2:$AC$5000))))>0), 勤務統計!$E$1, "")} -> +L90 | T55: {=IFERROR(INDEX(IM!$AM$2:$AM$5000, MATCH(1, (IM!$F$2:$F$5000=A55) * (ISNUMBER(SEARCH(勤務統計!$E$1, IM!$AC$2:$AC$5000))), 0)), "")} -> 45978 | U55: {=IF(AND(SUMPRODUCT((IM!$F$2:$F$5000=A55)*(ISNUMBER(SEARCH(勤務統計!$F$1, IM!$AC$2:$AC$5000))))>0), 勤務統計!$F$1, "")} -> +721 | V55: {=IFERROR(INDEX(IM!$AM$2:$AM$5000, MATCH(1, (IM!$F$2:$F$5000=A55) * (ISNUMBER(SEARCH(勤務統計!$F$1, IM!$AC$2:$AC$5000))), 0)), "")} -> 46036 | W55: =IF(VLOOKUP(A55,'0919門市清單主檔'!B:AC,28,FALSE)=0,"",VLOOKUP(A55,'0919門市清單主檔'!B:AC,28,FALSE))
A56: 5457 | B56: =VLOOKUP(A56,'0919門市清單主檔'!B:C,2,FALSE) -> 三重鑫五華 | C56: =VLOOKUP($A56,'0919門市清單主檔'!B:V,20,FALSE) -> 新北市 | D56: =VLOOKUP($A56,'0919門市清單主檔'!B:V,21,FALSE) -> 三重區 | E56: =VLOOKUP(D56,門市狀態!G:H,2,FALSE) -> 劉柏均 | F56: =IFERROR(IF(VLOOKUP(A56,門市狀態!A:D,4,FALSE)=0,"",VLOOKUP(A56,門市狀態!A:D,4,FALSE)),"") | H56: =IF(I56>0,(TEXT(I56,"yyyymmdd")&勤務統計!$V$2&A56&勤務統計!$V$2&B56&勤務統計!$S$2),"") -> PMQ1-5457-三重鑫五華(定保) | I56: {=IF(AND(SUMPRODUCT((IM!$F$2:$F$5000=A56)*(ISNUMBER(SEARCH(勤務統計!$C$1, IM!$AC$2:$AC$5000))))>0), 勤務統計!$C$1, "")} -> PMQ1 | J56: {=IFERROR(INDEX(IM!$AM$2:$AM$5000, MATCH(1, (IM!$F$2:$F$5000=A56) * (ISNUMBER(SEARCH(勤務統計!$C$1, IM!$AC$2:$AC$5000))), 0)), "")} -> 46036 | K56: {=SUMPRODUCT((IM!$F$2:$F$5000=A56)*(IM!$AD$2:$AD$5000="O")*(ISNUMBER(SEARCH(勤務統計!$C$1, IM!$AC$2:$AC$5000))))} -> 1 | L56: {=IF(K56>0,IFERROR(HYPERLINK("#'IM'!AC"&MATCH(1,(IM!$F$1:$F$5000=A56)*(ISNUMBER(SEARCH(勤務統計!$C$1,IM!$AC$1:$AC$5000))),0),"檢核"),"未登錄"),"")} -> 檢核 | M56: =Q56&S56&U56 | N56: {=IF(AND( SUMPRODUCT( (IM!$F$2:$F$522=A56) * ISNUMBER(SEARCH("*HUB*", IM!$AC$2:$AC$522)) * (IM!$X$2:$X$522>=勤務統計!$A$1) * (IM!$X$2:$X$522<=勤務統計!$B$1)*(W56="HUB") ) > 0 ), "HUB", "")} | O56: =IF( IFERROR(VLOOKUP(A56,勤務統計!A:I,9,FALSE),"")<>勤務統計!$C$1, "未完工", IF( AND(勤務統計!$D$1="--",勤務統計!$E$1="--",勤務統計!$F$1="--"), "已完工", IF( OR( AND(勤務統計!$D$1<>"--", IFERROR(VLOOKUP(A56,'0919門市清單主檔'!B:AH,31,FALSE),"")=勤務統計!$D$1, IFERROR(VLOOKUP(A56,勤務統計!A:Q,17,FALSE),"")<>勤務統計!$D$1), AND(勤務統計!$E$1<>"--", IFERROR(VLOOKUP(A56,'0919門市清單主檔'!B:AH,32,FALSE),"")=勤務統計!$E$1, IFERROR(VLOOKUP(A56,勤務統計!A:S,19,FALSE),"")<>勤務統計!$E$1), AND(勤務統計!$F$1<>"--", IFERROR(VLOOKUP(A56,'0919門市清單主檔'!B:AH,33,FALSE),"")=勤務統計!$F$1, IFERROR(VLOOKUP(A56,勤務統計!A:U,21,FALSE),"")<>勤務統計!$F$1), AND(IFERROR(VLOOKUP(A56,'0919門市清單主檔'!B:AH,28,FALSE),"")="HUB", IFERROR(VLOOKUP(A56,勤務統計!A:W,23,FALSE),"")<>"HUB") ), _xlfn.TEXTJOIN( "，", TRUE, IF(AND(勤務統計!$D$1<>"--", IFERROR(VLOOKUP(A56,'0919門市清單主檔'!B:AH,31,FALSE),"")=勤務統計!$D$1, IFERROR(VLOOKUP(A56,勤務統計!A:Q,17,FALSE),"")<>勤務統計!$D$1), 勤務統計!$D$1, ""), IF(AND(勤務統計!$E$1<>"--", IFERROR(VLOOKUP(A56,'0919門市清單主檔'!B:AH,32,FALSE),"")=勤務統計!$E$1, IFERROR(VLOOKUP(A56,勤務統計!A:S,19,FALSE),"")<>勤務統計!$E$1), 勤務統計!$E$1, ""), IF(AND(勤務統計!$F$1<>"--", IFERROR(VLOOKUP(A56,'0919門市清單主檔'!B:AH,33,FALSE),"")=勤務統計!$F$1, IFERROR(VLOOKUP(A56,勤務統計!A:U,21,FALSE),"")<>勤務統計!$F$1), 勤務統計!$F$1, ""), IF(AND(IFERROR(VLOOKUP(A56,'0919門市清單主檔'!B:AH,28,FALSE),"")="HUB", IFERROR(VLOOKUP(A56,勤務統計!A:W,23,FALSE),"")<>"HUB"), "HUB", "") ) & "未完工", "已完工" ) ) ) -> 未完工 | P56: =(TEXT(I56,"yyyymmdd"))&勤務統計!$V$2&A56&勤務統計!$V$2&B56&勤務統計!$S$2 -> PMQ1-5457-三重鑫五華(定保) | Q56: {=IF(AND(SUMPRODUCT((IM!$F$2:$F$5000=A56)*(ISNUMBER(SEARCH(勤務統計!$D$1, IM!$AC$2:$AC$5000))))>0), 勤務統計!$D$1, "")} | R56: {=IFERROR(INDEX(IM!$AM$2:$AM$5000, MATCH(1, (IM!$F$2:$F$5000=A56) * (ISNUMBER(SEARCH(勤務統計!$D$1, IM!$AC$2:$AC$5000))), 0)), "")} | S56: {=IF(AND(SUMPRODUCT((IM!$F$2:$F$5000=A56)*(ISNUMBER(SEARCH(勤務統計!$E$1, IM!$AC$2:$AC$5000))))>0), 勤務統計!$E$1, "")} | T56: {=IFERROR(INDEX(IM!$AM$2:$AM$5000, MATCH(1, (IM!$F$2:$F$5000=A56) * (ISNUMBER(SEARCH(勤務統計!$E$1, IM!$AC$2:$AC$5000))), 0)), "")} | U56: {=IF(AND(SUMPRODUCT((IM!$F$2:$F$5000=A56)*(ISNUMBER(SEARCH(勤務統計!$F$1, IM!$AC$2:$AC$5000))))>0), 勤務統計!$F$1, "")} | V56: {=IFERROR(INDEX(IM!$AM$2:$AM$5000, MATCH(1, (IM!$F$2:$F$5000=A56) * (ISNUMBER(SEARCH(勤務統計!$F$1, IM!$AC$2:$AC$5000))), 0)), "")} | W56: =IF(VLOOKUP(A56,'0919門市清單主檔'!B:AC,28,FALSE)=0,"",VLOOKUP(A56,'0919門市清單主檔'!B:AC,28,FALSE))
A57: 2303 | B57: =VLOOKUP(A57,'0919門市清單主檔'!B:C,2,FALSE) -> 三重三和夜市 | C57: =VLOOKUP($A57,'0919門市清單主檔'!B:V,20,FALSE) -> 新北市 | D57: =VLOOKUP($A57,'0919門市清單主檔'!B:V,21,FALSE) -> 三重區 | E57: =VLOOKUP(D57,門市狀態!G:H,2,FALSE) -> 劉柏均 | F57: =IFERROR(IF(VLOOKUP(A57,門市狀態!A:D,4,FALSE)=0,"",VLOOKUP(A57,門市狀態!A:D,4,FALSE)),"") | H57: =IF(I57>0,(TEXT(I57,"yyyymmdd")&勤務統計!$V$2&A57&勤務統計!$V$2&B57&勤務統計!$S$2),"") -> PMQ1-2303-三重三和夜市(定保) | I57: {=IF(AND(SUMPRODUCT((IM!$F$2:$F$5000=A57)*(ISNUMBER(SEARCH(勤務統計!$C$1, IM!$AC$2:$AC$5000))))>0), 勤務統計!$C$1, "")} -> PMQ1 | J57: {=IFERROR(INDEX(IM!$AM$2:$AM$5000, MATCH(1, (IM!$F$2:$F$5000=A57) * (ISNUMBER(SEARCH(勤務統計!$C$1, IM!$AC$2:$AC$5000))), 0)), "")} -> 46038 | K57: {=SUMPRODUCT((IM!$F$2:$F$5000=A57)*(IM!$AD$2:$AD$5000="O")*(ISNUMBER(SEARCH(勤務統計!$C$1, IM!$AC$2:$AC$5000))))} -> 1 | L57: {=IF(K57>0,IFERROR(HYPERLINK("#'IM'!AC"&MATCH(1,(IM!$F$1:$F$5000=A57)*(ISNUMBER(SEARCH(勤務統計!$C$1,IM!$AC$1:$AC$5000))),0),"檢核"),"未登錄"),"")} -> 檢核 | M57: =Q57&S57&U57 -> +L90+721 | N57: {=IF(AND( SUMPRODUCT( (IM!$F$2:$F$522=A57) * ISNUMBER(SEARCH("*HUB*", IM!$AC$2:$AC$522)) * (IM!$X$2:$X$522>=勤務統計!$A$1) * (IM!$X$2:$X$522<=勤務統計!$B$1)*(W57="HUB") ) > 0 ), "HUB", "")} | O57: =IF( IFERROR(VLOOKUP(A57,勤務統計!A:I,9,FALSE),"")<>勤務統計!$C$1, "未完工", IF( AND(勤務統計!$D$1="--",勤務統計!$E$1="--",勤務統計!$F$1="--"), "已完工", IF( OR( AND(勤務統計!$D$1<>"--", IFERROR(VLOOKUP(A57,'0919門市清單主檔'!B:AH,31,FALSE),"")=勤務統計!$D$1, IFERROR(VLOOKUP(A57,勤務統計!A:Q,17,FALSE),"")<>勤務統計!$D$1), AND(勤務統計!$E$1<>"--", IFERROR(VLOOKUP(A57,'0919門市清單主檔'!B:AH,32,FALSE),"")=勤務統計!$E$1, IFERROR(VLOOKUP(A57,勤務統計!A:S,19,FALSE),"")<>勤務統計!$E$1), AND(勤務統計!$F$1<>"--", IFERROR(VLOOKUP(A57,'0919門市清單主檔'!B:AH,33,FALSE),"")=勤務統計!$F$1, IFERROR(VLOOKUP(A57,勤務統計!A:U,21,FALSE),"")<>勤務統計!$F$1), AND(IFERROR(VLOOKUP(A57,'0919門市清單主檔'!B:AH,28,FALSE),"")="HUB", IFERROR(VLOOKUP(A57,勤務統計!A:W,23,FALSE),"")<>"HUB") ), _xlfn.TEXTJOIN( "，", TRUE, IF(AND(勤務統計!$D$1<>"--", IFERROR(VLOOKUP(A57,'0919門市清單主檔'!B:AH,31,FALSE),"")=勤務統計!$D$1, IFERROR(VLOOKUP(A57,勤務統計!A:Q,17,FALSE),"")<>勤務統計!$D$1), 勤務統計!$D$1, ""), IF(AND(勤務統計!$E$1<>"--", IFERROR(VLOOKUP(A57,'0919門市清單主檔'!B:AH,32,FALSE),"")=勤務統計!$E$1, IFERROR(VLOOKUP(A57,勤務統計!A:S,19,FALSE),"")<>勤務統計!$E$1), 勤務統計!$E$1, ""), IF(AND(勤務統計!$F$1<>"--", IFERROR(VLOOKUP(A57,'0919門市清單主檔'!B:AH,33,FALSE),"")=勤務統計!$F$1, IFERROR(VLOOKUP(A57,勤務統計!A:U,21,FALSE),"")<>勤務統計!$F$1), 勤務統計!$F$1, ""), IF(AND(IFERROR(VLOOKUP(A57,'0919門市清單主檔'!B:AH,28,FALSE),"")="HUB", IFERROR(VLOOKUP(A57,勤務統計!A:W,23,FALSE),"")<>"HUB"), "HUB", "") ) & "未完工", "已完工" ) ) ) -> 未完工 | P57: =(TEXT(I57,"yyyymmdd"))&勤務統計!$V$2&A57&勤務統計!$V$2&B57&勤務統計!$S$2 -> PMQ1-2303-三重三和夜市(定保) | Q57: {=IF(AND(SUMPRODUCT((IM!$F$2:$F$5000=A57)*(ISNUMBER(SEARCH(勤務統計!$D$1, IM!$AC$2:$AC$5000))))>0), 勤務統計!$D$1, "")} | R57: {=IFERROR(INDEX(IM!$AM$2:$AM$5000, MATCH(1, (IM!$F$2:$F$5000=A57) * (ISNUMBER(SEARCH(勤務統計!$D$1, IM!$AC$2:$AC$5000))), 0)), "")} | S57: {=IF(AND(SUMPRODUCT((IM!$F$2:$F$5000=A57)*(ISNUMBER(SEARCH(勤務統計!$E$1, IM!$AC$2:$AC$5000))))>0), 勤務統計!$E$1, "")} -> +L90 | T57: {=IFERROR(INDEX(IM!$AM$2:$AM$5000, MATCH(1, (IM!$F$2:$F$5000=A57) * (ISNUMBER(SEARCH(勤務統計!$E$1, IM!$AC$2:$AC$5000))), 0)), "")} -> 45958 | U57: {=IF(AND(SUMPRODUCT((IM!$F$2:$F$5000=A57)*(ISNUMBER(SEARCH(勤務統計!$F$1, IM!$AC$2:$AC$5000))))>0), 勤務統計!$F$1, "")} -> +721 | V57: {=IFERROR(INDEX(IM!$AM$2:$AM$5000, MATCH(1, (IM!$F$2:$F$5000=A57) * (ISNUMBER(SEARCH(勤務統計!$F$1, IM!$AC$2:$AC$5000))), 0)), "")} -> 46038 | W57: =IF(VLOOKUP(A57,'0919門市清單主檔'!B:AC,28,FALSE)=0,"",VLOOKUP(A57,'0919門市清單主檔'!B:AC,28,FALSE))
A58: 5080 | B58: =VLOOKUP(A58,'0919門市清單主檔'!B:C,2,FALSE) -> 三芝楓愛林 | C58: =VLOOKUP($A58,'0919門市清單主檔'!B:V,20,FALSE) -> 新北市 | D58: =VLOOKUP($A58,'0919門市清單主檔'!B:V,21,FALSE) -> 三芝區 | E58: =VLOOKUP(D58,門市狀態!G:H,2,FALSE) -> 吳宗鴻 | F58: =IFERROR(IF(VLOOKUP(A58,門市狀態!A:D,4,FALSE)=0,"",VLOOKUP(A58,門市狀態!A:D,4,FALSE)),"") | H58: =IF(I58>0,(TEXT(I58,"yyyymmdd")&勤務統計!$V$2&A58&勤務統計!$V$2&B58&勤務統計!$S$2),"") -> PMQ1-5080-三芝楓愛林(定保) | I58: {=IF(AND(SUMPRODUCT((IM!$F$2:$F$5000=A58)*(ISNUMBER(SEARCH(勤務統計!$C$1, IM!$AC$2:$AC$5000))))>0), 勤務統計!$C$1, "")} -> PMQ1 | J58: {=IFERROR(INDEX(IM!$AM$2:$AM$5000, MATCH(1, (IM!$F$2:$F$5000=A58) * (ISNUMBER(SEARCH(勤務統計!$C$1, IM!$AC$2:$AC$5000))), 0)), "")} -> 46041 | K58: {=SUMPRODUCT((IM!$F$2:$F$5000=A58)*(IM!$AD$2:$AD$5000="O")*(ISNUMBER(SEARCH(勤務統計!$C$1, IM!$AC$2:$AC$5000))))} -> 1 | L58: {=IF(K58>0,IFERROR(HYPERLINK("#'IM'!AC"&MATCH(1,(IM!$F$1:$F$5000=A58)*(ISNUMBER(SEARCH(勤務統計!$C$1,IM!$AC$1:$AC$5000))),0),"檢核"),"未登錄"),"")} -> 檢核 | M58: =Q58&S58&U58 -> +L90+721 | N58: {=IF(AND( SUMPRODUCT( (IM!$F$2:$F$522=A58) * ISNUMBER(SEARCH("*HUB*", IM!$AC$2:$AC$522)) * (IM!$X$2:$X$522>=勤務統計!$A$1) * (IM!$X$2:$X$522<=勤務統計!$B$1)*(W58="HUB") ) > 0 ), "HUB", "")} | O58: =IF( IFERROR(VLOOKUP(A58,勤務統計!A:I,9,FALSE),"")<>勤務統計!$C$1, "未完工", IF( AND(勤務統計!$D$1="--",勤務統計!$E$1="--",勤務統計!$F$1="--"), "已完工", IF( OR( AND(勤務統計!$D$1<>"--", IFERROR(VLOOKUP(A58,'0919門市清單主檔'!B:AH,31,FALSE),"")=勤務統計!$D$1, IFERROR(VLOOKUP(A58,勤務統計!A:Q,17,FALSE),"")<>勤務統計!$D$1), AND(勤務統計!$E$1<>"--", IFERROR(VLOOKUP(A58,'0919門市清單主檔'!B:AH,32,FALSE),"")=勤務統計!$E$1, IFERROR(VLOOKUP(A58,勤務統計!A:S,19,FALSE),"")<>勤務統計!$E$1), AND(勤務統計!$F$1<>"--", IFERROR(VLOOKUP(A58,'0919門市清單主檔'!B:AH,33,FALSE),"")=勤務統計!$F$1, IFERROR(VLOOKUP(A58,勤務統計!A:U,21,FALSE),"")<>勤務統計!$F$1), AND(IFERROR(VLOOKUP(A58,'0919門市清單主檔'!B:AH,28,FALSE),"")="HUB", IFERROR(VLOOKUP(A58,勤務統計!A:W,23,FALSE),"")<>"HUB") ), _xlfn.TEXTJOIN( "，", TRUE, IF(AND(勤務統計!$D$1<>"--", IFERROR(VLOOKUP(A58,'0919門市清單主檔'!B:AH,31,FALSE),"")=勤務統計!$D$1, IFERROR(VLOOKUP(A58,勤務統計!A:Q,17,FALSE),"")<>勤務統計!$D$1), 勤務統計!$D$1, ""), IF(AND(勤務統計!$E$1<>"--", IFERROR(VLOOKUP(A58,'0919門市清單主檔'!B:AH,32,FALSE),"")=勤務統計!$E$1, IFERROR(VLOOKUP(A58,勤務統計!A:S,19,FALSE),"")<>勤務統計!$E$1), 勤務統計!$E$1, ""), IF(AND(勤務統計!$F$1<>"--", IFERROR(VLOOKUP(A58,'0919門市清單主檔'!B:AH,33,FALSE),"")=勤務統計!$F$1, IFERROR(VLOOKUP(A58,勤務統計!A:U,21,FALSE),"")<>勤務統計!$F$1), 勤務統計!$F$1, ""), IF(AND(IFERROR(VLOOKUP(A58,'0919門市清單主檔'!B:AH,28,FALSE),"")="HUB", IFERROR(VLOOKUP(A58,勤務統計!A:W,23,FALSE),"")<>"HUB"), "HUB", "") ) & "未完工", "已完工" ) ) ) -> 未完工 | P58: =(TEXT(I58,"yyyymmdd"))&勤務統計!$V$2&A58&勤務統計!$V$2&B58&勤務統計!$S$2 -> PMQ1-5080-三芝楓愛林(定保) | Q58: {=IF(AND(SUMPRODUCT((IM!$F$2:$F$5000=A58)*(ISNUMBER(SEARCH(勤務統計!$D$1, IM!$AC$2:$AC$5000))))>0), 勤務統計!$D$1, "")} | R58: {=IFERROR(INDEX(IM!$AM$2:$AM$5000, MATCH(1, (IM!$F$2:$F$5000=A58) * (ISNUMBER(SEARCH(勤務統計!$D$1, IM!$AC$2:$AC$5000))), 0)), "")} | S58: {=IF(AND(SUMPRODUCT((IM!$F$2:$F$5000=A58)*(ISNUMBER(SEARCH(勤務統計!$E$1, IM!$AC$2:$AC$5000))))>0), 勤務統計!$E$1, "")} -> +L90 | T58: {=IFERROR(INDEX(IM!$AM$2:$AM$5000, MATCH(1, (IM!$F$2:$F$5000=A58) * (ISNUMBER(SEARCH(勤務統計!$E$1, IM!$AC$2:$AC$5000))), 0)), "")} -> 45975 | U58: {=IF(AND(SUMPRODUCT((IM!$F$2:$F$5000=A58)*(ISNUMBER(SEARCH(勤務統計!$F$1, IM!$AC$2:$AC$5000))))>0), 勤務統計!$F$1, "")} -> +721 | V58: {=IFERROR(INDEX(IM!$AM$2:$AM$5000, MATCH(1, (IM!$F$2:$F$5000=A58) * (ISNUMBER(SEARCH(勤務統計!$F$1, IM!$AC$2:$AC$5000))), 0)), "")} -> 46041 | W58: =IF(VLOOKUP(A58,'0919門市清單主檔'!B:AC,28,FALSE)=0,"",VLOOKUP(A58,'0919門市清單主檔'!B:AC,28,FALSE))
A59: 2237 | B59: =VLOOKUP(A59,'0919門市清單主檔'!B:C,2,FALSE) -> 三芝芝蘭店 | C59: =VLOOKUP($A59,'0919門市清單主檔'!B:V,20,FALSE) -> 新北市 | D59: =VLOOKUP($A59,'0919門市清單主檔'!B:V,21,FALSE) -> 三芝區 | E59: =VLOOKUP(D59,門市狀態!G:H,2,FALSE) -> 吳宗鴻 | F59: =IFERROR(IF(VLOOKUP(A59,門市狀態!A:D,4,FALSE)=0,"",VLOOKUP(A59,門市狀態!A:D,4,FALSE)),"") -> 撤店 | H59: =IF(I59>0,(TEXT(I59,"yyyymmdd")&勤務統計!$V$2&A59&勤務統計!$V$2&B59&勤務統計!$S$2),"") -> PMQ1-2237-三芝芝蘭店(定保) | I59: {=IF(AND(SUMPRODUCT((IM!$F$2:$F$5000=A59)*(ISNUMBER(SEARCH(勤務統計!$C$1, IM!$AC$2:$AC$5000))))>0), 勤務統計!$C$1, "")} -> PMQ1 | J59: {=IFERROR(INDEX(IM!$AM$2:$AM$5000, MATCH(1, (IM!$F$2:$F$5000=A59) * (ISNUMBER(SEARCH(勤務統計!$C$1, IM!$AC$2:$AC$5000))), 0)), "")} -> 46041 | K59: {=SUMPRODUCT((IM!$F$2:$F$5000=A59)*(IM!$AD$2:$AD$5000="O")*(ISNUMBER(SEARCH(勤務統計!$C$1, IM!$AC$2:$AC$5000))))} -> 1 | L59: {=IF(K59>0,IFERROR(HYPERLINK("#'IM'!AC"&MATCH(1,(IM!$F$1:$F$5000=A59)*(ISNUMBER(SEARCH(勤務統計!$C$1,IM!$AC$1:$AC$5000))),0),"檢核"),"未登錄"),"")} -> 檢核 | M59: =Q59&S59&U59 -> +L90+721 | N59: {=IF(AND( SUMPRODUCT( (IM!$F$2:$F$522=A59) * ISNUMBER(SEARCH("*HUB*", IM!$AC$2:$AC$522)) * (IM!$X$2:$X$522>=勤務統計!$A$1) * (IM!$X$2:$X$522<=勤務統計!$B$1)*(W59="HUB") ) > 0 ), "HUB", "")} | O59: =IF( IFERROR(VLOOKUP(A59,勤務統計!A:I,9,FALSE),"")<>勤務統計!$C$1, "未完工", IF( AND(勤務統計!$D$1="--",勤務統計!$E$1="--",勤務統計!$F$1="--"), "已完工", IF( OR( AND(勤務統計!$D$1<>"--", IFERROR(VLOOKUP(A59,'0919門市清單主檔'!B:AH,31,FALSE),"")=勤務統計!$D$1, IFERROR(VLOOKUP(A59,勤務統計!A:Q,17,FALSE),"")<>勤務統計!$D$1), AND(勤務統計!$E$1<>"--", IFERROR(VLOOKUP(A59,'0919門市清單主檔'!B:AH,32,FALSE),"")=勤務統計!$E$1, IFERROR(VLOOKUP(A59,勤務統計!A:S,19,FALSE),"")<>勤務統計!$E$1), AND(勤務統計!$F$1<>"--", IFERROR(VLOOKUP(A59,'0919門市清單主檔'!B:AH,33,FALSE),"")=勤務統計!$F$1, IFERROR(VLOOKUP(A59,勤務統計!A:U,21,FALSE),"")<>勤務統計!$F$1), AND(IFERROR(VLOOKUP(A59,'0919門市清單主檔'!B:AH,28,FALSE),"")="HUB", IFERROR(VLOOKUP(A59,勤務統計!A:W,23,FALSE),"")<>"HUB") ), _xlfn.TEXTJOIN( "，", TRUE, IF(AND(勤務統計!$D$1<>"--", IFERROR(VLOOKUP(A59,'0919門市清單主檔'!B:AH,31,FALSE),"")=勤務統計!$D$1, IFERROR(VLOOKUP(A59,勤務統計!A:Q,17,FALSE),"")<>勤務統計!$D$1), 勤務統計!$D$1, ""), IF(AND(勤務統計!$E$1<>"--", IFERROR(VLOOKUP(A59,'0919門市清單主檔'!B:AH,32,FALSE),"")=勤務統計!$E$1, IFERROR(VLOOKUP(A59,勤務統計!A:S,19,FALSE),"")<>勤務統計!$E$1), 勤務統計!$E$1, ""), IF(AND(勤務統計!$F$1<>"--", IFERROR(VLOOKUP(A59,'0919門市清單主檔'!B:AH,33,FALSE),"")=勤務統計!$F$1, IFERROR(VLOOKUP(A59,勤務統計!A:U,21,FALSE),"")<>勤務統計!$F$1), 勤務統計!$F$1, ""), IF(AND(IFERROR(VLOOKUP(A59,'0919門市清單主檔'!B:AH,28,FALSE),"")="HUB", IFERROR(VLOOKUP(A59,勤務統計!A:W,23,FALSE),"")<>"HUB"), "HUB", "") ) & "未完工", "已完工" ) ) ) -> 未完工 | P59: =(TEXT(I59,"yyyymmdd"))&勤務統計!$V$2&A59&勤務統計!$V$2&B59&勤務統計!$S$2 -> PMQ1-2237-三芝芝蘭店(定保) | Q59: {=IF(AND(SUMPRODUCT((IM!$F$2:$F$5000=A59)*(ISNUMBER(SEARCH(勤務統計!$D$1, IM!$AC$2:$AC$5000))))>0), 勤務統計!$D$1, "")} | R59: {=IFERROR(INDEX(IM!$AM$2:$AM$5000, MATCH(1, (IM!$F$2:$F$5000=A59) * (ISNUMBER(SEARCH(勤務統計!$D$1, IM!$AC$2:$AC$5000))), 0)), "")} | S59: {=IF(AND(SUMPRODUCT((IM!$F$2:$F$5000=A59)*(ISNUMBER(SEARCH(勤務統計!$E$1, IM!$AC$2:$AC$5000))))>0), 勤務統計!$E$1, "")} -> +L90 | T59: {=IFERROR(INDEX(IM!$AM$2:$AM$5000, MATCH(1, (IM!$F$2:$F$5000=A59) * (ISNUMBER(SEARCH(勤務統計!$E$1, IM!$AC$2:$AC$5000))), 0)), "")} -> 45975 | U59: {=IF(AND(SUMPRODUCT((IM!$F$2:$F$5000=A59)*(ISNUMBER(SEARCH(勤務統計!$F$1, IM!$AC$2:$AC$5000))))>0), 勤務統計!$F$1, "")} -> +721 | V59: {=IFERROR(INDEX(IM!$AM$2:$AM$5000, MATCH(1, (IM!$F$2:$F$5000=A59) * (ISNUMBER(SEARCH(勤務統計!$F$1, IM!$AC$2:$AC$5000))), 0)), "")} -> 46041 | W59: =IF(VLOOKUP(A59,'0919門市清單主檔'!B:AC,28,FALSE)=0,"",VLOOKUP(A59,'0919門市清單主檔'!B:AC,28,FALSE))
A60: 2749 | B60: =VLOOKUP(A60,'0919門市清單主檔'!B:C,2,FALSE) -> 淡水灰瑤子 | C60: =VLOOKUP($A60,'0919門市清單主檔'!B:V,20,FALSE) -> 新北市 | D60: =VLOOKUP($A60,'0919門市清單主檔'!B:V,21,FALSE) -> 淡水區 | E60: =VLOOKUP(D60,門市狀態!G:H,2,FALSE) -> 吳宗鴻 | F60: =IFERROR(IF(VLOOKUP(A60,門市狀態!A:D,4,FALSE)=0,"",VLOOKUP(A60,門市狀態!A:D,4,FALSE)),"") | H60: =IF(I60>0,(TEXT(I60,"yyyymmdd")&勤務統計!$V$2&A60&勤務統計!$V$2&B60&勤務統計!$S$2),"") -> PMQ1-2749-淡水灰瑤子(定保) | I60: {=IF(AND(SUMPRODUCT((IM!$F$2:$F$5000=A60)*(ISNUMBER(SEARCH(勤務統計!$C$1, IM!$AC$2:$AC$5000))))>0), 勤務統計!$C$1, "")} -> PMQ1 | J60: {=IFERROR(INDEX(IM!$AM$2:$AM$5000, MATCH(1, (IM!$F$2:$F$5000=A60) * (ISNUMBER(SEARCH(勤務統計!$C$1, IM!$AC$2:$AC$5000))), 0)), "")} -> 46041 | K60: {=SUMPRODUCT((IM!$F$2:$F$5000=A60)*(IM!$AD$2:$AD$5000="O")*(ISNUMBER(SEARCH(勤務統計!$C$1, IM!$AC$2:$AC$5000))))} -> 1 | L60: {=IF(K60>0,IFERROR(HYPERLINK("#'IM'!AC"&MATCH(1,(IM!$F$1:$F$5000=A60)*(ISNUMBER(SEARCH(勤務統計!$C$1,IM!$AC$1:$AC$5000))),0),"檢核"),"未登錄"),"")} -> 檢核 | M60: =Q60&S60&U60 -> +L90+721 | N60: {=IF(AND( SUMPRODUCT( (IM!$F$2:$F$522=A60) * ISNUMBER(SEARCH("*HUB*", IM!$AC$2:$AC$522)) * (IM!$X$2:$X$522>=勤務統計!$A$1) * (IM!$X$2:$X$522<=勤務統計!$B$1)*(W60="HUB") ) > 0 ), "HUB", "")} | O60: =IF( IFERROR(VLOOKUP(A60,勤務統計!A:I,9,FALSE),"")<>勤務統計!$C$1, "未完工", IF( AND(勤務統計!$D$1="--",勤務統計!$E$1="--",勤務統計!$F$1="--"), "已完工", IF( OR( AND(勤務統計!$D$1<>"--", IFERROR(VLOOKUP(A60,'0919門市清單主檔'!B:AH,31,FALSE),"")=勤務統計!$D$1, IFERROR(VLOOKUP(A60,勤務統計!A:Q,17,FALSE),"")<>勤務統計!$D$1), AND(勤務統計!$E$1<>"--", IFERROR(VLOOKUP(A60,'0919門市清單主檔'!B:AH,32,FALSE),"")=勤務統計!$E$1, IFERROR(VLOOKUP(A60,勤務統計!A:S,19,FALSE),"")<>勤務統計!$E$1), AND(勤務統計!$F$1<>"--", IFERROR(VLOOKUP(A60,'0919門市清單主檔'!B:AH,33,FALSE),"")=勤務統計!$F$1, IFERROR(VLOOKUP(A60,勤務統計!A:U,21,FALSE),"")<>勤務統計!$F$1), AND(IFERROR(VLOOKUP(A60,'0919門市清單主檔'!B:AH,28,FALSE),"")="HUB", IFERROR(VLOOKUP(A60,勤務統計!A:W,23,FALSE),"")<>"HUB") ), _xlfn.TEXTJOIN( "，", TRUE, IF(AND(勤務統計!$D$1<>"--", IFERROR(VLOOKUP(A60,'0919門市清單主檔'!B:AH,31,FALSE),"")=勤務統計!$D$1, IFERROR(VLOOKUP(A60,勤務統計!A:Q,17,FALSE),"")<>勤務統計!$D$1), 勤務統計!$D$1, ""), IF(AND(勤務統計!$E$1<>"--", IFERROR(VLOOKUP(A60,'0919門市清單主檔'!B:AH,32,FALSE),"")=勤務統計!$E$1, IFERROR(VLOOKUP(A60,勤務統計!A:S,19,FALSE),"")<>勤務統計!$E$1), 勤務統計!$E$1, ""), IF(AND(勤務統計!$F$1<>"--", IFERROR(VLOOKUP(A60,'0919門市清單主檔'!B:AH,33,FALSE),"")=勤務統計!$F$1, IFERROR(VLOOKUP(A60,勤務統計!A:U,21,FALSE),"")<>勤務統計!$F$1), 勤務統計!$F$1, ""), IF(AND(IFERROR(VLOOKUP(A60,'0919門市清單主檔'!B:AH,28,FALSE),"")="HUB", IFERROR(VLOOKUP(A60,勤務統計!A:W,23,FALSE),"")<>"HUB"), "HUB", "") ) & "未完工", "已完工" ) ) ) -> 未完工 | P60: =(TEXT(I60,"yyyymmdd"))&勤務統計!$V$2&A60&勤務統計!$V$2&B60&勤務統計!$S$2 -> PMQ1-2749-淡水灰瑤子(定保) | Q60: {=IF(AND(SUMPRODUCT((IM!$F$2:$F$5000=A60)*(ISNUMBER(SEARCH(勤務統計!$D$1, IM!$AC$2:$AC$5000))))>0), 勤務統計!$D$1, "")} | R60: {=IFERROR(INDEX(IM!$AM$2:$AM$5000, MATCH(1, (IM!$F$2:$F$5000=A60) * (ISNUMBER(SEARCH(勤務統計!$D$1, IM!$AC$2:$AC$5000))), 0)), "")} | S60: {=IF(AND(SUMPRODUCT((IM!$F$2:$F$5000=A60)*(ISNUMBER(SEARCH(勤務統計!$E$1, IM!$AC$2:$AC$5000))))>0), 勤務統計!$E$1, "")} -> +L90 | T60: {=IFERROR(INDEX(IM!$AM$2:$AM$5000, MATCH(1, (IM!$F$2:$F$5000=A60) * (ISNUMBER(SEARCH(勤務統計!$E$1, IM!$AC$2:$AC$5000))), 0)), "")} -> 45975 | U60: {=IF(AND(SUMPRODUCT((IM!$F$2:$F$5000=A60)*(ISNUMBER(SEARCH(勤務統計!$F$1, IM!$AC$2:$AC$5000))))>0), 勤務統計!$F$1, "")} -> +721 | V60: {=IFERROR(INDEX(IM!$AM$2:$AM$5000, MATCH(1, (IM!$F$2:$F$5000=A60) * (ISNUMBER(SEARCH(勤務統計!$F$1, IM!$AC$2:$AC$5000))), 0)), "")} -> 46041 | W60: =IF(VLOOKUP(A60,'0919門市清單主檔'!B:AC,28,FALSE)=0,"",VLOOKUP(A60,'0919門市清單主檔'!B:AC,28,FALSE))
... A67: 4770 | B67: =VLOOKUP(A67,'0919門市清單主檔'!B:C,2,FALSE) -> 中和嘉德店 | C67: =VLOOKUP($A67,'0919門市清單主檔'!B:V,20,FALSE) -> 新北市 | D67: =VLOOKUP($A67,'0919門市清單主檔'!B:V,21,FALSE) -> 中和區 | E67: =VLOOKUP(D67,門市狀態!G:H,2,FALSE) -> 劉柏均 | F67: =IFERROR(IF(VLOOKUP(A67,門市狀態!A:D,4,FALSE)=0,"",VLOOKUP(A67,門市狀態!A:D,4,FALSE)),"") | H67: =IF(I67>0,(TEXT(I67,"yyyymmdd")&勤務統計!$V$2&A67&勤務統計!$V$2&B67&勤務統計!$S$2),"") -> PMQ1-4770-中和嘉德店(定保) | I67: {=IF(AND(SUMPRODUCT((IM!$F$2:$F$5000=A67)*(ISNUMBER(SEARCH(勤務統計!$C$1, IM!$AC$2:$AC$5000))))>0), 勤務統計!$C$1, "")} -> PMQ1 | J67: {=IFERROR(INDEX(IM!$AM$2:$AM$5000, MATCH(1, (IM!$F$2:$F$5000=A67) * (ISNUMBER(SEARCH(勤務統計!$C$1, IM!$AC$2:$AC$5000))), 0)), "")} -> 46041 | K67: {=SUMPRODUCT((IM!$F$2:$F$5000=A67)*(IM!$AD$2:$AD$5000="O")*(ISNUMBER(SEARCH(勤務統計!$C$1, IM!$AC$2:$AC$5000))))} -> 1 | L67: {=IF(K67>0,IFERROR(HYPERLINK("#'IM'!AC"&MATCH(1,(IM!$F$1:$F$5000=A67)*(ISNUMBER(SEARCH(勤務統計!$C$1,IM!$AC$1:$AC$5000))),0),"檢核"),"未登錄"),"")} -> 檢核 | M67: =Q67&S67&U67 | N67: {=IF(AND( SUMPRODUCT( (IM!$F$2:$F$522=A67) * ISNUMBER(SEARCH("*HUB*", IM!$AC$2:$AC$522)) * (IM!$X$2:$X$522>=勤務統計!$A$1) * (IM!$X$2:$X$522<=勤務統計!$B$1)*(W67="HUB") ) > 0 ), "HUB", "")} | O67: =IF( IFERROR(VLOOKUP(A67,勤務統計!A:I,9,FALSE),"")<>勤務統計!$C$1, "未完工", IF( AND(勤務統計!$D$1="--",勤務統計!$E$1="--",勤務統計!$F$1="--"), "已完工", IF( OR( AND(勤務統計!$D$1<>"--", IFERROR(VLOOKUP(A67,'0919門市清單主檔'!B:AH,31,FALSE),"")=勤務統計!$D$1, IFERROR(VLOOKUP(A67,勤務統計!A:Q,17,FALSE),"")<>勤務統計!$D$1), AND(勤務統計!$E$1<>"--", IFERROR(VLOOKUP(A67,'0919門市清單主檔'!B:AH,32,FALSE),"")=勤務統計!$E$1, IFERROR(VLOOKUP(A67,勤務統計!A:S,19,FALSE),"")<>勤務統計!$E$1), AND(勤務統計!$F$1<>"--", IFERROR(VLOOKUP(A67,'0919門市清單主檔'!B:AH,33,FALSE),"")=勤務統計!$F$1, IFERROR(VLOOKUP(A67,勤務統計!A:U,21,FALSE),"")<>勤務統計!$F$1), AND(IFERROR(VLOOKUP(A67,'0919門市清單主檔'!B:AH,28,FALSE),"")="HUB", IFERROR(VLOOKUP(A67,勤務統計!A:W,23,FALSE),"")<>"HUB") ), _xlfn.TEXTJOIN( "，", TRUE, IF(AND(勤務統計!$D$1<>"--", IFERROR(VLOOKUP(A67,'0919門市清單主檔'!B:AH,31,FALSE),"")=勤務統計!$D$1, IFERROR(VLOOKUP(A67,勤務統計!A:Q,17,FALSE),"")<>勤務統計!$D$1), 勤務統計!$D$1, ""), IF(AND(勤務統計!$E$1<>"--", IFERROR(VLOOKUP(A67,'0919門市清單主檔'!B:AH,32,FALSE),"")=勤務統計!$E$1, IFERROR(VLOOKUP(A67,勤務統計!A:S,19,FALSE),"")<>勤務統計!$E$1), 勤務統計!$E$1, ""), IF(AND(勤務統計!$F$1<>"--", IFERROR(VLOOKUP(A67,'0919門市清單主檔'!B:AH,33,FALSE),"")=勤務統計!$F$1, IFERROR(VLOOKUP(A67,勤務統計!A:U,21,FALSE),"")<>勤務統計!$F$1), 勤務統計!$F$1, ""), IF(AND(IFERROR(VLOOKUP(A67,'0919門市清單主檔'!B:AH,28,FALSE),"")="HUB", IFERROR(VLOOKUP(A67,勤務統計!A:W,23,FALSE),"")<>"HUB"), "HUB", "") ) & "未完工", "已完工" ) ) ) -> 未完工 | P67: =(TEXT(I67,"yyyymmdd"))&勤務統計!$V$2&A67&勤務統計!$V$2&B67&勤務統計!$S$2 -> PMQ1-4770-中和嘉德店(定保) | Q67: {=IF(AND(SUMPRODUCT((IM!$F$2:$F$5000=A67)*(ISNUMBER(SEARCH(勤務統計!$D$1, IM!$AC$2:$AC$5000))))>0), 勤務統計!$D$1, "")} | R67: {=IFERROR(INDEX(IM!$AM$2:$AM$5000, MATCH(1, (IM!$F$2:$F$5000=A67) * (ISNUMBER(SEARCH(勤務統計!$D$1, IM!$AC$2:$AC$5000))), 0)), "")} | S67: {=IF(AND(SUMPRODUCT((IM!$F$2:$F$5000=A67)*(ISNUMBER(SEARCH(勤務統計!$E$1, IM!$AC$2:$AC$5000))))>0), 勤務統計!$E$1, "")} | T67: {=IFERROR(INDEX(IM!$AM$2:$AM$5000, MATCH(1, (IM!$F$2:$F$5000=A67) * (ISNUMBER(SEARCH(勤務統計!$E$1, IM!$AC$2:$AC$5000))), 0)), "")} | U67: {=IF(AND(SUMPRODUCT((IM!$F$2:$F$5000=A67)*(ISNUMBER(SEARCH(勤務統計!$F$1, IM!$AC$2:$AC$5000))))>0), 勤務統計!$F$1, "")} | V67: {=IFERROR(INDEX(IM!$AM$2:$AM$5000, MATCH(1, (IM!$F$2:$F$5000=A67) * (ISNUMBER(SEARCH(勤務統計!$F$1, IM!$AC$2:$AC$5000))), 0)), "")} | W67: =IF(VLOOKUP(A67,'0919門市清單主檔'!B:AC,28,FALSE)=0,"",VLOOKUP(A67,'0919門市清單主檔'!B:AC,28,FALSE))
A68: C216 | B68: =VLOOKUP(A68,'0919門市清單主檔'!B:C,2,FALSE) -> 北縣南勢店 | C68: =VLOOKUP($A68,'0919門市清單主檔'!B:V,20,FALSE) -> 新北市 | D68: =VLOOKUP($A68,'0919門市清單主檔'!B:V,21,FALSE) -> 中和區 | E68: =VLOOKUP(D68,門市狀態!G:H,2,FALSE) -> 劉柏均 | F68: =IFERROR(IF(VLOOKUP(A68,門市狀態!A:D,4,FALSE)=0,"",VLOOKUP(A68,門市狀態!A:D,4,FALSE)),"") | H68: =IF(I68>0,(TEXT(I68,"yyyymmdd")&勤務統計!$V$2&A68&勤務統計!$V$2&B68&勤務統計!$S$2),"") -> PMQ1-C216-北縣南勢店(定保) | I68: {=IF(AND(SUMPRODUCT((IM!$F$2:$F$5000=A68)*(ISNUMBER(SEARCH(勤務統計!$C$1, IM!$AC$2:$AC$5000))))>0), 勤務統計!$C$1, "")} -> PMQ1 | J68: {=IFERROR(INDEX(IM!$AM$2:$AM$5000, MATCH(1, (IM!$F$2:$F$5000=A68) * (ISNUMBER(SEARCH(勤務統計!$C$1, IM!$AC$2:$AC$5000))), 0)), "")} -> 46041 | K68: {=SUMPRODUCT((IM!$F$2:$F$5000=A68)*(IM!$AD$2:$AD$5000="O")*(ISNUMBER(SEARCH(勤務統計!$C$1, IM!$AC$2:$AC$5000))))} -> 1 | L68: {=IF(K68>0,IFERROR(HYPERLINK("#'IM'!AC"&MATCH(1,(IM!$F$1:$F$5000=A68)*(ISNUMBER(SEARCH(勤務統計!$C$1,IM!$AC$1:$AC$5000))),0),"檢核"),"未登錄"),"")} -> 檢核 | M68: =Q68&S68&U68 -> +721 | N68: {=IF(AND( SUMPRODUCT( (IM!$F$2:$F$522=A68) * ISNUMBER(SEARCH("*HUB*", IM!$AC$2:$AC$522)) * (IM!$X$2:$X$522>=勤務統計!$A$1) * (IM!$X$2:$X$522<=勤務統計!$B$1)*(W68="HUB") ) > 0 ), "HUB", "")} | O68: =IF( IFERROR(VLOOKUP(A68,勤務統計!A:I,9,FALSE),"")<>勤務統計!$C$1, "未完工", IF( AND(勤務統計!$D$1="--",勤務統計!$E$1="--",勤務統計!$F$1="--"), "已完工", IF( OR( AND(勤務統計!$D$1<>"--", IFERROR(VLOOKUP(A68,'0919門市清單主檔'!B:AH,31,FALSE),"")=勤務統計!$D$1, IFERROR(VLOOKUP(A68,勤務統計!A:Q,17,FALSE),"")<>勤務統計!$D$1), AND(勤務統計!$E$1<>"--", IFERROR(VLOOKUP(A68,'0919門市清單主檔'!B:AH,32,FALSE),"")=勤務統計!$E$1, IFERROR(VLOOKUP(A68,勤務統計!A:S,19,FALSE),"")<>勤務統計!$E$1), AND(勤務統計!$F$1<>"--", IFERROR(VLOOKUP(A68,'0919門市清單主檔'!B:AH,33,FALSE),"")=勤務統計!$F$1, IFERROR(VLOOKUP(A68,勤務統計!A:U,21,FALSE),"")<>勤務統計!$F$1), AND(IFERROR(VLOOKUP(A68,'0919門市清單主檔'!B:AH,28,FALSE),"")="HUB", IFERROR(VLOOKUP(A68,勤務統計!A:W,23,FALSE),"")<>"HUB") ), _xlfn.TEXTJOIN( "，", TRUE, IF(AND(勤務統計!$D$1<>"--", IFERROR(VLOOKUP(A68,'0919門市清單主檔'!B:AH,31,FALSE),"")=勤務統計!$D$1, IFERROR(VLOOKUP(A68,勤務統計!A:Q,17,FALSE),"")<>勤務統計!$D$1), 勤務統計!$D$1, ""), IF(AND(勤務統計!$E$1<>"--", IFERROR(VLOOKUP(A68,'0919門市清單主檔'!B:AH,32,FALSE),"")=勤務統計!$E$1, IFERROR(VLOOKUP(A68,勤務統計!A:S,19,FALSE),"")<>勤務統計!$E$1), 勤務統計!$E$1, ""), IF(AND(勤務統計!$F$1<>"--", IFERROR(VLOOKUP(A68,'0919門市清單主檔'!B:AH,33,FALSE),"")=勤務統計!$F$1, IFERROR(VLOOKUP(A68,勤務統計!A:U,21,FALSE),"")<>勤務統計!$F$1), 勤務統計!$F$1, ""), IF(AND(IFERROR(VLOOKUP(A68,'0919門市清單主檔'!B:AH,28,FALSE),"")="HUB", IFERROR(VLOOKUP(A68,勤務統計!A:W,23,FALSE),"")<>"HUB"), "HUB", "") ) & "未完工", "已完工" ) ) ) -> 未完工 | P68: =(TEXT(I68,"yyyymmdd"))&勤務統計!$V$2&A68&勤務統計!$V$2&B68&勤務統計!$S$2 -> PMQ1-C216-北縣南勢店(定保) | Q68: {=IF(AND(SUMPRODUCT((IM!$F$2:$F$5000=A68)*(ISNUMBER(SEARCH(勤務統計!$D$1, IM!$AC$2:$AC$5000))))>0), 勤務統計!$D$1, "")} | R68: {=IFERROR(INDEX(IM!$AM$2:$AM$5000, MATCH(1, (IM!$F$2:$F$5000=A68) * (ISNUMBER(SEARCH(勤務統計!$D$1, IM!$AC$2:$AC$5000))), 0)), "")} | S68: {=IF(AND(SUMPRODUCT((IM!$F$2:$F$5000=A68)*(ISNUMBER(SEARCH(勤務統計!$E$1, IM!$AC$2:$AC$5000))))>0), 勤務統計!$E$1, "")} | T68: {=IFERROR(INDEX(IM!$AM$2:$AM$5000, MATCH(1, (IM!$F$2:$F$5000=A68) * (ISNUMBER(SEARCH(勤務統計!$E$1, IM!$AC$2:$AC$5000))), 0)), "")} | U68: {=IF(AND(SUMPRODUCT((IM!$F$2:$F$5000=A68)*(ISNUMBER(SEARCH(勤務統計!$F$1, IM!$AC$2:$AC$5000))))>0), 勤務統計!$F$1, "")} -> +721 | V68: {=IFERROR(INDEX(IM!$AM$2:$AM$5000, MATCH(1, (IM!$F$2:$F$5000=A68) * (ISNUMBER(SEARCH(勤務統計!$F$1, IM!$AC$2:$AC$5000))), 0)), "")} -> 46041 | W68: =IF(VLOOKUP(A68,'0919門市清單主檔'!B:AC,28,FALSE)=0,"",VLOOKUP(A68,'0919門市清單主檔'!B:AC,28,FALSE))
A69: 5401 | B69: =VLOOKUP(A69,'0919門市清單主檔'!B:C,2,FALSE) -> 中和壽南店 | C69: =VLOOKUP($A69,'0919門市清單主檔'!B:V,20,FALSE) -> 新北市 | D69: =VLOOKUP($A69,'0919門市清單主檔'!B:V,21,FALSE) -> 中和區 | E69: =VLOOKUP(D69,門市狀態!G:H,2,FALSE) -> 劉柏均 | F69: =IFERROR(IF(VLOOKUP(A69,門市狀態!A:D,4,FALSE)=0,"",VLOOKUP(A69,門市狀態!A:D,4,FALSE)),"") | H69: =IF(I69>0,(TEXT(I69,"yyyymmdd")&勤務統計!$V$2&A69&勤務統計!$V$2&B69&勤務統計!$S$2),"") -> PMQ1-5401-中和壽南店(定保) | I69: {=IF(AND(SUMPRODUCT((IM!$F$2:$F$5000=A69)*(ISNUMBER(SEARCH(勤務統計!$C$1, IM!$AC$2:$AC$5000))))>0), 勤務統計!$C$1, "")} -> PMQ1 | J69: {=IFERROR(INDEX(IM!$AM$2:$AM$5000, MATCH(1, (IM!$F$2:$F$5000=A69) * (ISNUMBER(SEARCH(勤務統計!$C$1, IM!$AC$2:$AC$5000))), 0)), "")} -> 46041 | K69: {=SUMPRODUCT((IM!$F$2:$F$5000=A69)*(IM!$AD$2:$AD$5000="O")*(ISNUMBER(SEARCH(勤務統計!$C$1, IM!$AC$2:$AC$5000))))} -> 1 | L69: {=IF(K69>0,IFERROR(HYPERLINK("#'IM'!AC"&MATCH(1,(IM!$F$1:$F$5000=A69)*(ISNUMBER(SEARCH(勤務統計!$C$1,IM!$AC$1:$AC$5000))),0),"檢核"),"未登錄"),"")} -> 檢核 | M69: =Q69&S69&U69 -> +L90+721 | N69: {=IF(AND( SUMPRODUCT( (IM!$F$2:$F$522=A69) * ISNUMBER(SEARCH("*HUB*", IM!$AC$2:$AC$522)) * (IM!$X$2:$X$522>=勤務統計!$A$1) * (IM!$X$2:$X$522<=勤務統計!$B$1)*(W69="HUB") ) > 0 ), "HUB", "")} | O69: =IF( IFERROR(VLOOKUP(A69,勤務統計!A:I,9,FALSE),"")<>勤務統計!$C$1, "未完工", IF( AND(勤務統計!$D$1="--",勤務統計!$E$1="--",勤務統計!$F$1="--"), "已完工", IF( OR( AND(勤務統計!$D$1<>"--", IFERROR(VLOOKUP(A69,'0919門市清單主檔'!B:AH,31,FALSE),"")=勤務統計!$D$1, IFERROR(VLOOKUP(A69,勤務統計!A:Q,17,FALSE),"")<>勤務統計!$D$1), AND(勤務統計!$E$1<>"--", IFERROR(VLOOKUP(A69,'0919門市清單主檔'!B:AH,32,FALSE),"")=勤務統計!$E$1, IFERROR(VLOOKUP(A69,勤務統計!A:S,19,FALSE),"")<>勤務統計!$E$1), AND(勤務統計!$F$1<>"--", IFERROR(VLOOKUP(A69,'0919門市清單主檔'!B:AH,33,FALSE),"")=勤務統計!$F$1, IFERROR(VLOOKUP(A69,勤務統計!A:U,21,FALSE),"")<>勤務統計!$F$1), AND(IFERROR(VLOOKUP(A69,'0919門市清單主檔'!B:AH,28,FALSE),"")="HUB", IFERROR(VLOOKUP(A69,勤務統計!A:W,23,FALSE),"")<>"HUB") ), _xlfn.TEXTJOIN( "，", TRUE, IF(AND(勤務統計!$D$1<>"--", IFERROR(VLOOKUP(A69,'0919門市清單主檔'!B:AH,31,FALSE),"")=勤務統計!$D$1, IFERROR(VLOOKUP(A69,勤務統計!A:Q,17,FALSE),"")<>勤務統計!$D$1), 勤務統計!$D$1, ""), IF(AND(勤務統計!$E$1<>"--", IFERROR(VLOOKUP(A69,'0919門市清單主檔'!B:AH,32,FALSE),"")=勤務統計!$E$1, IFERROR(VLOOKUP(A69,勤務統計!A:S,19,FALSE),"")<>勤務統計!$E$1), 勤務統計!$E$1, ""), IF(AND(勤務統計!$F$1<>"--", IFERROR(VLOOKUP(A69,'0919門市清單主檔'!B:AH,33,FALSE),"")=勤務統計!$F$1, IFERROR(VLOOKUP(A69,勤務統計!A:U,21,FALSE),"")<>勤務統計!$F$1), 勤務統計!$F$1, ""), IF(AND(IFERROR(VLOOKUP(A69,'0919門市清單主檔'!B:AH,28,FALSE),"")="HUB", IFERROR(VLOOKUP(A69,勤務統計!A:W,23,FALSE),"")<>"HUB"), "HUB", "") ) & "未完工", "已完工" ) ) ) -> 未完工 | P69: =(TEXT(I69,"yyyymmdd"))&勤務統計!$V$2&A69&勤務統計!$V$2&B69&勤務統計!$S$2 -> PMQ1-5401-中和壽南店(定保) | Q69: {=IF(AND(SUMPRODUCT((IM!$F$2:$F$5000=A69)*(ISNUMBER(SEARCH(勤務統計!$D$1, IM!$AC$2:$AC$5000))))>0), 勤務統計!$D$1, "")} | R69: {=IFERROR(INDEX(IM!$AM$2:$AM$5000, MATCH(1, (IM!$F$2:$F$5000=A69) * (ISNUMBER(SEARCH(勤務統計!$D$1, IM!$AC$2:$AC$5000))), 0)), "")} | S69: {=IF(AND(SUMPRODUCT((IM!$F$2:$F$5000=A69)*(ISNUMBER(SEARCH(勤務統計!$E$1, IM!$AC$2:$AC$5000))))>0), 勤務統計!$E$1, "")} -> +L90 | T69: {=IFERROR(INDEX(IM!$AM$2:$AM$5000, MATCH(1, (IM!$F$2:$F$5000=A69) * (ISNUMBER(SEARCH(勤務統計!$E$1, IM!$AC$2:$AC$5000))), 0)), "")} -> 46041 | U69: {=IF(AND(SUMPRODUCT((IM!$F$2:$F$5000=A69)*(ISNUMBER(SEARCH(勤務統計!$F$1, IM!$AC$2:$AC$5000))))>0), 勤務統計!$F$1, "")} -> +721 | V69: {=IFERROR(INDEX(IM!$AM$2:$AM$5000, MATCH(1, (IM!$F$2:$F$5000=A69) * (ISNUMBER(SEARCH(勤務統計!$F$1, IM!$AC$2:$AC$5000))), 0)), "")} -> 46041 | W69: =IF(VLOOKUP(A69,'0919門市清單主檔'!B:AC,28,FALSE)=0,"",VLOOKUP(A69,'0919門市清單主檔'!B:AC,28,FALSE))
A70: 2014 | B70: =VLOOKUP(A70,'0919門市清單主檔'!B:C,2,FALSE) -> 三重果菜市場 | C70: =VLOOKUP($A70,'0919門市清單主檔'!B:V,20,FALSE) -> 新北市 | D70: =VLOOKUP($A70,'0919門市清單主檔'!B:V,21,FALSE) -> 三重區 | E70: =VLOOKUP(D70,門市狀態!G:H,2,FALSE) -> 劉柏均 | F70: =IFERROR(IF(VLOOKUP(A70,門市狀態!A:D,4,FALSE)=0,"",VLOOKUP(A70,門市狀態!A:D,4,FALSE)),"") | H70: =IF(I70>0,(TEXT(I70,"yyyymmdd")&勤務統計!$V$2&A70&勤務統計!$V$2&B70&勤務統計!$S$2),"") -> PMQ1-2014-三重果菜市場(定保) | I70: {=IF(AND(SUMPRODUCT((IM!$F$2:$F$5000=A70)*(ISNUMBER(SEARCH(勤務統計!$C$1, IM!$AC$2:$AC$5000))))>0), 勤務統計!$C$1, "")} -> PMQ1 | J70: {=IFERROR(INDEX(IM!$AM$2:$AM$5000, MATCH(1, (IM!$F$2:$F$5000=A70) * (ISNUMBER(SEARCH(勤務統計!$C$1, IM!$AC$2:$AC$5000))), 0)), "")} -> 46042 | K70: {=SUMPRODUCT((IM!$F$2:$F$5000=A70)*(IM!$AD$2:$AD$5000="O")*(ISNUMBER(SEARCH(勤務統計!$C$1, IM!$AC$2:$AC$5000))))} -> 1 | L70: {=IF(K70>0,IFERROR(HYPERLINK("#'IM'!AC"&MATCH(1,(IM!$F$1:$F$5000=A70)*(ISNUMBER(SEARCH(勤務統計!$C$1,IM!$AC$1:$AC$5000))),0),"檢核"),"未登錄"),"")} -> 檢核 | M70: =Q70&S70&U70 -> +L90+721 | N70: {=IF(AND( SUMPRODUCT( (IM!$F$2:$F$522=A70) * ISNUMBER(SEARCH("*HUB*", IM!$AC$2:$AC$522)) * (IM!$X$2:$X$522>=勤務統計!$A$1) * (IM!$X$2:$X$522<=勤務統計!$B$1)*(W70="HUB") ) > 0 ), "HUB", "")} | O70: =IF( IFERROR(VLOOKUP(A70,勤務統計!A:I,9,FALSE),"")<>勤務統計!$C$1, "未完工", IF( AND(勤務統計!$D$1="--",勤務統計!$E$1="--",勤務統計!$F$1="--"), "已完工", IF( OR( AND(勤務統計!$D$1<>"--", IFERROR(VLOOKUP(A70,'0919門市清單主檔'!B:AH,31,FALSE),"")=勤務統計!$D$1, IFERROR(VLOOKUP(A70,勤務統計!A:Q,17,FALSE),"")<>勤務統計!$D$1), AND(勤務統計!$E$1<>"--", IFERROR(VLOOKUP(A70,'0919門市清單主檔'!B:AH,32,FALSE),"")=勤務統計!$E$1, IFERROR(VLOOKUP(A70,勤務統計!A:S,19,FALSE),"")<>勤務統計!$E$1), AND(勤務統計!$F$1<>"--", IFERROR(VLOOKUP(A70,'0919門市清單主檔'!B:AH,33,FALSE),"")=勤務統計!$F$1, IFERROR(VLOOKUP(A70,勤務統計!A:U,21,FALSE),"")<>勤務統計!$F$1), AND(IFERROR(VLOOKUP(A70,'0919門市清單主檔'!B:AH,28,FALSE),"")="HUB", IFERROR(VLOOKUP(A70,勤務統計!A:W,23,FALSE),"")<>"HUB") ), _xlfn.TEXTJOIN( "，", TRUE, IF(AND(勤務統計!$D$1<>"--", IFERROR(VLOOKUP(A70,'0919門市清單主檔'!B:AH,31,FALSE),"")=勤務統計!$D$1, IFERROR(VLOOKUP(A70,勤務統計!A:Q,17,FALSE),"")<>勤務統計!$D$1), 勤務統計!$D$1, ""), IF(AND(勤務統計!$E$1<>"--", IFERROR(VLOOKUP(A70,'0919門市清單主檔'!B:AH,32,FALSE),"")=勤務統計!$E$1, IFERROR(VLOOKUP(A70,勤務統計!A:S,19,FALSE),"")<>勤務統計!$E$1), 勤務統計!$E$1, ""), IF(AND(勤務統計!$F$1<>"--", IFERROR(VLOOKUP(A70,'0919門市清單主檔'!B:AH,33,FALSE),"")=勤務統計!$F$1, IFERROR(VLOOKUP(A70,勤務統計!A:U,21,FALSE),"")<>勤務統計!$F$1), 勤務統計!$F$1, ""), IF(AND(IFERROR(VLOOKUP(A70,'0919門市清單主檔'!B:AH,28,FALSE),"")="HUB", IFERROR(VLOOKUP(A70,勤務統計!A:W,23,FALSE),"")<>"HUB"), "HUB", "") ) & "未完工", "已完工" ) ) ) -> 未完工 | P70: =(TEXT(I70,"yyyymmdd"))&勤務統計!$V$2&A70&勤務統計!$V$2&B70&勤務統計!$S$2 -> PMQ1-2014-三重果菜市場(定保) | Q70: {=IF(AND(SUMPRODUCT((IM!$F$2:$F$5000=A70)*(ISNUMBER(SEARCH(勤務統計!$D$1, IM!$AC$2:$AC$5000))))>0), 勤務統計!$D$1, "")} | R70: {=IFERROR(INDEX(IM!$AM$2:$AM$5000, MATCH(1, (IM!$F$2:$F$5000=A70) * (ISNUMBER(SEARCH(勤務統計!$D$1, IM!$AC$2:$AC$5000))), 0)), "")} | S70: {=IF(AND(SUMPRODUCT((IM!$F$2:$F$5000=A70)*(ISNUMBER(SEARCH(勤務統計!$E$1, IM!$AC$2:$AC$5000))))>0), 勤務統計!$E$1, "")} -> +L90 | T70: {=IFERROR(INDEX(IM!$AM$2:$AM$5000, MATCH(1, (IM!$F$2:$F$5000=A70) * (ISNUMBER(SEARCH(勤務統計!$E$1, IM!$AC$2:$AC$5000))), 0)), "")} -> 46010 | U70: {=IF(AND(SUMPRODUCT((IM!$F$2:$F$5000=A70)*(ISNUMBER(SEARCH(勤務統計!$F$1, IM!$AC$2:$AC$5000))))>0), 勤務統計!$F$1, "")} -> +721 | V70: {=IFERROR(INDEX(IM!$AM$2:$AM$5000, MATCH(1, (IM!$F$2:$F$5000=A70) * (ISNUMBER(SEARCH(勤務統計!$F$1, IM!$AC$2:$AC$5000))), 0)), "")} -> 46042 | W70: =IF(VLOOKUP(A70,'0919門市清單主檔'!B:AC,28,FALSE)=0,"",VLOOKUP(A70,'0919門市清單主檔'!B:AC,28,FALSE))
A71: 2209 | B71: =VLOOKUP(A71,'0919門市清單主檔'!B:C,2,FALSE) -> 三重圖書館 | C71: =VLOOKUP($A71,'0919門市清單主檔'!B:V,20,FALSE) -> 新北市 | D71: =VLOOKUP($A71,'0919門市清單主檔'!B:V,21,FALSE) -> 三重區 | E71: =VLOOKUP(D71,門市狀態!G:H,2,FALSE) -> 劉柏均 | F71: =IFERROR(IF(VLOOKUP(A71,門市狀態!A:D,4,FALSE)=0,"",VLOOKUP(A71,門市狀態!A:D,4,FALSE)),"") | H71: =IF(I71>0,(TEXT(I71,"yyyymmdd")&勤務統計!$V$2&A71&勤務統計!$V$2&B71&勤務統計!$S$2),"") -> PMQ1-2209-三重圖書館(定保) | I71: {=IF(AND(SUMPRODUCT((IM!$F$2:$F$5000=A71)*(ISNUMBER(SEARCH(勤務統計!$C$1, IM!$AC$2:$AC$5000))))>0), 勤務統計!$C$1, "")} -> PMQ1 | J71: {=IFERROR(INDEX(IM!$AM$2:$AM$5000, MATCH(1, (IM!$F$2:$F$5000=A71) * (ISNUMBER(SEARCH(勤務統計!$C$1, IM!$AC$2:$AC$5000))), 0)), "")} -> 46042 | K71: {=SUMPRODUCT((IM!$F$2:$F$5000=A71)*(IM!$AD$2:$AD$5000="O")*(ISNUMBER(SEARCH(勤務統計!$C$1, IM!$AC$2:$AC$5000))))} -> 1 | L71: {=IF(K71>0,IFERROR(HYPERLINK("#'IM'!AC"&MATCH(1,(IM!$F$1:$F$5000=A71)*(ISNUMBER(SEARCH(勤務統計!$C$1,IM!$AC$1:$AC$5000))),0),"檢核"),"未登錄"),"")} -> 檢核 | M71: =Q71&S71&U71 -> +721 | N71: {=IF(AND( SUMPRODUCT( (IM!$F$2:$F$522=A71) * ISNUMBER(SEARCH("*HUB*", IM!$AC$2:$AC$522)) * (IM!$X$2:$X$522>=勤務統計!$A$1) * (IM!$X$2:$X$522<=勤務統計!$B$1)*(W71="HUB") ) > 0 ), "HUB", "")} | O71: =IF( IFERROR(VLOOKUP(A71,勤務統計!A:I,9,FALSE),"")<>勤務統計!$C$1, "未完工", IF( AND(勤務統計!$D$1="--",勤務統計!$E$1="--",勤務統計!$F$1="--"), "已完工", IF( OR( AND(勤務統計!$D$1<>"--", IFERROR(VLOOKUP(A71,'0919門市清單主檔'!B:AH,31,FALSE),"")=勤務統計!$D$1, IFERROR(VLOOKUP(A71,勤務統計!A:Q,17,FALSE),"")<>勤務統計!$D$1), AND(勤務統計!$E$1<>"--", IFERROR(VLOOKUP(A71,'0919門市清單主檔'!B:AH,32,FALSE),"")=勤務統計!$E$1, IFERROR(VLOOKUP(A71,勤務統計!A:S,19,FALSE),"")<>勤務統計!$E$1), AND(勤務統計!$F$1<>"--", IFERROR(VLOOKUP(A71,'0919門市清單主檔'!B:AH,33,FALSE),"")=勤務統計!$F$1, IFERROR(VLOOKUP(A71,勤務統計!A:U,21,FALSE),"")<>勤務統計!$F$1), AND(IFERROR(VLOOKUP(A71,'0919門市清單主檔'!B:AH,28,FALSE),"")="HUB", IFERROR(VLOOKUP(A71,勤務統計!A:W,23,FALSE),"")<>"HUB") ), _xlfn.TEXTJOIN( "，", TRUE, IF(AND(勤務統計!$D$1<>"--", IFERROR(VLOOKUP(A71,'0919門市清單主檔'!B:AH,31,FALSE),"")=勤務統計!$D$1, IFERROR(VLOOKUP(A71,勤務統計!A:Q,17,FALSE),"")<>勤務統計!$D$1), 勤務統計!$D$1, ""), IF(AND(勤務統計!$E$1<>"--", IFERROR(VLOOKUP(A71,'0919門市清單主檔'!B:AH,32,FALSE),"")=勤務統計!$E$1, IFERROR(VLOOKUP(A71,勤務統計!A:S,19,FALSE),"")<>勤務統計!$E$1), 勤務統計!$E$1, ""), IF(AND(勤務統計!$F$1<>"--", IFERROR(VLOOKUP(A71,'0919門市清單主檔'!B:AH,33,FALSE),"")=勤務統計!$F$1, IFERROR(VLOOKUP(A71,勤務統計!A:U,21,FALSE),"")<>勤務統計!$F$1), 勤務統計!$F$1, ""), IF(AND(IFERROR(VLOOKUP(A71,'0919門市清單主檔'!B:AH,28,FALSE),"")="HUB", IFERROR(VLOOKUP(A71,勤務統計!A:W,23,FALSE),"")<>"HUB"), "HUB", "") ) & "未完工", "已完工" ) ) ) -> 未完工 | P71: =(TEXT(I71,"yyyymmdd"))&勤務統計!$V$2&A71&勤務統計!$V$2&B71&勤務統計!$S$2 -> PMQ1-2209-三重圖書館(定保) | Q71: {=IF(AND(SUMPRODUCT((IM!$F$2:$F$5000=A71)*(ISNUMBER(SEARCH(勤務統計!$D$1, IM!$AC$2:$AC$5000))))>0), 勤務統計!$D$1, "")} | R71: {=IFERROR(INDEX(IM!$AM$2:$AM$5000, MATCH(1, (IM!$F$2:$F$5000=A71) * (ISNUMBER(SEARCH(勤務統計!$D$1, IM!$AC$2:$AC$5000))), 0)), "")} | S71: {=IF(AND(SUMPRODUCT((IM!$F$2:$F$5000=A71)*(ISNUMBER(SEARCH(勤務統計!$E$1, IM!$AC$2:$AC$5000))))>0), 勤務統計!$E$1, "")} | T71: {=IFERROR(INDEX(IM!$AM$2:$AM$5000, MATCH(1, (IM!$F$2:$F$5000=A71) * (ISNUMBER(SEARCH(勤務統計!$E$1, IM!$AC$2:$AC$5000))), 0)), "")} | U71: {=IF(AND(SUMPRODUCT((IM!$F$2:$F$5000=A71)*(ISNUMBER(SEARCH(勤務統計!$F$1, IM!$AC$2:$AC$5000))))>0), 勤務統計!$F$1, "")} -> +721 | V71: {=IFERROR(INDEX(IM!$AM$2:$AM$5000, MATCH(1, (IM!$F$2:$F$5000=A71) * (ISNUMBER(SEARCH(勤務統計!$F$1, IM!$AC$2:$AC$5000))), 0)), "")} -> 46042 | W71: =IF(VLOOKUP(A71,'0919門市清單主檔'!B:AC,28,FALSE)=0,"",VLOOKUP(A71,'0919門市清單主檔'!B:AC,28,FALSE))
A72: D057 | B72: =VLOOKUP(A72,'0919門市清單主檔'!B:C,2,FALSE) -> 北縣溪尾二店 | C72: =VLOOKUP($A72,'0919門市清單主檔'!B:V,20,FALSE) -> 新北市 | D72: =VLOOKUP($A72,'0919門市清單主檔'!B:V,21,FALSE) -> 三重區 | E72: =VLOOKUP(D72,門市狀態!G:H,2,FALSE) -> 劉柏均 | F72: =IFERROR(IF(VLOOKUP(A72,門市狀態!A:D,4,FALSE)=0,"",VLOOKUP(A72,門市狀態!A:D,4,FALSE)),"") | H72: =IF(I72>0,(TEXT(I72,"yyyymmdd")&勤務統計!$V$2&A72&勤務統計!$V$2&B72&勤務統計!$S$2),"") -> PMQ1-D057-北縣溪尾二店(定保) | I72: {=IF(AND(SUMPRODUCT((IM!$F$2:$F$5000=A72)*(ISNUMBER(SEARCH(勤務統計!$C$1, IM!$AC$2:$AC$5000))))>0), 勤務統計!$C$1, "")} -> PMQ1 | J72: {=IFERROR(INDEX(IM!$AM$2:$AM$5000, MATCH(1, (IM!$F$2:$F$5000=A72) * (ISNUMBER(SEARCH(勤務統計!$C$1, IM!$AC$2:$AC$5000))), 0)), "")} -> 46042 | K72: {=SUMPRODUCT((IM!$F$2:$F$5000=A72)*(IM!$AD$2:$AD$5000="O")*(ISNUMBER(SEARCH(勤務統計!$C$1, IM!$AC$2:$AC$5000))))} -> 1 | L72: {=IF(K72>0,IFERROR(HYPERLINK("#'IM'!AC"&MATCH(1,(IM!$F$1:$F$5000=A72)*(ISNUMBER(SEARCH(勤務統計!$C$1,IM!$AC$1:$AC$5000))),0),"檢核"),"未登錄"),"")} -> 檢核 | M72: =Q72&S72&U72 -> +L90+721 | N72: {=IF(AND( SUMPRODUCT( (IM!$F$2:$F$522=A72) * ISNUMBER(SEARCH("*HUB*", IM!$AC$2:$AC$522)) * (IM!$X$2:$X$522>=勤務統計!$A$1) * (IM!$X$2:$X$522<=勤務統計!$B$1)*(W72="HUB") ) > 0 ), "HUB", "")} | O72: =IF( IFERROR(VLOOKUP(A72,勤務統計!A:I,9,FALSE),"")<>勤務統計!$C$1, "未完工", IF( AND(勤務統計!$D$1="--",勤務統計!$E$1="--",勤務統計!$F$1="--"), "已完工", IF( OR( AND(勤務統計!$D$1<>"--", IFERROR(VLOOKUP(A72,'0919門市清單主檔'!B:AH,31,FALSE),"")=勤務統計!$D$1, IFERROR(VLOOKUP(A72,勤務統計!A:Q,17,FALSE),"")<>勤務統計!$D$1), AND(勤務統計!$E$1<>"--", IFERROR(VLOOKUP(A72,'0919門市清單主檔'!B:AH,32,FALSE),"")=勤務統計!$E$1, IFERROR(VLOOKUP(A72,勤務統計!A:S,19,FALSE),"")<>勤務統計!$E$1), AND(勤務統計!$F$1<>"--", IFERROR(VLOOKUP(A72,'0919門市清單主檔'!B:AH,33,FALSE),"")=勤務統計!$F$1, IFERROR(VLOOKUP(A72,勤務統計!A:U,21,FALSE),"")<>勤務統計!$F$1), AND(IFERROR(VLOOKUP(A72,'0919門市清單主檔'!B:AH,28,FALSE),"")="HUB", IFERROR(VLOOKUP(A72,勤務統計!A:W,23,FALSE),"")<>"HUB") ), _xlfn.TEXTJOIN( "，", TRUE, IF(AND(勤務統計!$D$1<>"--", IFERROR(VLOOKUP(A72,'0919門市清單主檔'!B:AH,31,FALSE),"")=勤務統計!$D$1, IFERROR(VLOOKUP(A72,勤務統計!A:Q,17,FALSE),"")<>勤務統計!$D$1), 勤務統計!$D$1, ""), IF(AND(勤務統計!$E$1<>"--", IFERROR(VLOOKUP(A72,'0919門市清單主檔'!B:AH,32,FALSE),"")=勤務統計!$E$1, IFERROR(VLOOKUP(A72,勤務統計!A:S,19,FALSE),"")<>勤務統計!$E$1), 勤務統計!$E$1, ""), IF(AND(勤務統計!$F$1<>"--", IFERROR(VLOOKUP(A72,'0919門市清單主檔'!B:AH,33,FALSE),"")=勤務統計!$F$1, IFERROR(VLOOKUP(A72,勤務統計!A:U,21,FALSE),"")<>勤務統計!$F$1), 勤務統計!$F$1, ""), IF(AND(IFERROR(VLOOKUP(A72,'0919門市清單主檔'!B:AH,28,FALSE),"")="HUB", IFERROR(VLOOKUP(A72,勤務統計!A:W,23,FALSE),"")<>"HUB"), "HUB", "") ) & "未完工", "已完工" ) ) ) -> 未完工 | P72: =(TEXT(I72,"yyyymmdd"))&勤務統計!$V$2&A72&勤務統計!$V$2&B72&勤務統計!$S$2 -> PMQ1-D057-北縣溪尾二店(定保) | Q72: {=IF(AND(SUMPRODUCT((IM!$F$2:$F$5000=A72)*(ISNUMBER(SEARCH(勤務統計!$D$1, IM!$AC$2:$AC$5000))))>0), 勤務統計!$D$1, "")} | R72: {=IFERROR(INDEX(IM!$AM$2:$AM$5000, MATCH(1, (IM!$F$2:$F$5000=A72) * (ISNUMBER(SEARCH(勤務統計!$D$1, IM!$AC$2:$AC$5000))), 0)), "")} | S72: {=IF(AND(SUMPRODUCT((IM!$F$2:$F$5000=A72)*(ISNUMBER(SEARCH(勤務統計!$E$1, IM!$AC$2:$AC$5000))))>0), 勤務統計!$E$1, "")} -> +L90 | T72: {=IFERROR(INDEX(IM!$AM$2:$AM$5000, MATCH(1, (IM!$F$2:$F$5000=A72) * (ISNUMBER(SEARCH(勤務統計!$E$1, IM!$AC$2:$AC$5000))), 0)), "")} -> 45996 | U72: {=IF(AND(SUMPRODUCT((IM!$F$2:$F$5000=A72)*(ISNUMBER(SEARCH(勤務統計!$F$1, IM!$AC$2:$AC$5000))))>0), 勤務統計!$F$1, "")} -> +721 | V72: {=IFERROR(INDEX(IM!$AM$2:$AM$5000, MATCH(1, (IM!$F$2:$F$5000=A72) * (ISNUMBER(SEARCH(勤務統計!$F$1, IM!$AC$2:$AC$5000))), 0)), "")} -> 46042 | W72: =IF(VLOOKUP(A72,'0919門市清單主檔'!B:AC,28,FALSE)=0,"",VLOOKUP(A72,'0919門市清單主檔'!B:AC,28,FALSE))
A73: 3082 | B73: =VLOOKUP(A73,'0919門市清單主檔'!B:C,2,FALSE) -> 永和福和花園 | C73: =VLOOKUP($A73,'0919門市清單主檔'!B:V,20,FALSE) -> 新北市 | D73: =VLOOKUP($A73,'0919門市清單主檔'!B:V,21,FALSE) -> 永和區 | E73: =VLOOKUP(D73,門市狀態!G:H,2,FALSE) -> 劉柏均 | F73: =IFERROR(IF(VLOOKUP(A73,門市狀態!A:D,4,FALSE)=0,"",VLOOKUP(A73,門市狀態!A:D,4,FALSE)),"") | H73: =IF(I73>0,(TEXT(I73,"yyyymmdd")&勤務統計!$V$2&A73&勤務統計!$V$2&B73&勤務統計!$S$2),"") -> PMQ1-3082-永和福和花園(定保) | I73: {=IF(AND(SUMPRODUCT((IM!$F$2:$F$5000=A73)*(ISNUMBER(SEARCH(勤務統計!$C$1, IM!$AC$2:$AC$5000))))>0), 勤務統計!$C$1, "")} -> PMQ1 | J73: {=IFERROR(INDEX(IM!$AM$2:$AM$5000, MATCH(1, (IM!$F$2:$F$5000=A73) * (ISNUMBER(SEARCH(勤務統計!$C$1, IM!$AC$2:$AC$5000))), 0)), "")} -> 46042 | K73: {=SUMPRODUCT((IM!$F$2:$F$5000=A73)*(IM!$AD$2:$AD$5000="O")*(ISNUMBER(SEARCH(勤務統計!$C$1, IM!$AC$2:$AC$5000))))} -> 1 | L73: {=IF(K73>0,IFERROR(HYPERLINK("#'IM'!AC"&MATCH(1,(IM!$F$1:$F$5000=A73)*(ISNUMBER(SEARCH(勤務統計!$C$1,IM!$AC$1:$AC$5000))),0),"檢核"),"未登錄"),"")} -> 檢核 | M73: =Q73&S73&U73 -> +721 | N73: {=IF(AND( SUMPRODUCT( (IM!$F$2:$F$522=A73) * ISNUMBER(SEARCH("*HUB*", IM!$AC$2:$AC$522)) * (IM!$X$2:$X$522>=勤務統計!$A$1) * (IM!$X$2:$X$522<=勤務統計!$B$1)*(W73="HUB") ) > 0 ), "HUB", "")} | O73: =IF( IFERROR(VLOOKUP(A73,勤務統計!A:I,9,FALSE),"")<>勤務統計!$C$1, "未完工", IF( AND(勤務統計!$D$1="--",勤務統計!$E$1="--",勤務統計!$F$1="--"), "已完工", IF( OR( AND(勤務統計!$D$1<>"--", IFERROR(VLOOKUP(A73,'0919門市清單主檔'!B:AH,31,FALSE),"")=勤務統計!$D$1, IFERROR(VLOOKUP(A73,勤務統計!A:Q,17,FALSE),"")<>勤務統計!$D$1), AND(勤務統計!$E$1<>"--", IFERROR(VLOOKUP(A73,'0919門市清單主檔'!B:AH,32,FALSE),"")=勤務統計!$E$1, IFERROR(VLOOKUP(A73,勤務統計!A:S,19,FALSE),"")<>勤務統計!$E$1), AND(勤務統計!$F$1<>"--", IFERROR(VLOOKUP(A73,'0919門市清單主檔'!B:AH,33,FALSE),"")=勤務統計!$F$1, IFERROR(VLOOKUP(A73,勤務統計!A:U,21,FALSE),"")<>勤務統計!$F$1), AND(IFERROR(VLOOKUP(A73,'0919門市清單主檔'!B:AH,28,FALSE),"")="HUB", IFERROR(VLOOKUP(A73,勤務統計!A:W,23,FALSE),"")<>"HUB") ), _xlfn.TEXTJOIN( "，", TRUE, IF(AND(勤務統計!$D$1<>"--", IFERROR(VLOOKUP(A73,'0919門市清單主檔'!B:AH,31,FALSE),"")=勤務統計!$D$1, IFERROR(VLOOKUP(A73,勤務統計!A:Q,17,FALSE),"")<>勤務統計!$D$1), 勤務統計!$D$1, ""), IF(AND(勤務統計!$E$1<>"--", IFERROR(VLOOKUP(A73,'0919門市清單主檔'!B:AH,32,FALSE),"")=勤務統計!$E$1, IFERROR(VLOOKUP(A73,勤務統計!A:S,19,FALSE),"")<>勤務統計!$E$1), 勤務統計!$E$1, ""), IF(AND(勤務統計!$F$1<>"--", IFERROR(VLOOKUP(A73,'0919門市清單主檔'!B:AH,33,FALSE),"")=勤務統計!$F$1, IFERROR(VLOOKUP(A73,勤務統計!A:U,21,FALSE),"")<>勤務統計!$F$1), 勤務統計!$F$1, ""), IF(AND(IFERROR(VLOOKUP(A73,'0919門市清單主檔'!B:AH,28,FALSE),"")="HUB", IFERROR(VLOOKUP(A73,勤務統計!A:W,23,FALSE),"")<>"HUB"), "HUB", "") ) & "未完工", "已完工" ) ) ) -> 未完工 | P73: =(TEXT(I73,"yyyymmdd"))&勤務統計!$V$2&A73&勤務統計!$V$2&B73&勤務統計!$S$2 -> PMQ1-3082-永和福和花園(定保) | Q73: {=IF(AND(SUMPRODUCT((IM!$F$2:$F$5000=A73)*(ISNUMBER(SEARCH(勤務統計!$D$1, IM!$AC$2:$AC$5000))))>0), 勤務統計!$D$1, "")} | R73: {=IFERROR(INDEX(IM!$AM$2:$AM$5000, MATCH(1, (IM!$F$2:$F$5000=A73) * (ISNUMBER(SEARCH(勤務統計!$D$1, IM!$AC$2:$AC$5000))), 0)), "")} | S73: {=IF(AND(SUMPRODUCT((IM!$F$2:$F$5000=A73)*(ISNUMBER(SEARCH(勤務統計!$E$1, IM!$AC$2:$AC$5000))))>0), 勤務統計!$E$1, "")} | T73: {=IFERROR(INDEX(IM!$AM$2:$AM$5000, MATCH(1, (IM!$F$2:$F$5000=A73) * (ISNUMBER(SEARCH(勤務統計!$E$1, IM!$AC$2:$AC$5000))), 0)), "")} | U73: {=IF(AND(SUMPRODUCT((IM!$F$2:$F$5000=A73)*(ISNUMBER(SEARCH(勤務統計!$F$1, IM!$AC$2:$AC$5000))))>0), 勤務統計!$F$1, "")} -> +721 | V73: {=IFERROR(INDEX(IM!$AM$2:$AM$5000, MATCH(1, (IM!$F$2:$F$5000=A73) * (ISNUMBER(SEARCH(勤務統計!$F$1, IM!$AC$2:$AC$5000))), 0)), "")} -> 46042 | W73: =IF(VLOOKUP(A73,'0919門市清單主檔'!B:AC,28,FALSE)=0,"",VLOOKUP(A73,'0919門市清單主檔'!B:AC,28,FALSE))
A74: 2941 | B74: =VLOOKUP(A74,'0919門市清單主檔'!B:C,2,FALSE) -> 永和頂溪店 | C74: =VLOOKUP($A74,'0919門市清單主檔'!B:V,20,FALSE) -> 新北市 | D74: =VLOOKUP($A74,'0919門市清單主檔'!B:V,21,FALSE) -> 永和區 | E74: =VLOOKUP(D74,門市狀態!G:H,2,FALSE) -> 劉柏均 | F74: =IFERROR(IF(VLOOKUP(A74,門市狀態!A:D,4,FALSE)=0,"",VLOOKUP(A74,門市狀態!A:D,4,FALSE)),"") | H74: =IF(I74>0,(TEXT(I74,"yyyymmdd")&勤務統計!$V$2&A74&勤務統計!$V$2&B74&勤務統計!$S$2),"") -> PMQ1-2941-永和頂溪店(定保) | I74: {=IF(AND(SUMPRODUCT((IM!$F$2:$F$5000=A74)*(ISNUMBER(SEARCH(勤務統計!$C$1, IM!$AC$2:$AC$5000))))>0), 勤務統計!$C$1, "")} -> PMQ1 | J74: {=IFERROR(INDEX(IM!$AM$2:$AM$5000, MATCH(1, (IM!$F$2:$F$5000=A74) * (ISNUMBER(SEARCH(勤務統計!$C$1, IM!$AC$2:$AC$5000))), 0)), "")} -> 46042 | K74: {=SUMPRODUCT((IM!$F$2:$F$5000=A74)*(IM!$AD$2:$AD$5000="O")*(ISNUMBER(SEARCH(勤務統計!$C$1, IM!$AC$2:$AC$5000))))} -> 1 | L74: {=IF(K74>0,IFERROR(HYPERLINK("#'IM'!AC"&MATCH(1,(IM!$F$1:$F$5000=A74)*(ISNUMBER(SEARCH(勤務統計!$C$1,IM!$AC$1:$AC$5000))),0),"檢核"),"未登錄"),"")} -> 檢核 | M74: =Q74&S74&U74 -> +721 | N74: {=IF(AND( SUMPRODUCT( (IM!$F$2:$F$522=A74) * ISNUMBER(SEARCH("*HUB*", IM!$AC$2:$AC$522)) * (IM!$X$2:$X$522>=勤務統計!$A$1) * (IM!$X$2:$X$522<=勤務統計!$B$1)*(W74="HUB") ) > 0 ), "HUB", "")} | O74: =IF( IFERROR(VLOOKUP(A74,勤務統計!A:I,9,FALSE),"")<>勤務統計!$C$1, "未完工", IF( AND(勤務統計!$D$1="--",勤務統計!$E$1="--",勤務統計!$F$1="--"), "已完工", IF( OR( AND(勤務統計!$D$1<>"--", IFERROR(VLOOKUP(A74,'0919門市清單主檔'!B:AH,31,FALSE),"")=勤務統計!$D$1, IFERROR(VLOOKUP(A74,勤務統計!A:Q,17,FALSE),"")<>勤務統計!$D$1), AND(勤務統計!$E$1<>"--", IFERROR(VLOOKUP(A74,'0919門市清單主檔'!B:AH,32,FALSE),"")=勤務統計!$E$1, IFERROR(VLOOKUP(A74,勤務統計!A:S,19,FALSE),"")<>勤務統計!$E$1), AND(勤務統計!$F$1<>"--", IFERROR(VLOOKUP(A74,'0919門市清單主檔'!B:AH,33,FALSE),"")=勤務統計!$F$1, IFERROR(VLOOKUP(A74,勤務統計!A:U,21,FALSE),"")<>勤務統計!$F$1), AND(IFERROR(VLOOKUP(A74,'0919門市清單主檔'!B:AH,28,FALSE),"")="HUB", IFERROR(VLOOKUP(A74,勤務統計!A:W,23,FALSE),"")<>"HUB") ), _xlfn.TEXTJOIN( "，", TRUE, IF(AND(勤務統計!$D$1<>"--", IFERROR(VLOOKUP(A74,'0919門市清單主檔'!B:AH,31,FALSE),"")=勤務統計!$D$1, IFERROR(VLOOKUP(A74,勤務統計!A:Q,17,FALSE),"")<>勤務統計!$D$1), 勤務統計!$D$1, ""), IF(AND(勤務統計!$E$1<>"--", IFERROR(VLOOKUP(A74,'0919門市清單主檔'!B:AH,32,FALSE),"")=勤務統計!$E$1, IFERROR(VLOOKUP(A74,勤務統計!A:S,19,FALSE),"")<>勤務統計!$E$1), 勤務統計!$E$1, ""), IF(AND(勤務統計!$F$1<>"--", IFERROR(VLOOKUP(A74,'0919門市清單主檔'!B:AH,33,FALSE),"")=勤務統計!$F$1, IFERROR(VLOOKUP(A74,勤務統計!A:U,21,FALSE),"")<>勤務統計!$F$1), 勤務統計!$F$1, ""), IF(AND(IFERROR(VLOOKUP(A74,'0919門市清單主檔'!B:AH,28,FALSE),"")="HUB", IFERROR(VLOOKUP(A74,勤務統計!A:W,23,FALSE),"")<>"HUB"), "HUB", "") ) & "未完工", "已完工" ) ) ) -> 未完工 | P74: =(TEXT(I74,"yyyymmdd"))&勤務統計!$V$2&A74&勤務統計!$V$2&B74&勤務統計!$S$2 -> PMQ1-2941-永和頂溪店(定保) | Q74: {=IF(AND(SUMPRODUCT((IM!$F$2:$F$5000=A74)*(ISNUMBER(SEARCH(勤務統計!$D$1, IM!$AC$2:$AC$5000))))>0), 勤務統計!$D$1, "")} | R74: {=IFERROR(INDEX(IM!$AM$2:$AM$5000, MATCH(1, (IM!$F$2:$F$5000=A74) * (ISNUMBER(SEARCH(勤務統計!$D$1, IM!$AC$2:$AC$5000))), 0)), "")} | S74: {=IF(AND(SUMPRODUCT((IM!$F$2:$F$5000=A74)*(ISNUMBER(SEARCH(勤務統計!$E$1, IM!$AC$2:$AC$5000))))>0), 勤務統計!$E$1, "")} | T74: {=IFERROR(INDEX(IM!$AM$2:$AM$5000, MATCH(1, (IM!$F$2:$F$5000=A74) * (ISNUMBER(SEARCH(勤務統計!$E$1, IM!$AC$2:$AC$5000))), 0)), "")} | U74: {=IF(AND(SUMPRODUCT((IM!$F$2:$F$5000=A74)*(ISNUMBER(SEARCH(勤務統計!$F$1, IM!$AC$2:$AC$5000))))>0), 勤務統計!$F$1, "")} -> +721 | V74: {=IFERROR(INDEX(IM!$AM$2:$AM$5000, MATCH(1, (IM!$F$2:$F$5000=A74) * (ISNUMBER(SEARCH(勤務統計!$F$1, IM!$AC$2:$AC$5000))), 0)), "")} -> 46042 | W74: =IF(VLOOKUP(A74,'0919門市清單主檔'!B:AC,28,FALSE)=0,"",VLOOKUP(A74,'0919門市清單主檔'!B:AC,28,FALSE))
A75: 3968 | B75: =VLOOKUP(A75,'0919門市清單主檔'!B:C,2,FALSE) -> 永和貞寧店 | C75: =VLOOKUP($A75,'0919門市清單主檔'!B:V,20,FALSE) -> 新北市 | D75: =VLOOKUP($A75,'0919門市清單主檔'!B:V,21,FALSE) -> 永和區 | E75: =VLOOKUP(D75,門市狀態!G:H,2,FALSE) -> 劉柏均 | F75: =IFERROR(IF(VLOOKUP(A75,門市狀態!A:D,4,FALSE)=0,"",VLOOKUP(A75,門市狀態!A:D,4,FALSE)),"") | H75: =IF(I75>0,(TEXT(I75,"yyyymmdd")&勤務統計!$V$2&A75&勤務統計!$V$2&B75&勤務統計!$S$2),"") -> PMQ1-3968-永和貞寧店(定保) | I75: {=IF(AND(SUMPRODUCT((IM!$F$2:$F$5000=A75)*(ISNUMBER(SEARCH(勤務統計!$C$1, IM!$AC$2:$AC$5000))))>0), 勤務統計!$C$1, "")} -> PMQ1 | J75: {=IFERROR(INDEX(IM!$AM$2:$AM$5000, MATCH(1, (IM!$F$2:$F$5000=A75) * (ISNUMBER(SEARCH(勤務統計!$C$1, IM!$AC$2:$AC$5000))), 0)), "")} -> 46042 | K75: {=SUMPRODUCT((IM!$F$2:$F$5000=A75)*(IM!$AD$2:$AD$5000="O")*(ISNUMBER(SEARCH(勤務統計!$C$1, IM!$AC$2:$AC$5000))))} -> 1 | L75: {=IF(K75>0,IFERROR(HYPERLINK("#'IM'!AC"&MATCH(1,(IM!$F$1:$F$5000=A75)*(ISNUMBER(SEARCH(勤務統計!$C$1,IM!$AC$1:$AC$5000))),0),"檢核"),"未登錄"),"")} -> 檢核 | M75: =Q75&S75&U75 -> +721 | N75: {=IF(AND( SUMPRODUCT( (IM!$F$2:$F$522=A75) * ISNUMBER(SEARCH("*HUB*", IM!$AC$2:$AC$522)) * (IM!$X$2:$X$522>=勤務統計!$A$1) * (IM!$X$2:$X$522<=勤務統計!$B$1)*(W75="HUB") ) > 0 ), "HUB", "")} | O75: =IF( IFERROR(VLOOKUP(A75,勤務統計!A:I,9,FALSE),"")<>勤務統計!$C$1, "未完工", IF( AND(勤務統計!$D$1="--",勤務統計!$E$1="--",勤務統計!$F$1="--"), "已完工", IF( OR( AND(勤務統計!$D$1<>"--", IFERROR(VLOOKUP(A75,'0919門市清單主檔'!B:AH,31,FALSE),"")=勤務統計!$D$1, IFERROR(VLOOKUP(A75,勤務統計!A:Q,17,FALSE),"")<>勤務統計!$D$1), AND(勤務統計!$E$1<>"--", IFERROR(VLOOKUP(A75,'0919門市清單主檔'!B:AH,32,FALSE),"")=勤務統計!$E$1, IFERROR(VLOOKUP(A75,勤務統計!A:S,19,FALSE),"")<>勤務統計!$E$1), AND(勤務統計!$F$1<>"--", IFERROR(VLOOKUP(A75,'0919門市清單主檔'!B:AH,33,FALSE),"")=勤務統計!$F$1, IFERROR(VLOOKUP(A75,勤務統計!A:U,21,FALSE),"")<>勤務統計!$F$1), AND(IFERROR(VLOOKUP(A75,'0919門市清單主檔'!B:AH,28,FALSE),"")="HUB", IFERROR(VLOOKUP(A75,勤務統計!A:W,23,FALSE),"")<>"HUB") ), _xlfn.TEXTJOIN( "，", TRUE, IF(AND(勤務統計!$D$1<>"--", IFERROR(VLOOKUP(A75,'0919門市清單主檔'!B:AH,31,FALSE),"")=勤務統計!$D$1, IFERROR(VLOOKUP(A75,勤務統計!A:Q,17,FALSE),"")<>勤務統計!$D$1), 勤務統計!$D$1, ""), IF(AND(勤務統計!$E$1<>"--", IFERROR(VLOOKUP(A75,'0919門市清單主檔'!B:AH,32,FALSE),"")=勤務統計!$E$1, IFERROR(VLOOKUP(A75,勤務統計!A:S,19,FALSE),"")<>勤務統計!$E$1), 勤務統計!$E$1, ""), IF(AND(勤務統計!$F$1<>"--", IFERROR(VLOOKUP(A75,'0919門市清單主檔'!B:AH,33,FALSE),"")=勤務統計!$F$1, IFERROR(VLOOKUP(A75,勤務統計!A:U,21,FALSE),"")<>勤務統計!$F$1), 勤務統計!$F$1, ""), IF(AND(IFERROR(VLOOKUP(A75,'0919門市清單主檔'!B:AH,28,FALSE),"")="HUB", IFERROR(VLOOKUP(A75,勤務統計!A:W,23,FALSE),"")<>"HUB"), "HUB", "") ) & "未完工", "已完工" ) ) ) -> 未完工 | P75: =(TEXT(I75,"yyyymmdd"))&勤務統計!$V$2&A75&勤務統計!$V$2&B75&勤務統計!$S$2 -> PMQ1-3968-永和貞寧店(定保) | Q75: {=IF(AND(SUMPRODUCT((IM!$F$2:$F$5000=A75)*(ISNUMBER(SEARCH(勤務統計!$D$1, IM!$AC$2:$AC$5000))))>0), 勤務統計!$D$1, "")} | R75: {=IFERROR(INDEX(IM!$AM$2:$AM$5000, MATCH(1, (IM!$F$2:$F$5000=A75) * (ISNUMBER(SEARCH(勤務統計!$D$1, IM!$AC$2:$AC$5000))), 0)), "")} | S75: {=IF(AND(SUMPRODUCT((IM!$F$2:$F$5000=A75)*(ISNUMBER(SEARCH(勤務統計!$E$1, IM!$AC$2:$AC$5000))))>0), 勤務統計!$E$1, "")} | T75: {=IFERROR(INDEX(IM!$AM$2:$AM$5000, MATCH(1, (IM!$F$2:$F$5000=A75) * (ISNUMBER(SEARCH(勤務統計!$E$1, IM!$AC$2:$AC$5000))), 0)), "")} | U75: {=IF(AND(SUMPRODUCT((IM!$F$2:$F$5000=A75)*(ISNUMBER(SEARCH(勤務統計!$F$1, IM!$AC$2:$AC$5000))))>0), 勤務統計!$F$1, "")} -> +721 | V75: {=IFERROR(INDEX(IM!$AM$2:$AM$5000, MATCH(1, (IM!$F$2:$F$5000=A75) * (ISNUMBER(SEARCH(勤務統計!$F$1, IM!$AC$2:$AC$5000))), 0)), "")} -> 46042 | W75: =IF(VLOOKUP(A75,'0919門市清單主檔'!B:AC,28,FALSE)=0,"",VLOOKUP(A75,'0919門市清單主檔'!B:AC,28,FALSE))
A76: 4019 | B76: =VLOOKUP(A76,'0919門市清單主檔'!B:C,2,FALSE) -> 永和永霖店 | C76: =VLOOKUP($A76,'0919門市清單主檔'!B:V,20,FALSE) -> 新北市 | D76: =VLOOKUP($A76,'0919門市清單主檔'!B:V,21,FALSE) -> 永和區 | E76: =VLOOKUP(D76,門市狀態!G:H,2,FALSE) -> 劉柏均 | F76: =IFERROR(IF(VLOOKUP(A76,門市狀態!A:D,4,FALSE)=0,"",VLOOKUP(A76,門市狀態!A:D,4,FALSE)),"") | H76: =IF(I76>0,(TEXT(I76,"yyyymmdd")&勤務統計!$V$2&A76&勤務統計!$V$2&B76&勤務統計!$S$2),"") -> PMQ1-4019-永和永霖店(定保) | I76: {=IF(AND(SUMPRODUCT((IM!$F$2:$F$5000=A76)*(ISNUMBER(SEARCH(勤務統計!$C$1, IM!$AC$2:$AC$5000))))>0), 勤務統計!$C$1, "")} -> PMQ1 | J76: {=IFERROR(INDEX(IM!$AM$2:$AM$5000, MATCH(1, (IM!$F$2:$F$5000=A76) * (ISNUMBER(SEARCH(勤務統計!$C$1, IM!$AC$2:$AC$5000))), 0)), "")} -> 46042 | K76: {=SUMPRODUCT((IM!$F$2:$F$5000=A76)*(IM!$AD$2:$AD$5000="O")*(ISNUMBER(SEARCH(勤務統計!$C$1, IM!$AC$2:$AC$5000))))} -> 1 | L76: {=IF(K76>0,IFERROR(HYPERLINK("#'IM'!AC"&MATCH(1,(IM!$F$1:$F$5000=A76)*(ISNUMBER(SEARCH(勤務統計!$C$1,IM!$AC$1:$AC$5000))),0),"檢核"),"未登錄"),"")} -> 檢核 | M76: =Q76&S76&U76 -> +721 | N76: {=IF(AND( SUMPRODUCT( (IM!$F$2:$F$522=A76) * ISNUMBER(SEARCH("*HUB*", IM!$AC$2:$AC$522)) * (IM!$X$2:$X$522>=勤務統計!$A$1) * (IM!$X$2:$X$522<=勤務統計!$B$1)*(W76="HUB") ) > 0 ), "HUB", "")} | O76: =IF( IFERROR(VLOOKUP(A76,勤務統計!A:I,9,FALSE),"")<>勤務統計!$C$1, "未完工", IF( AND(勤務統計!$D$1="--",勤務統計!$E$1="--",勤務統計!$F$1="--"), "已完工", IF( OR( AND(勤務統計!$D$1<>"--", IFERROR(VLOOKUP(A76,'0919門市清單主檔'!B:AH,31,FALSE),"")=勤務統計!$D$1, IFERROR(VLOOKUP(A76,勤務統計!A:Q,17,FALSE),"")<>勤務統計!$D$1), AND(勤務統計!$E$1<>"--", IFERROR(VLOOKUP(A76,'0919門市清單主檔'!B:AH,32,FALSE),"")=勤務統計!$E$1, IFERROR(VLOOKUP(A76,勤務統計!A:S,19,FALSE),"")<>勤務統計!$E$1), AND(勤務統計!$F$1<>"--", IFERROR(VLOOKUP(A76,'0919門市清單主檔'!B:AH,33,FALSE),"")=勤務統計!$F$1, IFERROR(VLOOKUP(A76,勤務統計!A:U,21,FALSE),"")<>勤務統計!$F$1), AND(IFERROR(VLOOKUP(A76,'0919門市清單主檔'!B:AH,28,FALSE),"")="HUB", IFERROR(VLOOKUP(A76,勤務統計!A:W,23,FALSE),"")<>"HUB") ), _xlfn.TEXTJOIN( "，", TRUE, IF(AND(勤務統計!$D$1<>"--", IFERROR(VLOOKUP(A76,'0919門市清單主檔'!B:AH,31,FALSE),"")=勤務統計!$D$1, IFERROR(VLOOKUP(A76,勤務統計!A:Q,17,FALSE),"")<>勤務統計!$D$1), 勤務統計!$D$1, ""), IF(AND(勤務統計!$E$1<>"--", IFERROR(VLOOKUP(A76,'0919門市清單主檔'!B:AH,32,FALSE),"")=勤務統計!$E$1, IFERROR(VLOOKUP(A76,勤務統計!A:S,19,FALSE),"")<>勤務統計!$E$1), 勤務統計!$E$1, ""), IF(AND(勤務統計!$F$1<>"--", IFERROR(VLOOKUP(A76,'0919門市清單主檔'!B:AH,33,FALSE),"")=勤務統計!$F$1, IFERROR(VLOOKUP(A76,勤務統計!A:U,21,FALSE),"")<>勤務統計!$F$1), 勤務統計!$F$1, ""), IF(AND(IFERROR(VLOOKUP(A76,'0919門市清單主檔'!B:AH,28,FALSE),"")="HUB", IFERROR(VLOOKUP(A76,勤務統計!A:W,23,FALSE),"")<>"HUB"), "HUB", "") ) & "未完工", "已完工" ) ) ) -> 未完工 | P76: =(TEXT(I76,"yyyymmdd"))&勤務統計!$V$2&A76&勤務統計!$V$2&B76&勤務統計!$S$2 -> PMQ1-4019-永和永霖店(定保) | Q76: {=IF(AND(SUMPRODUCT((IM!$F$2:$F$5000=A76)*(ISNUMBER(SEARCH(勤務統計!$D$1, IM!$AC$2:$AC$5000))))>0), 勤務統計!$D$1, "")} | R76: {=IFERROR(INDEX(IM!$AM$2:$AM$5000, MATCH(1, (IM!$F$2:$F$5000=A76) * (ISNUMBER(SEARCH(勤務統計!$D$1, IM!$AC$2:$AC$5000))), 0)), "")} | S76: {=IF(AND(SUMPRODUCT((IM!$F$2:$F$5000=A76)*(ISNUMBER(SEARCH(勤務統計!$E$1, IM!$AC$2:$AC$5000))))>0), 勤務統計!$E$1, "")} | T76: {=IFERROR(INDEX(IM!$AM$2:$AM$5000, MATCH(1, (IM!$F$2:$F$5000=A76) * (ISNUMBER(SEARCH(勤務統計!$E$1, IM!$AC$2:$AC$5000))), 0)), "")} | U76: {=IF(AND(SUMPRODUCT((IM!$F$2:$F$5000=A76)*(ISNUMBER(SEARCH(勤務統計!$F$1, IM!$AC$2:$AC$5000))))>0), 勤務統計!$F$1, "")} -> +721 | V76: {=IFERROR(INDEX(IM!$AM$2:$AM$5000, MATCH(1, (IM!$F$2:$F$5000=A76) * (ISNUMBER(SEARCH(勤務統計!$F$1, IM!$AC$2:$AC$5000))), 0)), "")} -> 46042 | W76: =IF(VLOOKUP(A76,'0919門市清單主檔'!B:AC,28,FALSE)=0,"",VLOOKUP(A76,'0919門市清單主檔'!B:AC,28,FALSE))
A77: 4970 | B77: =VLOOKUP(A77,'0919門市清單主檔'!B:C,2,FALSE) -> 中和一品苑 | C77: =VLOOKUP($A77,'0919門市清單主檔'!B:V,20,FALSE) -> 新北市 | D77: =VLOOKUP($A77,'0919門市清單主檔'!B:V,21,FALSE) -> 中和區 | E77: =VLOOKUP(D77,門市狀態!G:H,2,FALSE) -> 劉柏均 | F77: =IFERROR(IF(VLOOKUP(A77,門市狀態!A:D,4,FALSE)=0,"",VLOOKUP(A77,門市狀態!A:D,4,FALSE)),"") | H77: =IF(I77>0,(TEXT(I77,"yyyymmdd")&勤務統計!$V$2&A77&勤務統計!$V$2&B77&勤務統計!$S$2),"") -> PMQ1-4970-中和一品苑(定保) | I77: {=IF(AND(SUMPRODUCT((IM!$F$2:$F$5000=A77)*(ISNUMBER(SEARCH(勤務統計!$C$1, IM!$AC$2:$AC$5000))))>0), 勤務統計!$C$1, "")} -> PMQ1 | J77: {=IFERROR(INDEX(IM!$AM$2:$AM$5000, MATCH(1, (IM!$F$2:$F$5000=A77) * (ISNUMBER(SEARCH(勤務統計!$C$1, IM!$AC$2:$AC$5000))), 0)), "")} -> 46042 | K77: {=SUMPRODUCT((IM!$F$2:$F$5000=A77)*(IM!$AD$2:$AD$5000="O")*(ISNUMBER(SEARCH(勤務統計!$C$1, IM!$AC$2:$AC$5000))))} -> 1 | L77: {=IF(K77>0,IFERROR(HYPERLINK("#'IM'!AC"&MATCH(1,(IM!$F$1:$F$5000=A77)*(ISNUMBER(SEARCH(勤務統計!$C$1,IM!$AC$1:$AC$5000))),0),"檢核"),"未登錄"),"")} -> 檢核 | M77: =Q77&S77&U77 -> +721 | N77: {=IF(AND( SUMPRODUCT( (IM!$F$2:$F$522=A77) * ISNUMBER(SEARCH("*HUB*", IM!$AC$2:$AC$522)) * (IM!$X$2:$X$522>=勤務統計!$A$1) * (IM!$X$2:$X$522<=勤務統計!$B$1)*(W77="HUB") ) > 0 ), "HUB", "")} | O77: =IF( IFERROR(VLOOKUP(A77,勤務統計!A:I,9,FALSE),"")<>勤務統計!$C$1, "未完工", IF( AND(勤務統計!$D$1="--",勤務統計!$E$1="--",勤務統計!$F$1="--"), "已完工", IF( OR( AND(勤務統計!$D$1<>"--", IFERROR(VLOOKUP(A77,'0919門市清單主檔'!B:AH,31,FALSE),"")=勤務統計!$D$1, IFERROR(VLOOKUP(A77,勤務統計!A:Q,17,FALSE),"")<>勤務統計!$D$1), AND(勤務統計!$E$1<>"--", IFERROR(VLOOKUP(A77,'0919門市清單主檔'!B:AH,32,FALSE),"")=勤務統計!$E$1, IFERROR(VLOOKUP(A77,勤務統計!A:S,19,FALSE),"")<>勤務統計!$E$1), AND(勤務統計!$F$1<>"--", IFERROR(VLOOKUP(A77,'0919門市清單主檔'!B:AH,33,FALSE),"")=勤務統計!$F$1, IFERROR(VLOOKUP(A77,勤務統計!A:U,21,FALSE),"")<>勤務統計!$F$1), AND(IFERROR(VLOOKUP(A77,'0919門市清單主檔'!B:AH,28,FALSE),"")="HUB", IFERROR(VLOOKUP(A77,勤務統計!A:W,23,FALSE),"")<>"HUB") ), _xlfn.TEXTJOIN( "，", TRUE, IF(AND(勤務統計!$D$1<>"--", IFERROR(VLOOKUP(A77,'0919門市清單主檔'!B:AH,31,FALSE),"")=勤務統計!$D$1, IFERROR(VLOOKUP(A77,勤務統計!A:Q,17,FALSE),"")<>勤務統計!$D$1), 勤務統計!$D$1, ""), IF(AND(勤務統計!$E$1<>"--", IFERROR(VLOOKUP(A77,'0919門市清單主檔'!B:AH,32,FALSE),"")=勤務統計!$E$1, IFERROR(VLOOKUP(A77,勤務統計!A:S,19,FALSE),"")<>勤務統計!$E$1), 勤務統計!$E$1, ""), IF(AND(勤務統計!$F$1<>"--", IFERROR(VLOOKUP(A77,'0919門市清單主檔'!B:AH,33,FALSE),"")=勤務統計!$F$1, IFERROR(VLOOKUP(A77,勤務統計!A:U,21,FALSE),"")<>勤務統計!$F$1), 勤務統計!$F$1, ""), IF(AND(IFERROR(VLOOKUP(A77,'0919門市清單主檔'!B:AH,28,FALSE),"")="HUB", IFERROR(VLOOKUP(A77,勤務統計!A:W,23,FALSE),"")<>"HUB"), "HUB", "") ) & "未完工", "已完工" ) ) ) -> 未完工 | P77: =(TEXT(I77,"yyyymmdd"))&勤務統計!$V$2&A77&勤務統計!$V$2&B77&勤務統計!$S$2 -> PMQ1-4970-中和一品苑(定保) | Q77: {=IF(AND(SUMPRODUCT((IM!$F$2:$F$5000=A77)*(ISNUMBER(SEARCH(勤務統計!$D$1, IM!$AC$2:$AC$5000))))>0), 勤務統計!$D$1, "")} | R77: {=IFERROR(INDEX(IM!$AM$2:$AM$5000, MATCH(1, (IM!$F$2:$F$5000=A77) * (ISNUMBER(SEARCH(勤務統計!$D$1, IM!$AC$2:$AC$5000))), 0)), "")} | S77: {=IF(AND(SUMPRODUCT((IM!$F$2:$F$5000=A77)*(ISNUMBER(SEARCH(勤務統計!$E$1, IM!$AC$2:$AC$5000))))>0), 勤務統計!$E$1, "")} | T77: {=IFERROR(INDEX(IM!$AM$2:$AM$5000, MATCH(1, (IM!$F$2:$F$5000=A77) * (ISNUMBER(SEARCH(勤務統計!$E$1, IM!$AC$2:$AC$5000))), 0)), "")} | U77: {=IF(AND(SUMPRODUCT((IM!$F$2:$F$5000=A77)*(ISNUMBER(SEARCH(勤務統計!$F$1, IM!$AC$2:$AC$5000))))>0), 勤務統計!$F$1, "")} -> +721 | V77: {=IFERROR(INDEX(IM!$AM$2:$AM$5000, MATCH(1, (IM!$F$2:$F$5000=A77) * (ISNUMBER(SEARCH(勤務統計!$F$1, IM!$AC$2:$AC$5000))), 0)), "")} -> 46042 | W77: =IF(VLOOKUP(A77,'0919門市清單主檔'!B:AC,28,FALSE)=0,"",VLOOKUP(A77,'0919門市清單主檔'!B:AC,28,FALSE))
A78: 2315 | B78: =VLOOKUP(A78,'0919門市清單主檔'!B:C,2,FALSE) -> 蘆竹坑口店 | C78: =VLOOKUP($A78,'0919門市清單主檔'!B:V,20,FALSE) -> 桃園市 | D78: =VLOOKUP($A78,'0919門市清單主檔'!B:V,21,FALSE) -> 龜山區 | E78: =VLOOKUP(D78,門市狀態!G:H,2,FALSE) -> 吳宗鴻 | F78: =IFERROR(IF(VLOOKUP(A78,門市狀態!A:D,4,FALSE)=0,"",VLOOKUP(A78,門市狀態!A:D,4,FALSE)),"") | H78: =IF(I78>0,(TEXT(I78,"yyyymmdd")&勤務統計!$V$2&A78&勤務統計!$V$2&B78&勤務統計!$S$2),"") -> PMQ1-2315-蘆竹坑口店(定保) | I78: {=IF(AND(SUMPRODUCT((IM!$F$2:$F$5000=A78)*(ISNUMBER(SEARCH(勤務統計!$C$1, IM!$AC$2:$AC$5000))))>0), 勤務統計!$C$1, "")} -> PMQ1 | J78: {=IFERROR(INDEX(IM!$AM$2:$AM$5000, MATCH(1, (IM!$F$2:$F$5000=A78) * (ISNUMBER(SEARCH(勤務統計!$C$1, IM!$AC$2:$AC$5000))), 0)), "")} -> 46043 | K78: {=SUMPRODUCT((IM!$F$2:$F$5000=A78)*(IM!$AD$2:$AD$5000="O")*(ISNUMBER(SEARCH(勤務統計!$C$1, IM!$AC$2:$AC$5000))))} -> 1 | L78: {=IF(K78>0,IFERROR(HYPERLINK("#'IM'!AC"&MATCH(1,(IM!$F$1:$F$5000=A78)*(ISNUMBER(SEARCH(勤務統計!$C$1,IM!$AC$1:$AC$5000))),0),"檢核"),"未登錄"),"")} -> 檢核 | M78: =Q78&S78&U78 -> +L90+721 | N78: {=IF(AND( SUMPRODUCT( (IM!$F$2:$F$522=A78) * ISNUMBER(SEARCH("*HUB*", IM!$AC$2:$AC$522)) * (IM!$X$2:$X$522>=勤務統計!$A$1) * (IM!$X$2:$X$522<=勤務統計!$B$1)*(W78="HUB") ) > 0 ), "HUB", "")} | O78: =IF( IFERROR(VLOOKUP(A78,勤務統計!A:I,9,FALSE),"")<>勤務統計!$C$1, "未完工", IF( AND(勤務統計!$D$1="--",勤務統計!$E$1="--",勤務統計!$F$1="--"), "已完工", IF( OR( AND(勤務統計!$D$1<>"--", IFERROR(VLOOKUP(A78,'0919門市清單主檔'!B:AH,31,FALSE),"")=勤務統計!$D$1, IFERROR(VLOOKUP(A78,勤務統計!A:Q,17,FALSE),"")<>勤務統計!$D$1), AND(勤務統計!$E$1<>"--", IFERROR(VLOOKUP(A78,'0919門市清單主檔'!B:AH,32,FALSE),"")=勤務統計!$E$1, IFERROR(VLOOKUP(A78,勤務統計!A:S,19,FALSE),"")<>勤務統計!$E$1), AND(勤務統計!$F$1<>"--", IFERROR(VLOOKUP(A78,'0919門市清單主檔'!B:AH,33,FALSE),"")=勤務統計!$F$1, IFERROR(VLOOKUP(A78,勤務統計!A:U,21,FALSE),"")<>勤務統計!$F$1), AND(IFERROR(VLOOKUP(A78,'0919門市清單主檔'!B:AH,28,FALSE),"")="HUB", IFERROR(VLOOKUP(A78,勤務統計!A:W,23,FALSE),"")<>"HUB") ), _xlfn.TEXTJOIN( "，", TRUE, IF(AND(勤務統計!$D$1<>"--", IFERROR(VLOOKUP(A78,'0919門市清單主檔'!B:AH,31,FALSE),"")=勤務統計!$D$1, IFERROR(VLOOKUP(A78,勤務統計!A:Q,17,FALSE),"")<>勤務統計!$D$1), 勤務統計!$D$1, ""), IF(AND(勤務統計!$E$1<>"--", IFERROR(VLOOKUP(A78,'0919門市清單主檔'!B:AH,32,FALSE),"")=勤務統計!$E$1, IFERROR(VLOOKUP(A78,勤務統計!A:S,19,FALSE),"")<>勤務統計!$E$1), 勤務統計!$E$1, ""), IF(AND(勤務統計!$F$1<>"--", IFERROR(VLOOKUP(A78,'0919門市清單主檔'!B:AH,33,FALSE),"")=勤務統計!$F$1, IFERROR(VLOOKUP(A78,勤務統計!A:U,21,FALSE),"")<>勤務統計!$F$1), 勤務統計!$F$1, ""), IF(AND(IFERROR(VLOOKUP(A78,'0919門市清單主檔'!B:AH,28,FALSE),"")="HUB", IFERROR(VLOOKUP(A78,勤務統計!A:W,23,FALSE),"")<>"HUB"), "HUB", "") ) & "未完工", "已完工" ) ) ) -> 未完工 | P78: =(TEXT(I78,"yyyymmdd"))&勤務統計!$V$2&A78&勤務統計!$V$2&B78&勤務統計!$S$2 -> PMQ1-2315-蘆竹坑口店(定保) | Q78: {=IF(AND(SUMPRODUCT((IM!$F$2:$F$5000=A78)*(ISNUMBER(SEARCH(勤務統計!$D$1, IM!$AC$2:$AC$5000))))>0), 勤務統計!$D$1, "")} | R78: {=IFERROR(INDEX(IM!$AM$2:$AM$5000, MATCH(1, (IM!$F$2:$F$5000=A78) * (ISNUMBER(SEARCH(勤務統計!$D$1, IM!$AC$2:$AC$5000))), 0)), "")} | S78: {=IF(AND(SUMPRODUCT((IM!$F$2:$F$5000=A78)*(ISNUMBER(SEARCH(勤務統計!$E$1, IM!$AC$2:$AC$5000))))>0), 勤務統計!$E$1, "")} -> +L90 | T78: {=IFERROR(INDEX(IM!$AM$2:$AM$5000, MATCH(1, (IM!$F$2:$F$5000=A78) * (ISNUMBER(SEARCH(勤務統計!$E$1, IM!$AC$2:$AC$5000))), 0)), "")} -> 46043 | U78: {=IF(AND(SUMPRODUCT((IM!$F$2:$F$5000=A78)*(ISNUMBER(SEARCH(勤務統計!$F$1, IM!$AC$2:$AC$5000))))>0), 勤務統計!$F$1, "")} -> +721 | V78: {=IFERROR(INDEX(IM!$AM$2:$AM$5000, MATCH(1, (IM!$F$2:$F$5000=A78) * (ISNUMBER(SEARCH(勤務統計!$F$1, IM!$AC$2:$AC$5000))), 0)), "")} -> 46043 | W78: =IF(VLOOKUP(A78,'0919門市清單主檔'!B:AC,28,FALSE)=0,"",VLOOKUP(A78,'0919門市清單主檔'!B:AC,28,FALSE))
