Workbook

Sheet Part
A1: No. | B1: 型号 | C1: 部品号 | D1: 部品号 | E1: 部品名称 | F1: 寿命 (x1000印次) (黑白/全色) | G1: 内容 | H1: 数量 | I1: 备注
A2: 66 | B2: 2505 | C2: 6LJ83358000 | D2: T6LJ83358000 | E2: OD-2505 | F2: 55 | G2: 滾筒 | H2: 1 | I2: for all
A3: 67 | B3: 2505 | C3: 6LJ83445000 | D3: T6LJ83445000 | E3: D-2505 | F3: 55 | G3: 顯像鐵粉 | H3: 1
A4: 68 | B4: 2505 | C4: 6LA27845000 | D4: T6LA27845000 | E4: BL-2320D | F4: 55 | G4: 滾筒刮片 | H4: 1
A5: 69 | B5: 2505 | C5: 6LJ83407000 | D5: T6LJ83407000 | E5: CR-2505-TR | F5: 55 | G5: 轉寫滾軸 | H5: 1
A6: 70 | B6: 2505 | C6: 6LJ78116000 | D6: T6LJ78116000 | E6: HR-2505-U | F6: 165 | G6: 上熱滾軸 | H6: 1 | I6: for Machine Refreshing
A7: 71 | B7: 2505 | C7: 6LJ83406000 | D7: T6LJ83406000 | E7: HR-2505-L | F7: 165 | G7: 下熱滾軸 | H7: 1 | I7: for Machine Refreshing
A8: 72 | B8: 2505 | C8: 6LE58405000 | D8: T6LE58405000 | E8: SCRAPER-282 | F8: 165 | G8: 定著分離爪 | H8: 5 | I8: for Machine Refreshing
A9: 73 | B9: 2505 | C9: 6LJ78009000 | D9: T6LJ78009000 | E9: BUSH-FUS-HR-H24X | F9: 165 | G9: 上熱滾軸軸套 | H9: 2 | I9: for Machine Refreshing
A10: 74 | B10: 2505 | C10: 6LA79618000 | D10: T6LA79618000 | E10: SCRAPER-371 | F10: 165 | G10: 滾筒分離爪 | H10: 2 | I10: for Machine Refreshing
A11: 75 | B11: 2505 | C11: 6LJ76609000 | D11: T6LJ76609000 | E11: SHEET-BLADE-REC-H24X_N | F11: 165 | G11: 回收刮片 | H11: 1 | I11: for Machine Refreshing
A12: 76 | B12: 2505 | C12: 6LJ80213000 | D12: T6LJ80213000 | E12: FILTER-OZONE-H24X | F12: 165 | G12: 臭氧過濾棉 | H12: 1 | I12: for Machine Refreshing
A13: 77 | B13: 2505 | C13: 6LJ78626000 | D13: T6LJ78626000 | E13: CH-M-H24X-NEW | F13: 165 | G13: 放電座針狀放電線 | H13: 1 | I13: for Machine Refreshing
A14: 78 | B14: 2505 | C14: 6LJ78604000 | D14: T6LJ78604000 | E14: GRID-CH-M-H24X | F14: 55 | G14: 柵極網 | H14: 1
A15: 79 | B15: 2505 | C15: 6LJ75249000 | D15: T6LJ75249000 | E15: ASYS-ROL-F32 | F15: 80 | G15: 紙匣用送紙滾軸 | H15: 1 | I15: Drawer
A16: 80 | B16: 2505 | C16: 6LJ75285000 | D16: T6LJ75285000 | E16: ASYS-PAD-CST-H394-2 | F16: 80 | G16: 分頁片组件 | H16: 1 | I16: Drawer
A17: 81 | B17: 2505 | C17: 6LJ75249000 | D17: T6LJ75249000 | E17: ASYS-ROL-F32 | F17: 80 | G17: 手送台送纸器用送紙滾軸 | H17: 1 | I17: SFB
A18: 82 | B18: 2505 | C18: 6LJ74927000 | D18: T6LJ74927000 | E18: ASYS-PAD-SFB-H24X | F18: 80 | G18: 手送台送纸器用分頁片 | H18: 1 | I18: SFB
A19: 83 | B19: 2505 | C19: 6LJ83556000 | D19: T6LJ83556000 | E19: DEV-KIT-2505-NEW | F19: 55 | G19: 顯像保養套件 | H19: -
A20: 84 | B20: 2505 | C20: 6LJ78114000 | D20: T6LJ78114000 | E20: FR_R-KIT-2505-NEW | F20: 165 | G20: 保養更新套件 | H20: - | I20: for Machine Refreshing
A21: 85 | B21: 2505 | C21: 6LJ76605000 | D21: T6LJ76605000 | E21: DEV-UNIT-2505 | F21: - | G21: 顯像組 | H21: -
A22: 86 | B22: 2505 | C22: 6LJ75530000 | D22: T6LJ75530000 | E22: CLN-DRUM-2505 | F22: - | G22: 滾筒清潔組 | H22: -
A23: 87 | B23: 2505 | C23: 6LJ78627000 | D23: T6LJ78627000 | E23: MAIN-CH-2505-N | F23: - | G23: 放電座组件 | H23: -
A24: 88 | B24: 2505 | C24: 6LJ78111000 | D24: T6LJ78111000 | E24: FUSER-2505-230 | F24: - | G24: 定著組（230V） | H24: -
A25: 89 | B25: 2802A/AM/AF, 2822AM | C25: 6LJ83358000 | D25: T6LJ83358000 | E25: OD-2505 | F25: 64 | G25: 滾筒 | H25: 1 | I25: for all
A26: 90 | B26: 2802A/AM/AF, 2822AM | C26: 6LJ83445000 | D26: T6LJ83445000 | E26: D-2505 | F26: 64 | G26: 顯像鐵粉 | H26: 1
A27: 91 | B27: 2802A/AM/AF, 2822AM | C27: 6LJ84278000 | D27: T6LJ84278000 | E27: D-2309 | F27: 64 | G27: 新機鐵粉盒 | H27: 1 | I27: Co-packed with the initial machine (New)
A28: 92 | B28: 2802A/AM/AF, 2822AM | C28: 6LA27845000 | D28: T6LA27845000 | E28: BL-2320D | F28: 64 | G28: 滾筒刮片 | H28: 1
A29: 93 | B29: 2802A/AM/AF, 2822AM | C29: 6LJ83407000 | D29: T6LJ83407000 | E29: CR-2505-TR | F29: 64 | G29: 轉寫滾軸 | H29: 1
A30: 94 | B30: 2802A/AM/AF, 2822AM | C30: 6LJ78116000 | D30: T6LJ78116000 | E30: HR-2505-U | F30: 192 | G30: 上熱滾軸 | H30: 1 | I30: for Machine Refreshing
A31: 95 | B31: 2802A/AM/AF, 2822AM | C31: 6LJ78088000 | D31: T6LJ78088000 | E31: HR-2809-L | F31: 192 | G31: 下熱滾軸 | H31: 1 | I31: for Machine Refreshing (eS2802, 2822, 2303A and 2323A Series)
A32: 96 | B32: 2802A/AM/AF, 2822AM | C32: 6LE58405000 | D32: T6LE58405000 | E32: SCRAPER-282 | F32: 192 | G32: 定著分離爪 | H32: 5 | I32: for Machine Refreshing
A33: 97 | B33: 2802A/AM/AF, 2822AM | C33: 6LJ78009000 | D33: T6LJ78009000 | E33: BUSH-FUS-HR-H24X | F33: 192 | G33: 上熱滾軸軸套 | H33: 2 | I33: for Machine Refreshing
A34: 98 | B34: 2802A/AM/AF, 2822AM | C34: 6LA79618000 | D34: T6LA79618000 | E34: SCRAPER-371 | F34: 192 | G34: 滾筒分離爪 | H34: 2 | I34: for Machine Refreshing
A35: 99 | B35: 2802A/AM/AF, 2822AM | C35: 6LJ76609000 | D35: T6LJ76609000 | E35: SHEET-BLADE-REC-H24X_N | F35: 192 | G35: 回收刮片 | H35: 1 | I35: for Machine Refreshing
A36: 100 | B36: 2802A/AM/AF, 2822AM | C36: 6LJ80213000 | D36: T6LJ80213000 | E36: FILTER-OZONE-H24X | F36: 192 | G36: 臭氧過濾棉 | H36: 1 | I36: for Machine Refreshing
A37: 101 | B37: 2802A/AM/AF, 2822AM | C37: 6LJ78626000 | D37: T6LJ78626000 | E37: CH-M-H24X-NEW | F37: 192 | G37: 放電座針狀放電線 | H37: 1 | I37: for Machine Refreshing
A38: 102 | B38: 2802A/AM/AF, 2822AM | C38: 6LJ78604000 | D38: T6LJ78604000 | E38: GRID-CH-M-H24X | F38: 64 | G38: 柵極網 | H38: 1
A39: 103 | B39: 2802A/AM/AF, 2822AM | C39: 6LJ75249000 | D39: T6LJ75249000 | E39: ASYS-ROL-F32 | F39: 80 | G39: 紙匣用送紙滾軸 | H39: 1 | I39: Common with e-STUDIO2505/H/F
A40: 104 | B40: 2802A/AM/AF, 2822AM | C40: 6LJ75285000 | D40: T6LJ75285000 | E40: ASYS-PAD-CST-H394-2 | F40: 80 | G40: 分頁片组件 | H40: 1 | I40: Common with e-STUDIO2505/H/F
A41: 105 | B41: 2802A/AM/AF, 2822AM | C41: 6LJ74979000 | D41: T6LJ74979000 | E41: ASYS-ROL-F32-NS | F41: 80 | G41: 手送台送纸器用送紙滾軸 | H41: 1 | I41: for e-STUDIO2802A/AM/AF, 2822AM/AF
A42: 106 | B42: 2802A/AM/AF, 2822AM | C42: 6LJ74999000 | D42: T6LJ74999000 | E42: ASYS-PAD-SFB-H394-S | F42: 80 | G42: 手送台送纸器用分頁片 | H42: 1 | I42: for e-STUDIO2802A/AM/AF
A43: 107 | B43: 2802A/AM/AF, 2822AM | C43: 6LL21601000 | D43: T6LL21601000 | E43: ASYS-PAD-SFB-K156 | F43: 80 | G43: 手送台送纸器用分頁片 | H43: 1 | I43: for e-STUDIO2822AM/AF
A44: 108 | B44: 2802A/AM/AF, 2822AM | C44: 6LJ83556000 | D44: T6LJ83556000 | E44: DEV-KIT-2505-NEW | F44: 64 | G44: 顯像保養套件 | H44: -
A45: 109 | B45: 2802A/AM/AF, 2822AM | C45: 6LJ78113000 | D45: T6LJ78113000 | E45: FR_R-KIT-2809 | F45: 192 | G45: 保養更新套件 | H45: - | I45: for Machine Refreshing (e-STUDIO2802A/AM/AF, 2822AM/AF)
A46: 110 | B46: 2802A/AM/AF, 2822AM | C46: 6LJ76601000 | D46: T6LJ76601000 | E46: DEV-UNIT-2809 | F46: - | G46: 顯像組 | H46: - | I46: for e-STUDIO2802A/AM/AF, 2822AM/AF
A47: 111 | B47: 2802A/AM/AF, 2822AM | C47: 6LJ75530000 | D47: T6LJ75530000 | E47: CLN-DRUM-2505 | F47: - | G47: 滾筒清潔組 | H47: -
A48: 112 | B48: 2802A/AM/AF, 2822AM | C48: 6LJ78627000 | D48: T6LJ78627000 | E48: MAIN-CH-2505-N | F48: - | G48: 放電座组件 | H48: - | I48: Common
A49: 114 | B49: 2802A/AM/AF, 2822AM | C49: 6LJ78106000 | D49: T6LJ78106000 | E49: FUSER-2809-230 | F49: - | G49: 定著組（230V） | H49: - | I49: for e-STUDIO2802A/AM/AF, 2822AM/AF
A50: 115 | B50: 2006/2306/2506/2007/2307/2507 | C50: 6LJ83358000 | D50: T6LJ83358000 | E50: OD-2505 | F50: 55 | G50: 滾筒 | H50: 1 | I50: for all
A51: 116 | B51: 2006/2306/2506/2007/2307/2507 | C51: 6LJ83445000 | D51: T6LJ83445000 | E51: D-2505 | F51: 55 | G51: 顯像鐵粉 | H51: 1
A52: 117 | B52: 2006/2306/2506/2007/2307/2507 | C52: 6LA27845000 | D52: T6LA27845000 | E52: BL-2320D | F52: 55 | G52: 滾筒刮片 | H52: 1
A53: 118 | B53: 2006/2306/2506/2007/2307/2507 | C53: 6LJ83407000 | D53: T6LJ83407000 | E53: CR-2505-TR | F53: 55 | G53: 轉寫滾軸 | H53: 1
A54: 119 | B54: 2006/2306/2506/2007/2307/2507 | C54: 6LJ78116000 | D54: T6LJ78116000 | E54: HR-2505-U | F54: 165 | G54: 上熱滾軸 | H54: 1 | I54: for Machine Refreshing
A55: 120 | B55: 2006/2306/2506/2007/2307/2507 | C55: 6LJ83406000 | D55: T6LJ83406000 | E55: HR-2505-L | F55: 165 | G55: 下熱滾軸 | H55: 1 | I55: for Machine Refreshing
A56: 121 | B56: 2006/2306/2506/2007/2307/2507 | C56: 6LE58405000 | D56: T6LE58405000 | E56: SCRAPER-282 | F56: 165 | G56: 定著分離爪 | H56: 5 | I56: for Machine Refreshing
A57: 122 | B57: 2006/2306/2506/2007/2307/2507 | C57: 6LJ78009000 | D57: T6LJ78009000 | E57: BUSH-FUS-HR-H24X | F57: 165 | G57: 上熱滾軸軸套 | H57: 2 | I57: for Machine Refreshing
A58: 123 | B58: 2006/2306/2506/2007/2307/2507 | C58: 6LA79618000 | D58: T6LA79618000 | E58: SCRAPER-371 | F58: 165 | G58: 滾筒分離爪 | H58: 2 | I58: for Machine Refreshing
A59: 124 | B59: 2006/2306/2506/2007/2307/2507 | C59: 6LJ76609000 | D59: T6LJ76609000 | E59: SHEET-BLADE-REC-H24X_N | F59: 165 | G59: 回收刮片 | H59: 1 | I59: for Machine Refreshing
A60: 125 | B60: 2006/2306/2506/2007/2307/2507 | C60: 6LJ80213000 | D60: T6LJ80213000 | E60: FILTER-OZONE-H24X | F60: 165 | G60: 臭氧過濾棉 | H60: 1 | I60: for Machine Refreshing
A61: 126 | B61: 2006/2306/2506/2007/2307/2507 | C61: 6LJ78626000 | D61: T6LJ78626000 | E61: CH-M-H24X-NEW | F61: 165 | G61: 放電座針狀放電線 | H61: 1 | I61: for Machine Refreshing
A62: 127 | B62: 2006/2306/2506/2007/2307/2507 | C62: 6LJ78604000 | D62: T6LJ78604000 | E62: GRID-CH-M-H24X | F62: 55 | G62: 柵極網 | H62: 1
A63: 128 | B63: 2006/2306/2506/2007/2307/2507 | C63: 6LJ46929000 | D63: T6LJ46929000 | E63: ASYS-ROL-CST-36-L35 | F63: 80 | G63: 紙匣用送紙滾軸 | H63: 1 | I63: Drawer
A64: 129 | B64: 2006/2306/2506/2007/2307/2507 | C64: 6LJ75296000 | D64: T6LJ75296000 | E64: ASYS-HOLD-PAD-G | F64: 80 | G64: 分頁片组件 | H64: 1 | I64: Drawer
A65: 130 | B65: 2006/2306/2506/2007/2307/2507 | C65: 6LH51412000 | D65: T6LH51412000 | E65: ASYS-ROL-BYP | F65: 80 | G65: 手送台送纸器用送紙滾軸 | H65: 1 | I65: SFB
A66: 131 | B66: 2006/2306/2506/2007/2307/2507 | C66: 6LJ74945000 | D66: T6LJ74945000 | E66: ASYS-PAD-BYP-H241 | F66: 80 | G66: 手送台送纸器用分頁片 | H66: 1 | I66: SFB
A67: 132 | B67: 2006/2306/2506/2007/2307/2507 | C67: 6LJ83556000 | D67: T6LJ83556000 | E67: DEV-KIT-2505-NEW | F67: 55 | G67: 顯像保養套件 | H67: -
A68: 133 | B68: 2006/2306/2506/2007/2307/2507 | C68: 6LJ78114000 | D68: T6LJ78114000 | E68: FR_R-KIT-2505-NEW | F68: 165 | G68: 保養更新套件 | H68: - | I68: for Machine Refreshing
A69: 134 | B69: 2006/2306/2506/2007/2307/2507 | C69: 6LJ76605000 | D69: T6LJ76605000 | E69: DEV-UNIT-2505 | F69: - | G69: 顯像組 | H69: -
A70: 135 | B70: 2006/2306/2506/2007/2307/2507 | C70: 6LJ75530000 | D70: T6LJ75530000 | E70: CLN-DRUM-2505 | F70: - | G70: 滾筒清潔組 | H70: -
A71: 136 | B71: 2006/2306/2506/2007/2307/2507 | C71: 6LJ78627000 | D71: T6LJ78627000 | E71: MAIN-CH-2505-N | F71: - | G71: 放電座组件 | H71: -
A72: 138 | B72: 2006/2306/2506/2007/2307/2507 | C72: 6LJ78112000 | D72: T6LJ78112000 | E72: FUSER-2306-230 | F72: - | G72: 定著組（230V） | H72: -
A73: 139 | B73: 2303A/2309A, 2323AM/AMS/AMW | C73: 6LJ83358000 | D73: T6LJ83358000 | E73: OD-2505 | F73: 59 | G73: 滾筒 | H73: 1 | I73: for all
A74: 140 | B74: 2303A/2309A, 2323AM/AMS/AMW | C74: 6LJ83445000 | D74: T6LJ83445000 | E74: D-2505 | F74: 59 | G74: 顯像鐵粉 | H74: 1
A75: 141 | B75: 2303A/2309A, 2323AM/AMS/AMW | C75: 6LJ84278000 | D75: T6LJ84278000 | E75: D-2309 | F75: 59 | G75: 新機鐵粉盒 | H75: 1 | I75: Co-packed with the initial machine (New)
A76: 142 | B76: 2303A/2309A, 2323AM/AMS/AMW | C76: 6LA27845000 | D76: T6LA27845000 | E76: BL-2320D | F76: 59 | G76: 滾筒刮片 | H76: 1
A77: 143 | B77: 2303A/2309A, 2323AM/AMS/AMW | C77: 6LJ83407000 | D77: T6LJ83407000 | E77: CR-2505-TR | F77: 59 | G77: 轉寫滾軸 | H77: 1
A78: 144 | B78: 2303A/2309A, 2323AM/AMS/AMW | C78: 6LJ78116000 | D78: T6LJ78116000 | E78: HR-2505-U | F78: 177 | G78: 上熱滾軸 | H78: 1 | I78: for Machine Refreshing
A79: 145 | B79: 2303A/2309A, 2323AM/AMS/AMW | C79: 6LJ78088000 | D79: T6LJ78088000 | E79: HR-2809-L | F79: 177 | G79: 下熱滾軸 | H79: 1 | I79: for Machine Refreshing (e-STUDIO2303A/2309A, 2323AM/2329A)
A80: 146 | B80: 2303A/2309A, 2323AM/AMS/AMW | C80: 6LE58405000 | D80: T6LE58405000 | E80: SCRAPER-282 | F80: 177 | G80: 定著分離爪 | H80: 5 | I80: for Machine Refreshing
A81: 147 | B81: 2303A/2309A, 2323AM/AMS/AMW | C81: 6LJ78009000 | D81: T6LJ78009000 | E81: BUSH-FUS-HR-H24X | F81: 177 | G81: 上熱滾軸軸套 | H81: 2 | I81: for Machine Refreshing
A82: 148 | B82: 2303A/2309A, 2323AM/AMS/AMW | C82: 6LA79618000 | D82: T6LA79618000 | E82: SCRAPER-371 | F82: 177 | G82: 滾筒分離爪 | H82: 2 | I82: for Machine Refreshing
A83: 149 | B83: 2303A/2309A, 2323AM/AMS/AMW | C83: 6LJ76609000 | D83: T6LJ76609000 | E83: SHEET-BLADE-REC-H24X_N | F83: 177 | G83: 回收刮片 | H83: 1 | I83: for Machine Refreshing
A84: 150 | B84: 2303A/2309A, 2323AM/AMS/AMW | C84: 6LJ80213000 | D84: T6LJ80213000 | E84: FILTER-OZONE-H24X | F84: 177 | G84: 臭氧過濾棉 | H84: 1 | I84: for Machine Refreshing
A85: 151 | B85: 2303A/2309A, 2323AM/AMS/AMW | C85: 6LJ78626000 | D85: T6LJ78626000 | E85: CH-M-H24X-NEW | F85: 177 | G85: 放電座針狀放電線 | H85: 1 | I85: for Machine Refreshing
A86: 152 | B86: 2303A/2309A, 2323AM/AMS/AMW | C86: 6LJ78604000 | D86: T6LJ78604000 | E86: GRID-CH-M-H24X | F86: 59 | G86: 柵極網 | H86: 1
A87: 153 | B87: 2303A/2309A, 2323AM/AMS/AMW | C87: 6LJ46929000 | D87: T6LJ46929000 | E87: ASYS-ROL-CST-36-L35 | F87: 80 | G87: 紙匣用送紙滾軸 | H87: 1 | I87: Common with e-STUDIO2006/2306/2506/2007/2307/2507
A88: 154 | B88: 2303A/2309A, 2323AM/AMS/AMW | C88: 6LJ75296000 | D88: T6LJ75296000 | E88: ASYS-HOLD-PAD-G | F88: 80 | G88: 分頁片组件 | H88: 1 | I88: Common with e-STUDIO2006/2306/2506/2007/2307/2507
A89: 155 | B89: 2303A/2309A, 2323AM/AMS/AMW | C89: 6LH51412000 | D89: T6LH51412000 | E89: ASYS-ROL-BYP | F89: 80 | G89: 手送台送纸器用送紙滾軸 | H89: 1 | I89: Common with e-STUDIO2006/2306/2506/2007/2307/2507
A90: 156 | B90: 2303A/2309A, 2323AM/AMS/AMW | C90: 6LJ75025000 | D90: T6LJ75025000 | E90: ASYS-PAD-BYP-H390 | F90: 80 | G90: 手送台送纸器用分頁片 | H90: 1 | I90: for e-STUDIO2303A Series
A91: 157 | B91: 2303A/2309A, 2323AM/AMS/AMW | C91: 6LL20258000 | D91: T6LL20258000 | E91: ASYS-PAD-BYP-DR3 | F91: 80 | G91: 手送台送纸器用分頁片 | H91: 1 | I91: for e-STUDIO2323A Series
A92: 158 | B92: 2303A/2309A, 2323AM/AMS/AMW | C92: 6LJ83556000 | D92: T6LJ83556000 | E92: DEV-KIT-2505-NEW | F92: 59 | G92: 顯像保養套件 | H92: -
A93: 159 | B93: 2303A/2309A, 2323AM/AMS/AMW | C93: 6LJ78113000 | D93: T6LJ78113000 | E93: FR_R-KIT-2809 | F93: 177 | G93: 保養更新套件 | H93: - | I93: for Machine Refreshing (e-STUDIO2303A/2309A, 2323AM/2329A)
A94: 160 | B94: 2303A/2309A, 2323AM/AMS/AMW | C94: 6LJ76601000 | D94: T6LJ76601000 | E94: DEV-UNIT-2809 | F94: - | G94: 顯像組 | H94: - | I94: for e-STUDIO2303A and 2323AM Series
A95: 161 | B95: 2303A/2309A, 2323AM/AMS/AMW | C95: 6LJ75530000 | D95: T6LJ75530000 | E95: CLN-DRUM-2505 | F95: - | G95: 滾筒清潔組 | H95: - | I95: Common
A96: 162 | B96: 2303A/2309A, 2323AM/AMS/AMW | C96: 6LJ78627000 | D96: T6LJ78627000 | E96: MAIN-CH-2505-N | F96: - | G96: 放電座组件 | H96: - | I96: Common
A97: 164 | B97: 2303A/2309A, 2323AM/AMS/AMW | C97: 6LJ78106000 | D97: T6LJ78106000 | E97: FUSER-2809-230 | F97: - | G97: 定著組（230V） | H97: - | I97: for e-STUDIO2303A and 2323A Series
A98: 165 | B98: 2523A/2523AD | C98: 6LJ83358000 | D98: T6LJ83358000 | E98: OD-2505 | F98: 61 | G98: 滾筒 | H98: 1 | I98: for all
A99: 166 | B99: 2523A/2523AD | C99: 6LJ83445000 | D99: T6LJ83445000 | E99: D-2505 | F99: 61 | G99: 顯像鐵粉 | H99: 1
A100: 167 | B100: 2523A/2523AD | C100: 6LJ84278000 | D100: T6LJ84278000 | E100: D-2309 | F100: 61 | G100: 新機鐵粉盒 | H100: 1 | I100: Co-packed with the initial machine (New)
...

Sheet 工作表1
A1: 型号
A2: e-STUDIO2000AC/2010AC/2110AC
A3: e-STUDIO2006/2306/2506/2007/2307/2507
A4: e-STUDIO2020AC
A5: e-STUDIO2050C/2051C
A6: e-STUDIO2303A/2309A, 2323AM/AMS/AMW
A7: e-STUDIO2500AC/2510AC/2610AC
A9: e-STUDIO2505AC/2515AC/2615AC
A10: e-STUDIO2508A/2518A/2618A
A11: e-STUDIO2520AC
A12: e-STUDIO2523A/2523AD
A13: e-STUDIO2525AC
... A55: e-STUDIO6528A

Sheet 工作表2
A1: 型号
A2: 2500AC/2510AC/2610AC
A3: 2505AC/2515AC/2615AC
A4: 2508A/2518A/2618A
A5: 2520AC
A6: 2809A, 2823AM/2829A/2823AMW
A7: 3008A/3018A(AG)/3118A(AG)
A8: 3025AC
A9: 3028A
A10: 3505AC/3515AC/3615AC
A11: 3508A/3518A(AG)/3618A(AG)
A12: 3525AC/ACG
... A25: 6528A

Sheet 工作表4
A1: 機型 | B1: 部件 | C1: 零件名稱 | E1: 料號 | F1: 型號 | G1: 壽命(張)
A2: 2505 | B2: {=_xlfn.XLOOKUP(TRUE, ISNUMBER(SEARCH(工作表5!$A$1:$A$23, C2)), 工作表5!$B$1:$B$23, "其他")} -> 滾筒組 | C2: 滾筒 | D2: 滾筒組 | E2: T6LJ83358000 | F2: OD-2505 | G2: 55000
A3: 2505 | B3: {=_xlfn.XLOOKUP(TRUE, ISNUMBER(SEARCH(工作表5!$A$1:$A$23, C3)), 工作表5!$B$1:$B$23, "其他")} -> 顯像組 | C3: 顯像鐵粉 | D3: 顯像組 | E3: T6LJ83445000 | F3: D-2505 | G3: 55000
A4: 2505 | B4: {=_xlfn.XLOOKUP(TRUE, ISNUMBER(SEARCH(工作表5!$A$1:$A$23, C4)), 工作表5!$B$1:$B$23, "其他")} -> 滾筒組 | C4: 滾筒刮片 | D4: 滾筒組 | E4: T6LA27845000 | F4: BL-2320D | G4: 55000
A5: 2505 | B5: {=_xlfn.XLOOKUP(TRUE, ISNUMBER(SEARCH(工作表5!$A$1:$A$23, C5)), 工作表5!$B$1:$B$23, "其他")} -> 轉寫組 | C5: 轉寫滾軸 | D5: 轉寫組 | E5: T6LJ83407000 | F5: CR-2505-TR | G5: 55000
A6: 2505 | B6: {=_xlfn.XLOOKUP(TRUE, ISNUMBER(SEARCH(工作表5!$A$1:$A$23, C6)), 工作表5!$B$1:$B$23, "其他")} -> 定著組 | C6: 上熱滾軸 | D6: 定著組 | E6: T6LJ78116000 | F6: HR-2505-U | G6: 165000
A7: 2505 | B7: {=_xlfn.XLOOKUP(TRUE, ISNUMBER(SEARCH(工作表5!$A$1:$A$23, C7)), 工作表5!$B$1:$B$23, "其他")} -> 定著組 | C7: 下熱滾軸 | D7: 定著組 | E7: T6LJ83406000 | F7: HR-2505-L | G7: 165000
A8: 2505 | B8: {=_xlfn.XLOOKUP(TRUE, ISNUMBER(SEARCH(工作表5!$A$1:$A$23, C8)), 工作表5!$B$1:$B$23, "其他")} -> 定著組 | C8: 定著分離爪 | D8: 定著組 | E8: T6LE58405000 | F8: SCRAPER-282 | G8: 165000
A9: 2505 | B9: {=_xlfn.XLOOKUP(TRUE, ISNUMBER(SEARCH(工作表5!$A$1:$A$23, C9)), 工作表5!$B$1:$B$23, "其他")} -> 定著組 | C9: 上熱滾軸軸套 | D9: 定著組 | E9: T6LJ78009000 | F9: BUSH-FUS-HR-H24X | G9: 165000
A10: 2505 | B10: {=_xlfn.XLOOKUP(TRUE, ISNUMBER(SEARCH(工作表5!$A$1:$A$23, C10)), 工作表5!$B$1:$B$23, "其他")} -> 滾筒組 | C10: 滾筒分離爪 | D10: 滾筒組 | E10: T6LA79618000 | F10: SCRAPER-371 | G10: 165000
A11: 2505 | B11: {=_xlfn.XLOOKUP(TRUE, ISNUMBER(SEARCH(工作表5!$A$1:$A$23, C11)), 工作表5!$B$1:$B$23, "其他")} -> 滾筒組 | C11: 回收刮片 | D11: 滾筒組 | E11: T6LJ76609000 | F11: SHEET-BLADE-REC-H24X_N | G11: 165000
A12: 2505 | B12: {=_xlfn.XLOOKUP(TRUE, ISNUMBER(SEARCH(工作表5!$A$1:$A$23, C12)), 工作表5!$B$1:$B$23, "其他")} -> 其他 | C12: 臭氧過濾棉 | D12: 其他 | E12: T6LJ80213000 | F12: FILTER-OZONE-H24X | G12: 165000
A13: 2505 | B13: {=_xlfn.XLOOKUP(TRUE, ISNUMBER(SEARCH(工作表5!$A$1:$A$23, C13)), 工作表5!$B$1:$B$23, "其他")} -> 顯像組 | C13: 放電座針狀放電線 | D13: 滾筒組 | E13: T6LJ78626000 | F13: CH-M-H24X-NEW | G13: 165000
... A20: 2505 | B20: {=_xlfn.XLOOKUP(TRUE, ISNUMBER(SEARCH(工作表5!$A$1:$A$23, C20)), 工作表5!$B$1:$B$23, "其他")} -> 其他 | C20: 保養更新套件 | D20: 其他 | E20: T6LJ78114000 | F20: FR_R-KIT-2505-NEW | G20: 165000
A21: 2505 | B21: {=_xlfn.XLOOKUP(TRUE, ISNUMBER(SEARCH(工作表5!$A$1:$A$23, C21)), 工作表5!$B$1:$B$23, "其他")} -> 顯像組 | C21: 顯像組 | D21: 顯像組 | E21: T6LJ76605000 | F21: DEV-UNIT-2505 | G21: #VALUE!
A22: 2505 | B22: {=_xlfn.XLOOKUP(TRUE, ISNUMBER(SEARCH(工作表5!$A$1:$A$23, C22)), 工作表5!$B$1:$B$23, "其他")} -> 滾筒組 | C22: 滾筒清潔組 | D22: 滾筒組 | E22: T6LJ75530000 | F22: CLN-DRUM-2505 | G22: #VALUE!
A23: 2505 | B23: {=_xlfn.XLOOKUP(TRUE, ISNUMBER(SEARCH(工作表5!$A$1:$A$23, C23)), 工作表5!$B$1:$B$23, "其他")} -> 顯像組 | C23: 放電座组件 | D23: 顯像組 | E23: T6LJ78627000 | F23: MAIN-CH-2505-N | G23: #VALUE!
A24: 2505 | B24: {=_xlfn.XLOOKUP(TRUE, ISNUMBER(SEARCH(工作表5!$A$1:$A$23, C24)), 工作表5!$B$1:$B$23, "其他")} -> 定著組 | C24: 定著組（230V） | D24: 定著組 | E24: T6LJ78111000 | F24: FUSER-2505-230 | G24: #VALUE!
A25: 2802A/AM/AF, 2822AM | B25: {=_xlfn.XLOOKUP(TRUE, ISNUMBER(SEARCH(工作表5!$A$1:$A$23, C25)), 工作表5!$B$1:$B$23, "其他")} -> 滾筒組 | C25: 滾筒 | E25: T6LJ83358000 | F25: OD-2505 | G25: 64000
A26: 2802A/AM/AF, 2822AM | B26: {=_xlfn.XLOOKUP(TRUE, ISNUMBER(SEARCH(工作表5!$A$1:$A$23, C26)), 工作表5!$B$1:$B$23, "其他")} -> 顯像組 | C26: 顯像鐵粉 | E26: T6LJ83445000 | F26: D-2505 | G26: 64000
A27: 2802A/AM/AF, 2822AM | B27: {=_xlfn.XLOOKUP(TRUE, ISNUMBER(SEARCH(工作表5!$A$1:$A$23, C27)), 工作表5!$B$1:$B$23, "其他")} -> 顯像組 | C27: 新機鐵粉盒 | D27: 其他 | E27: T6LJ84278000 | F27: D-2309 | G27: 64000
A28: 2802A/AM/AF, 2822AM | B28: {=_xlfn.XLOOKUP(TRUE, ISNUMBER(SEARCH(工作表5!$A$1:$A$23, C28)), 工作表5!$B$1:$B$23, "其他")} -> 滾筒組 | C28: 滾筒刮片 | E28: T6LA27845000 | F28: BL-2320D | G28: 64000
A29: 2802A/AM/AF, 2822AM | B29: {=_xlfn.XLOOKUP(TRUE, ISNUMBER(SEARCH(工作表5!$A$1:$A$23, C29)), 工作表5!$B$1:$B$23, "其他")} -> 轉寫組 | C29: 轉寫滾軸 | E29: T6LJ83407000 | F29: CR-2505-TR | G29: 64000
A30: 2802A/AM/AF, 2822AM | B30: {=_xlfn.XLOOKUP(TRUE, ISNUMBER(SEARCH(工作表5!$A$1:$A$23, C30)), 工作表5!$B$1:$B$23, "其他")} -> 定著組 | C30: 上熱滾軸 | E30: T6LJ78116000 | F30: HR-2505-U | G30: 192000
A31: 2802A/AM/AF, 2822AM | B31: {=_xlfn.XLOOKUP(TRUE, ISNUMBER(SEARCH(工作表5!$A$1:$A$23, C31)), 工作表5!$B$1:$B$23, "其他")} -> 定著組 | C31: 下熱滾軸 | E31: T6LJ78088000 | F31: HR-2809-L | G31: 192000
A32: 2802A/AM/AF, 2822AM | B32: {=_xlfn.XLOOKUP(TRUE, ISNUMBER(SEARCH(工作表5!$A$1:$A$23, C32)), 工作表5!$B$1:$B$23, "其他")} -> 定著組 | C32: 定著分離爪 | E32: T6LE58405000 | F32: SCRAPER-282 | G32: 192000
A33: 2802A/AM/AF, 2822AM | B33: {=_xlfn.XLOOKUP(TRUE, ISNUMBER(SEARCH(工作表5!$A$1:$A$23, C33)), 工作表5!$B$1:$B$23, "其他")} -> 定著組 | C33: 上熱滾軸軸套 | E33: T6LJ78009000 | F33: BUSH-FUS-HR-H24X | G33: 192000
A34: 2802A/AM/AF, 2822AM | B34: {=_xlfn.XLOOKUP(TRUE, ISNUMBER(SEARCH(工作表5!$A$1:$A$23, C34)), 工作表5!$B$1:$B$23, "其他")} -> 滾筒組 | C34: 滾筒分離爪 | E34: T6LA79618000 | F34: SCRAPER-371 | G34: 192000
A35: 2802A/AM/AF, 2822AM | B35: {=_xlfn.XLOOKUP(TRUE, ISNUMBER(SEARCH(工作表5!$A$1:$A$23, C35)), 工作表5!$B$1:$B$23, "其他")} -> 滾筒組 | C35: 回收刮片 | E35: T6LJ76609000 | F35: SHEET-BLADE-REC-H24X_N | G35: 192000
A36: 2802A/AM/AF, 2822AM | B36: {=_xlfn.XLOOKUP(TRUE, ISNUMBER(SEARCH(工作表5!$A$1:$A$23, C36)), 工作表5!$B$1:$B$23, "其他")} -> 其他 | C36: 臭氧過濾棉 | E36: T6LJ80213000 | F36: FILTER-OZONE-H24X | G36: 192000
A37: 2802A/AM/AF, 2822AM | B37: {=_xlfn.XLOOKUP(TRUE, ISNUMBER(SEARCH(工作表5!$A$1:$A$23, C37)), 工作表5!$B$1:$B$23, "其他")} -> 顯像組 | C37: 放電座針狀放電線 | E37: T6LJ78626000 | F37: CH-M-H24X-NEW | G37: 192000
A38: 2802A/AM/AF, 2822AM | B38: {=_xlfn.XLOOKUP(TRUE, ISNUMBER(SEARCH(工作表5!$A$1:$A$23, C38)), 工作表5!$B$1:$B$23, "其他")} -> 滾筒組 | C38: 柵極網 | E38: T6LJ78604000 | F38: GRID-CH-M-H24X | G38: 64000
A39: 2802A/AM/AF, 2822AM | B39: {=_xlfn.XLOOKUP(TRUE, ISNUMBER(SEARCH(工作表5!$A$1:$A$23, C39)), 工作表5!$B$1:$B$23, "其他")} -> 取紙組 | C39: 紙匣用送紙滾軸 | E39: T6LJ75249000 | F39: ASYS-ROL-F32 | G39: 80000
... A45: 2802A/AM/AF, 2822AM | B45: {=_xlfn.XLOOKUP(TRUE, ISNUMBER(SEARCH(工作表5!$A$1:$A$23, C45)), 工作表5!$B$1:$B$23, "其他")} -> 其他 | C45: 保養更新套件 | E45: T6LJ78113000 | F45: FR_R-KIT-2809 | G45: 192000
A46: 2802A/AM/AF, 2822AM | B46: {=_xlfn.XLOOKUP(TRUE, ISNUMBER(SEARCH(工作表5!$A$1:$A$23, C46)), 工作表5!$B$1:$B$23, "其他")} -> 顯像組 | C46: 顯像組 | E46: T6LJ76601000 | F46: DEV-UNIT-2809 | G46: #VALUE!
A47: 2802A/AM/AF, 2822AM | B47: {=_xlfn.XLOOKUP(TRUE, ISNUMBER(SEARCH(工作表5!$A$1:$A$23, C47)), 工作表5!$B$1:$B$23, "其他")} -> 滾筒組 | C47: 滾筒清潔組 | E47: T6LJ75530000 | F47: CLN-DRUM-2505 | G47: #VALUE!
A48: 2802A/AM/AF, 2822AM | B48: {=_xlfn.XLOOKUP(TRUE, ISNUMBER(SEARCH(工作表5!$A$1:$A$23, C48)), 工作表5!$B$1:$B$23, "其他")} -> 顯像組 | C48: 放電座组件 | E48: T6LJ78627000 | F48: MAIN-CH-2505-N | G48: #VALUE!
A49: 2802A/AM/AF, 2822AM | B49: {=_xlfn.XLOOKUP(TRUE, ISNUMBER(SEARCH(工作表5!$A$1:$A$23, C49)), 工作表5!$B$1:$B$23, "其他")} -> 定著組 | C49: 定著組（230V） | E49: T6LJ78106000 | F49: FUSER-2809-230 | G49: #VALUE!
A50: 2006/2306/2506/2007/2307/2507 | B50: {=_xlfn.XLOOKUP(TRUE, ISNUMBER(SEARCH(工作表5!$A$1:$A$23, C50)), 工作表5!$B$1:$B$23, "其他")} -> 滾筒組 | C50: 滾筒 | E50: T6LJ83358000 | F50: OD-2505 | G50: 55000
A51: 2006/2306/2506/2007/2307/2507 | B51: {=_xlfn.XLOOKUP(TRUE, ISNUMBER(SEARCH(工作表5!$A$1:$A$23, C51)), 工作表5!$B$1:$B$23, "其他")} -> 顯像組 | C51: 顯像鐵粉 | E51: T6LJ83445000 | F51: D-2505 | G51: 55000
A52: 2006/2306/2506/2007/2307/2507 | B52: {=_xlfn.XLOOKUP(TRUE, ISNUMBER(SEARCH(工作表5!$A$1:$A$23, C52)), 工作表5!$B$1:$B$23, "其他")} -> 滾筒組 | C52: 滾筒刮片 | E52: T6LA27845000 | F52: BL-2320D | G52: 55000
A53: 2006/2306/2506/2007/2307/2507 | B53: {=_xlfn.XLOOKUP(TRUE, ISNUMBER(SEARCH(工作表5!$A$1:$A$23, C53)), 工作表5!$B$1:$B$23, "其他")} -> 轉寫組 | C53: 轉寫滾軸 | E53: T6LJ83407000 | F53: CR-2505-TR | G53: 55000
A54: 2006/2306/2506/2007/2307/2507 | B54: {=_xlfn.XLOOKUP(TRUE, ISNUMBER(SEARCH(工作表5!$A$1:$A$23, C54)), 工作表5!$B$1:$B$23, "其他")} -> 定著組 | C54: 上熱滾軸 | E54: T6LJ78116000 | F54: HR-2505-U | G54: 165000
A55: 2006/2306/2506/2007/2307/2507 | B55: {=_xlfn.XLOOKUP(TRUE, ISNUMBER(SEARCH(工作表5!$A$1:$A$23, C55)), 工作表5!$B$1:$B$23, "其他")} -> 定著組 | C55: 下熱滾軸 | E55: T6LJ83406000 | F55: HR-2505-L | G55: 165000
A56: 2006/2306/2506/2007/2307/2507 | B56: {=_xlfn.XLOOKUP(TRUE, ISNUMBER(SEARCH(工作表5!$A$1:$A$23, C56)), 工作表5!$B$1:$B$23, "其他")} -> 定著組 | C56: 定著分離爪 | E56: T6LE58405000 | F56: SCRAPER-282 | G56: 165000
A57: 2006/2306/2506/2007/2307/2507 | B57: {=_xlfn.XLOOKUP(TRUE, ISNUMBER(SEARCH(工作表5!$A$1:$A$23, C57)), 工作表5!$B$1:$B$23, "其他")} -> 定著組 | C57: 上熱滾軸軸套 | E57: T6LJ78009000 | F57: BUSH-FUS-HR-H24X | G57: 165000
A58: 2006/2306/2506/2007/2307/2507 | B58: {=_xlfn.XLOOKUP(TRUE, ISNUMBER(SEARCH(工作表5!$A$1:$A$23, C58)), 工作表5!$B$1:$B$23, "其他")} -> 滾筒組 | C58: 滾筒分離爪 | E58: T6LA79618000 | F58: SCRAPER-371 | G58: 165000
A59: 2006/2306/2506/2007/2307/2507 | B59: {=_xlfn.XLOOKUP(TRUE, ISNUMBER(SEARCH(工作表5!$A$1:$A$23, C59)), 工作表5!$B$1:$B$23, "其他")} -> 滾筒組 | C59: 回收刮片 | E59: T6LJ76609000 | F59: SHEET-BLADE-REC-H24X_N | G59: 165000
A60: 2006/2306/2506/2007/2307/2507 | B60: {=_xlfn.XLOOKUP(TRUE, ISNUMBER(SEARCH(工作表5!$A$1:$A$23, C60)), 工作表5!$B$1:$B$23, "其他")} -> 其他 | C60: 臭氧過濾棉 | E60: T6LJ80213000 | F60: FILTER-OZONE-H24X | G60: 165000
A61: 2006/2306/2506/2007/2307/2507 | B61: {=_xlfn.XLOOKUP(TRUE, ISNUMBER(SEARCH(工作表5!$A$1:$A$23, C61)), 工作表5!$B$1:$B$23, "其他")} -> 顯像組 | C61: 放電座針狀放電線 | E61: T6LJ78626000 | F61: CH-M-H24X-NEW | G61: 165000
... A68: 2006/2306/2506/2007/2307/2507 | B68: {=_xlfn.XLOOKUP(TRUE, ISNUMBER(SEARCH(工作表5!$A$1:$A$23, C68)), 工作表5!$B$1:$B$23, "其他")} -> 其他 | C68: 保養更新套件 | E68: T6LJ78114000 | F68: FR_R-KIT-2505-NEW | G68: 165000
A69: 2006/2306/2506/2007/2307/2507 | B69: {=_xlfn.XLOOKUP(TRUE, ISNUMBER(SEARCH(工作表5!$A$1:$A$23, C69)), 工作表5!$B$1:$B$23, "其他")} -> 顯像組 | C69: 顯像組 | E69: T6LJ76605000 | F69: DEV-UNIT-2505 | G69: #VALUE!
A70: 2006/2306/2506/2007/2307/2507 | B70: {=_xlfn.XLOOKUP(TRUE, ISNUMBER(SEARCH(工作表5!$A$1:$A$23, C70)), 工作表5!$B$1:$B$23, "其他")} -> 滾筒組 | C70: 滾筒清潔組 | E70: T6LJ75530000 | F70: CLN-DRUM-2505 | G70: #VALUE!
A71: 2006/2306/2506/2007/2307/2507 | B71: {=_xlfn.XLOOKUP(TRUE, ISNUMBER(SEARCH(工作表5!$A$1:$A$23, C71)), 工作表5!$B$1:$B$23, "其他")} -> 顯像組 | C71: 放電座组件 | E71: T6LJ78627000 | F71: MAIN-CH-2505-N | G71: #VALUE!
A72: 2006/2306/2506/2007/2307/2507 | B72: {=_xlfn.XLOOKUP(TRUE, ISNUMBER(SEARCH(工作表5!$A$1:$A$23, C72)), 工作表5!$B$1:$B$23, "其他")} -> 定著組 | C72: 定著組（230V） | E72: T6LJ78112000 | F72: FUSER-2306-230 | G72: #VALUE!
A73: 2303A/2309A, 2323AM/AMS/AMW | B73: {=_xlfn.XLOOKUP(TRUE, ISNUMBER(SEARCH(工作表5!$A$1:$A$23, C73)), 工作表5!$B$1:$B$23, "其他")} -> 滾筒組 | C73: 滾筒 | E73: T6LJ83358000 | F73: OD-2505 | G73: 59000
A74: 2303A/2309A, 2323AM/AMS/AMW | B74: {=_xlfn.XLOOKUP(TRUE, ISNUMBER(SEARCH(工作表5!$A$1:$A$23, C74)), 工作表5!$B$1:$B$23, "其他")} -> 顯像組 | C74: 顯像鐵粉 | E74: T6LJ83445000 | F74: D-2505 | G74: 59000
A75: 2303A/2309A, 2323AM/AMS/AMW | B75: {=_xlfn.XLOOKUP(TRUE, ISNUMBER(SEARCH(工作表5!$A$1:$A$23, C75)), 工作表5!$B$1:$B$23, "其他")} -> 顯像組 | C75: 新機鐵粉盒 | E75: T6LJ84278000 | F75: D-2309 | G75: 59000
A76: 2303A/2309A, 2323AM/AMS/AMW | B76: {=_xlfn.XLOOKUP(TRUE, ISNUMBER(SEARCH(工作表5!$A$1:$A$23, C76)), 工作表5!$B$1:$B$23, "其他")} -> 滾筒組 | C76: 滾筒刮片 | E76: T6LA27845000 | F76: BL-2320D | G76: 59000
A77: 2303A/2309A, 2323AM/AMS/AMW | B77: {=_xlfn.XLOOKUP(TRUE, ISNUMBER(SEARCH(工作表5!$A$1:$A$23, C77)), 工作表5!$B$1:$B$23, "其他")} -> 轉寫組 | C77: 轉寫滾軸 | E77: T6LJ83407000 | F77: CR-2505-TR | G77: 59000
A78: 2303A/2309A, 2323AM/AMS/AMW | B78: {=_xlfn.XLOOKUP(TRUE, ISNUMBER(SEARCH(工作表5!$A$1:$A$23, C78)), 工作表5!$B$1:$B$23, "其他")} -> 定著組 | C78: 上熱滾軸 | E78: T6LJ78116000 | F78: HR-2505-U | G78: 177000
A79: 2303A/2309A, 2323AM/AMS/AMW | B79: {=_xlfn.XLOOKUP(TRUE, ISNUMBER(SEARCH(工作表5!$A$1:$A$23, C79)), 工作表5!$B$1:$B$23, "其他")} -> 定著組 | C79: 下熱滾軸 | E79: T6LJ78088000 | F79: HR-2809-L | G79: 177000
A80: 2303A/2309A, 2323AM/AMS/AMW | B80: {=_xlfn.XLOOKUP(TRUE, ISNUMBER(SEARCH(工作表5!$A$1:$A$23, C80)), 工作表5!$B$1:$B$23, "其他")} -> 定著組 | C80: 定著分離爪 | E80: T6LE58405000 | F80: SCRAPER-282 | G80: 177000
A81: 2303A/2309A, 2323AM/AMS/AMW | B81: {=_xlfn.XLOOKUP(TRUE, ISNUMBER(SEARCH(工作表5!$A$1:$A$23, C81)), 工作表5!$B$1:$B$23, "其他")} -> 定著組 | C81: 上熱滾軸軸套 | E81: T6LJ78009000 | F81: BUSH-FUS-HR-H24X | G81: 177000
A82: 2303A/2309A, 2323AM/AMS/AMW | B82: {=_xlfn.XLOOKUP(TRUE, ISNUMBER(SEARCH(工作表5!$A$1:$A$23, C82)), 工作表5!$B$1:$B$23, "其他")} -> 滾筒組 | C82: 滾筒分離爪 | E82: T6LA79618000 | F82: SCRAPER-371 | G82: 177000
A83: 2303A/2309A, 2323AM/AMS/AMW | B83: {=_xlfn.XLOOKUP(TRUE, ISNUMBER(SEARCH(工作表5!$A$1:$A$23, C83)), 工作表5!$B$1:$B$23, "其他")} -> 滾筒組 | C83: 回收刮片 | E83: T6LJ76609000 | F83: SHEET-BLADE-REC-H24X_N | G83: 177000
A84: 2303A/2309A, 2323AM/AMS/AMW | B84: {=_xlfn.XLOOKUP(TRUE, ISNUMBER(SEARCH(工作表5!$A$1:$A$23, C84)), 工作表5!$B$1:$B$23, "其他")} -> 其他 | C84: 臭氧過濾棉 | E84: T6LJ80213000 | F84: FILTER-OZONE-H24X | G84: 177000
... A93: 2303A/2309A, 2323AM/AMS/AMW | B93: {=_xlfn.XLOOKUP(TRUE, ISNUMBER(SEARCH(工作表5!$A$1:$A$23, C93)), 工作表5!$B$1:$B$23, "其他")} -> 其他 | C93: 保養更新套件 | E93: T6LJ78113000 | F93: FR_R-KIT-2809 | G93: 177000
A94: 2303A/2309A, 2323AM/AMS/AMW | B94: {=_xlfn.XLOOKUP(TRUE, ISNUMBER(SEARCH(工作表5!$A$1:$A$23, C94)), 工作表5!$B$1:$B$23, "其他")} -> 顯像組 | C94: 顯像組 | E94: T6LJ76601000 | F94: DEV-UNIT-2809 | G94: #VALUE!
A95: 2303A/2309A, 2323AM/AMS/AMW | B95: {=_xlfn.XLOOKUP(TRUE, ISNUMBER(SEARCH(工作表5!$A$1:$A$23, C95)), 工作表5!$B$1:$B$23, "其他")} -> 滾筒組 | C95: 滾筒清潔組 | E95: T6LJ75530000 | F95: CLN-DRUM-2505 | G95: #VALUE!
A96: 2303A/2309A, 2323AM/AMS/AMW | B96: {=_xlfn.XLOOKUP(TRUE, ISNUMBER(SEARCH(工作表5!$A$1:$A$23, C96)), 工作表5!$B$1:$B$23, "其他")} -> 顯像組 | C96: 放電座组件 | E96: T6LJ78627000 | F96: MAIN-CH-2505-N | G96: #VALUE!
A97: 2303A/2309A, 2323AM/AMS/AMW | B97: {=_xlfn.XLOOKUP(TRUE, ISNUMBER(SEARCH(工作表5!$A$1:$A$23, C97)), 工作表5!$B$1:$B$23, "其他")} -> 定著組 | C97: 定著組（230V） | E97: T6LJ78106000 | F97: FUSER-2809-230 | G97: #VALUE!
A98: 2523A/2523AD | B98: {=_xlfn.XLOOKUP(TRUE, ISNUMBER(SEARCH(工作表5!$A$1:$A$23, C98)), 工作表5!$B$1:$B$23, "其他")} -> 滾筒組 | C98: 滾筒 | E98: T6LJ83358000 | F98: OD-2505 | G98: 61000
A99: 2523A/2523AD | B99: {=_xlfn.XLOOKUP(TRUE, ISNUMBER(SEARCH(工作表5!$A$1:$A$23, C99)), 工作表5!$B$1:$B$23, "其他")} -> 顯像組 | C99: 顯像鐵粉 | E99: T6LJ83445000 | F99: D-2505 | G99: 61000
A100: 2523A/2523AD | B100: {=_xlfn.XLOOKUP(TRUE, ISNUMBER(SEARCH(工作表5!$A$1:$A$23, C100)), 工作表5!$B$1:$B$23, "其他")} -> 顯像組 | C100: 新機鐵粉盒 | E100: T6LJ84278000 | F100: D-2309 | G100: 61000
A101: 2523A/2523AD | B101: {=_xlfn.XLOOKUP(TRUE, ISNUMBER(SEARCH(工作表5!$A$1:$A$23, C101)), 工作表5!$B$1:$B$23, "其他")} -> 滾筒組 | C101: 滾筒刮片 | E101: T6LA27845000 | F101: BL-2320D | G101: 61000
A102: 2523A/2523AD | B102: {=_xlfn.XLOOKUP(TRUE, ISNUMBER(SEARCH(工作表5!$A$1:$A$23, C102)), 工作表5!$B$1:$B$23, "其他")} -> 轉寫組 | C102: 轉寫滾軸 | E102: T6LJ83407000 | F102: CR-2505-TR | G102: 61000
A103: 2523A/2523AD | B103: {=_xlfn.XLOOKUP(TRUE, ISNUMBER(SEARCH(工作表5!$A$1:$A$23, C103)), 工作表5!$B$1:$B$23, "其他")} -> 定著組 | C103: 上熱滾軸 | E103: T6LJ78116000 | F103: HR-2505-U | G103: 183000
A104: 2523A/2523AD | B104: {=_xlfn.XLOOKUP(TRUE, ISNUMBER(SEARCH(工作表5!$A$1:$A$23, C104)), 工作表5!$B$1:$B$23, "其他")} -> 定著組 | C104: 下熱滾軸 | E104: T6LJ78088000 | F104: HR-2809-L | G104: 183000
A105: 2523A/2523AD | B105: {=_xlfn.XLOOKUP(TRUE, ISNUMBER(SEARCH(工作表5!$A$1:$A$23, C105)), 工作表5!$B$1:$B$23, "其他")} -> 定著組 | C105: 定著分離爪 | E105: T6LE58405000 | F105: SCRAPER-282 | G105: 183000
A106: 2523A/2523AD | B106: {=_xlfn.XLOOKUP(TRUE, ISNUMBER(SEARCH(工作表5!$A$1:$A$23, C106)), 工作表5!$B$1:$B$23, "其他")} -> 定著組 | C106: 上熱滾軸軸套 | E106: T6LJ78009000 | F106: BUSH-FUS-HR-H24X | G106: 183000
A107: 2523A/2523AD | B107: {=_xlfn.XLOOKUP(TRUE, ISNUMBER(SEARCH(工作表5!$A$1:$A$23, C107)), 工作表5!$B$1:$B$23, "其他")} -> 滾筒組 | C107: 滾筒分離爪 | E107: T6LA79618000 | F107: SCRAPER-371 | G107: 183000
A108: 2523A/2523AD | B108: {=_xlfn.XLOOKUP(TRUE, ISNUMBER(SEARCH(工作表5!$A$1:$A$23, C108)), 工作表5!$B$1:$B$23, "其他")} -> 滾筒組 | C108: 回收刮片 | E108: T6LJ76609000 | F108: SHEET-BLADE-REC-H24X_N | G108: 183000
A109: 2523A/2523AD | B109: {=_xlfn.XLOOKUP(TRUE, ISNUMBER(SEARCH(工作表5!$A$1:$A$23, C109)), 工作表5!$B$1:$B$23, "其他")} -> 其他 | C109: 臭氧過濾棉 | E109: T6LJ80213000 | F109: FILTER-OZONE-H24X | G109: 183000
... A118: 2523A/2523AD | B118: {=_xlfn.XLOOKUP(TRUE, ISNUMBER(SEARCH(工作表5!$A$1:$A$23, C118)), 工作表5!$B$1:$B$23, "其他")} -> 其他 | C118: 保養更新套件 | E118: T6LJ78113000 | F118: FR_R-KIT-2809 | G118: 183000
A119: 2523A/2523AD | B119: {=_xlfn.XLOOKUP(TRUE, ISNUMBER(SEARCH(工作表5!$A$1:$A$23, C119)), 工作表5!$B$1:$B$23, "其他")} -> 顯像組 | C119: 顯像組 | E119: T6LJ76601000 | F119: DEV-UNIT-2809 | G119: #VALUE!
A120: 2523A/2523AD | B120: {=_xlfn.XLOOKUP(TRUE, ISNUMBER(SEARCH(工作表5!$A$1:$A$23, C120)), 工作表5!$B$1:$B$23, "其他")} -> 滾筒組 | C120: 滾筒清潔組 | E120: T6LJ75530000 | F120: CLN-DRUM-2505 | G120: #VALUE!
A121: 2523A/2523AD | B121: {=_xlfn.XLOOKUP(TRUE, ISNUMBER(SEARCH(工作表5!$A$1:$A$23, C121)), 工作表5!$B$1:$B$23, "其他")} -> 顯像組 | C121: 放電座组件 | E121: T6LJ78627000 | F121: MAIN-CH-2505-N | G121: #VALUE!
A122: 2523A/2523AD | B122: {=_xlfn.XLOOKUP(TRUE, ISNUMBER(SEARCH(工作表5!$A$1:$A$23, C122)), 工作表5!$B$1:$B$23, "其他")} -> 定著組 | C122: 定著組（230V） | E122: T6LJ78106000 | F122: FUSER-2809-230 | G122: #VALUE!
A123: 2809A, 2823AM/2829A/2823AMW | B123: {=_xlfn.XLOOKUP(TRUE, ISNUMBER(SEARCH(工作表5!$A$1:$A$23, C123)), 工作表5!$B$1:$B$23, "其他")} -> 滾筒組 | C123: 滾筒 | E123: T6LJ83358000 | F123: OD-2505 | G123: 64000
A124: 2809A, 2823AM/2829A/2823AMW | B124: {=_xlfn.XLOOKUP(TRUE, ISNUMBER(SEARCH(工作表5!$A$1:$A$23, C124)), 工作表5!$B$1:$B$23, "其他")} -> 顯像組 | C124: 顯像鐵粉 | E124: T6LJ83445000 | F124: D-2505 | G124: 64000
A125: 2809A, 2823AM/2829A/2823AMW | B125: {=_xlfn.XLOOKUP(TRUE, ISNUMBER(SEARCH(工作表5!$A$1:$A$23, C125)), 工作表5!$B$1:$B$23, "其他")} -> 顯像組 | C125: 新機鐵粉盒 | E125: T6LJ84278000 | F125: D-2309 | G125: 64000
A126: 2809A, 2823AM/2829A/2823AMW | B126: {=_xlfn.XLOOKUP(TRUE, ISNUMBER(SEARCH(工作表5!$A$1:$A$23, C126)), 工作表5!$B$1:$B$23, "其他")} -> 滾筒組 | C126: 滾筒刮片 | E126: T6LA27845000 | F126: BL-2320D | G126: 64000
A127: 2809A, 2823AM/2829A/2823AMW | B127: {=_xlfn.XLOOKUP(TRUE, ISNUMBER(SEARCH(工作表5!$A$1:$A$23, C127)), 工作表5!$B$1:$B$23, "其他")} -> 轉寫組 | C127: 轉寫滾軸 | E127: T6LJ83407000 | F127: CR-2505-TR | G127: 64000
A128: 2809A, 2823AM/2829A/2823AMW | B128: {=_xlfn.XLOOKUP(TRUE, ISNUMBER(SEARCH(工作表5!$A$1:$A$23, C128)), 工作表5!$B$1:$B$23, "其他")} -> 定著組 | C128: 上熱滾軸 | E128: T6LJ78116000 | F128: HR-2505-U | G128: 192000
A129: 2809A, 2823AM/2829A/2823AMW | B129: {=_xlfn.XLOOKUP(TRUE, ISNUMBER(SEARCH(工作表5!$A$1:$A$23, C129)), 工作表5!$B$1:$B$23, "其他")} -> 定著組 | C129: 下熱滾軸 | E129: T6LJ78088000 | F129: HR-2809-L | G129: 192000
A130: 2809A, 2823AM/2829A/2823AMW | B130: {=_xlfn.XLOOKUP(TRUE, ISNUMBER(SEARCH(工作表5!$A$1:$A$23, C130)), 工作表5!$B$1:$B$23, "其他")} -> 定著組 | C130: 定著分離爪 | E130: T6LE58405000 | F130: SCRAPER-282 | G130: 192000
A131: 2809A, 2823AM/2829A/2823AMW | B131: {=_xlfn.XLOOKUP(TRUE, ISNUMBER(SEARCH(工作表5!$A$1:$A$23, C131)), 工作表5!$B$1:$B$23, "其他")} -> 定著組 | C131: 上熱滾軸軸套 | E131: T6LJ78009000 | F131: BUSH-FUS-HR-H24X | G131: 192000
A132: 2809A, 2823AM/2829A/2823AMW | B132: {=_xlfn.XLOOKUP(TRUE, ISNUMBER(SEARCH(工作表5!$A$1:$A$23, C132)), 工作表5!$B$1:$B$23, "其他")} -> 滾筒組 | C132: 滾筒分離爪 | E132: T6LA79618000 | F132: SCRAPER-371 | G132: 192000
A133: 2809A, 2823AM/2829A/2823AMW | B133: {=_xlfn.XLOOKUP(TRUE, ISNUMBER(SEARCH(工作表5!$A$1:$A$23, C133)), 工作表5!$B$1:$B$23, "其他")} -> 滾筒組 | C133: 回收刮片 | E133: T6LJ76609000 | F133: SHEET-BLADE-REC-H24X_N | G133: 192000
...

Sheet 工作表5
A1: 滾筒 | B1: 滾筒組 | F1: 滾筒 | G1: 滾筒組
A2: 鐵粉 | B2: 顯像組 | F2: 鐵粉 | G2: 顯像組
A3: 轉寫 | B3: 轉寫組 | F3: 轉寫 | G3: 轉寫組
A4: 上熱 | B4: 定著組 | F4: 上熱 | G4: 定著組
A5: 下熱 | B5: 定著組 | F5: 下熱 | G5: 定著組
A6: 定著 | B6: 定著組 | F6: 定著 | G6: 定著組
A7: 柵極 | B7: 滾筒組 | F7: 柵極 | G7: 滾筒組
A8: 紙匣 | B8: 取紙組 | F8: 紙匣 | G8: 取紙組
A9: RADF | B9: 送稿機 | F9: RADF | G9: 送稿機
A10: DSDF | B10: 送稿機 | F10: DSDF | G10: 送稿機
A11: KD | B11: 取紙組 | F11: KD | G11: 取紙組
A12: MY | B12: 取紙組 | F12: MY | G12: 取紙組
... A14: LCF | B14: 大容量取紙組 | F14: LCF | G14: 大容量取紙組
A15: 分頁片组件 | B15: 手送台
A16: 手送台送纸器用送紙滾軸 | B16: 手送台
A17: 手送台 | B17: 手送台
A18: 放電 | B18: 顯像組
A19: 回收 | B19: 滾筒組
A20: 顯像 | B20: 顯像組
A21: MR | B21: 送稿機
A22: 自動送稿器 | B22: 送稿機
A23: 自動雙面 | B23: 送稿機
