Workbook
Name A: #N/A
Name A: #REF!
Name A: #REF!
Name A: #N/A
Name A: [0]!A
Name A: #REF!
Name A00: [1]督導二課!$D$80
Name AA: #REF!
Name AA: #REF!
Name AA: #REF!
Name AA: #REF!
Name AA: #REF!
Name AA: #REF!
Name BEGIN: #N/A
Name BEGIN: #REF!
Name BEGIN: #REF!
Name BEGIN: #N/A
Name BEGIN: [0]!BEGIN
Name BEGIN: #REF!
Name BONUS: #N/A
Name BONUS: #REF!
Name BONUS: #REF!
Name BONUS: #N/A
Name BONUS: [0]!BONUS
Name BONUS: #REF!
Name CALK3: #N/A
Name CALK3: #REF!
Name CALK3: #REF!
Name CALK3: #N/A
Name CALK3: [0]!CALK3
Name CALK3: #REF!
Name CALP3: #N/A
Name CALP3: #REF!
Name CALP3: #REF!
Name CALP3: #N/A
Name CALP3: [0]!CALP3
Name CALP3: #REF!
Name DRALINE: #N/A
Name DRALINE: #REF!
Name DRALINE: #REF!
Name DRALINE: #N/A
Name DRALINE: [0]!DRALINE
Name DRALINE: #REF!
Name DRAWLINE: #N/A
Name DRAWLINE: #REF!
Name DRAWLINE: #REF!
Name DRAWLINE: #N/A
Name DRAWLINE: [0]!DRAWLINE
Name DRAWLINE: #REF!
Name FUCK: #REF!
Name FUCK: #REF!
Name FUCK: #REF!
Name FUCK: #REF!
Name FUCK: #REF!
Name FUCK: #REF!
Name FUCK1: #REF!
Name FUCK1: #REF!
Name FUCK1: #REF!
Name FUCK1: #REF!
Name FUCK1: #REF!

Sheet 門市主檔
A1: =首頁!I4 -> 46113 | B1: =首頁!L4 -> 46204 | C1: =首頁!A2 -> PMQ2 | D1: =首頁!B2 -> +SC7 | E1: =IF(首頁!C2=0,"",首頁!C2) -> -- | F1: =IF(首頁!D2=0,"",首頁!D2) -> -- | G1: 自強 | H1: {=IFERROR(HYPERLINK("#" & ADDRESS(MIN(IF(ISNUMBER(SEARCH(G1, A22:W490)), ROW(A22:W490), 10000000000)), MIN(IF(ISNUMBER(SEARCH(G1, A22:W490)), COLUMN(A22:W490), 10000000000))), "搜索"), "未找到")} -> 搜索 | I1: +HUB | J1: +EDC
A2: =IFERROR(HYPERLINK("#'門市主檔'!A"&MATCH(A23,門市主檔!A22:A293,0)+20, "新北一部"), "查無店編") -> 新北一部 | B2: =IFERROR(HYPERLINK("#'門市主檔'!A"&MATCH(A228,門市主檔!A:A,0), "統計"), "查無店編") -> 統計 | C2: 石門區 | D2: 三芝區 | E2: 淡水區 | F2: 金山區 | G2: 八里區 | H2: 蘆洲區 | I2: 三重區 | J2: 蘆竹區 | K2: 龜山區 | L2: 五股區 | M2: 新莊區 | N2: 泰山區 | O2: 林口區 | P2: 板橋區 | Q2: 中和區 | R2: 永和區 | S2: (定保) | T2: - | U2: (定保) | V2: -
A3: 門市數量(303) | B3: =SUM(C3:R3) -> 302 | C3: =COUNTIF($D$22:$D$489,C2)-C20 -> 1 | D3: =COUNTIF($D$22:$D$489,D2)-D20 -> 2 | E3: =COUNTIF($D$22:$D$489,E2)-E20 -> 15 | F3: =COUNTIF($D$22:$D$489,F2)-F20 -> 2 | G3: =COUNTIF($D$22:$D$489,G2)-G20 -> 9 | H3: =COUNTIF($D$22:$D$489,H2)-H20 -> 18 | I3: =COUNTIF($D$22:$D$489,I2)-I20 -> 73 | J3: =COUNTIF($D$22:$D$489,J2)-J20 -> 29 | ... R3: =COUNTIF($D$22:$D$489,R2)-R20 -> 6
A4: =首頁!A2&" 進度" -> PMQ2 進度 | B4: =B5/B3 -> 0.98344371 | C4: =C5/(C3-C20) -> 1 | D4: =D5/(D3-D20) -> 1 | E4: =E5/(E3-E20) -> 1 | F4: =F5/(F3-F20) -> 1 | G4: =G5/(G3-G20) -> 1 | H4: =H5/(H3-H20) -> 1 | I4: =I5/(I3-I20) -> 0.98630137 | J4: =J5/(J3-J20) -> 0.96551724 | ... R4: =R5/(R3-R20) -> 1
A5: 完工數量 | B5: =SUM(C5:R5) -> 297 | C5: =COUNTIFS($D$22:$D$489,C2,$I$22:$I$489,$C$1) -> 1 | D5: =COUNTIFS($D$22:$D$489,D2,$I$22:$I$489,$C$1) -> 2 | E5: =COUNTIFS($D$22:$D$489,E2,$I$22:$I$489,$C$1) -> 15 | F5: =COUNTIFS($D$22:$D$489,F2,$I$22:$I$489,$C$1) -> 2 | G5: =COUNTIFS($D$22:$D$489,G2,$I$22:$I$489,$C$1) -> 9 | H5: =COUNTIFS($D$22:$D$489,H2,$I$22:$I$489,$C$1) -> 18 | I5: =COUNTIFS($D$22:$D$489,I2,$I$22:$I$489,$C$1) -> 72 | J5: =COUNTIFS($D$22:$D$489,J2,$I$22:$I$489,$C$1) -> 28 | ... R5: =COUNTIFS($D$22:$D$489,R2,$I$22:$I$489,$C$1) -> 6
A6: 剩餘門市 | B6: =SUM(C6:R6) -> 5 | C6: =IF(C3-C5<0,0,C3-C5) -> 0 | D6: =IF(D3-D5<0,0,D3-D5) -> 0 | E6: =IF(E3-E5<0,0,E3-E5) -> 0 | F6: =IF(F3-F5<0,0,F3-F5) -> 0 | G6: =IF(G3-G5<0,0,G3-G5) -> 0 | H6: =IF(H3-H5<0,0,H3-H5) -> 0 | I6: =IF(I3-I5<0,0,I3-I5) -> 1 | J6: =IF(J3-J5<0,0,J3-J5) -> 1 | ... R6: =IF(R3-R5<0,0,R3-R5) -> 0 | S6: =IF(#REF!-#REF!<0,0) -> #REF!
A7: =D1 -> +SC7 | B7: =SUM(C7:R7) -> 23 | C7: =COUNTIFS('0919門市清單主檔'!$V:$V,C2,'0919門市清單主檔'!$AF:$AF,$D$1, '0919門市清單主檔'!$AA:$AA,"<>新開不保養", '0919門市清單主檔'!$AA:$AA,"<>閉店不保養" ) -> 0 | D7: =COUNTIFS('0919門市清單主檔'!$V:$V,D2,'0919門市清單主檔'!$AF:$AF,$D$1, '0919門市清單主檔'!$AA:$AA,"<>新開不保養", '0919門市清單主檔'!$AA:$AA,"<>閉店不保養" ) -> 0 | E7: =COUNTIFS('0919門市清單主檔'!$V:$V,E2,'0919門市清單主檔'!$AF:$AF,$D$1, '0919門市清單主檔'!$AA:$AA,"<>新開不保養", '0919門市清單主檔'!$AA:$AA,"<>閉店不保養" ) -> 3 | F7: =COUNTIFS('0919門市清單主檔'!$V:$V,F2,'0919門市清單主檔'!$AF:$AF,$D$1, '0919門市清單主檔'!$AA:$AA,"<>新開不保養", '0919門市清單主檔'!$AA:$AA,"<>閉店不保養" ) -> 0 | G7: =COUNTIFS('0919門市清單主檔'!$V:$V,G2,'0919門市清單主檔'!$AF:$AF,$D$1, '0919門市清單主檔'!$AA:$AA,"<>新開不保養", '0919門市清單主檔'!$AA:$AA,"<>閉店不保養" ) -> 1 | H7: =COUNTIFS('0919門市清單主檔'!$V:$V,H2,'0919門市清單主檔'!$AF:$AF,$D$1, '0919門市清單主檔'!$AA:$AA,"<>新開不保養", '0919門市清單主檔'!$AA:$AA,"<>閉店不保養" ) -> 1 | I7: =COUNTIFS('0919門市清單主檔'!$V:$V,I2,'0919門市清單主檔'!$AF:$AF,$D$1, '0919門市清單主檔'!$AA:$AA,"<>新開不保養", '0919門市清單主檔'!$AA:$AA,"<>閉店不保養" ) -> 3 | J7: =COUNTIFS('0919門市清單主檔'!$V:$V,J2,'0919門市清單主檔'!$AF:$AF,$D$1, '0919門市清單主檔'!$AA:$AA,"<>新開不保養", '0919門市清單主檔'!$AA:$AA,"<>閉店不保養" ) -> 3 | ... R7: =COUNTIFS('0919門市清單主檔'!$V:$V,R2,'0919門市清單主檔'!$AF:$AF,$D$1, '0919門市清單主檔'!$AA:$AA,"<>新開不保養", '0919門市清單主檔'!$AA:$AA,"<>閉店不保養" ) -> 1
A8: 完工進度 | B8: =IF(A7<>"-",B9/B7,"") -> 0.52173913 | C8: =C9/C7 -> #DIV/0! | D8: =D9/D7 -> #DIV/0! | E8: =E9/E7 -> 0 | F8: =F9/F7 -> #DIV/0! | G8: =G9/G7 -> 0 | H8: =H9/H7 -> 1 | I8: =I9/I7 -> 0.66666667 | J8: =J9/J7 -> 0 | ... R8: =R9/R7 -> 1
A9: 完工數量 | B9: =IF(A7<>"-",SUM(C9:R9),"") -> 12 | C9: =COUNTIFS($D$22:$D$489,C2,$Q$22:$Q$489,$D$1,$F$22:$F$489,"<>新開不保養",$F$22:$F$489,"<>閉店不保養") -> 0 | D9: =COUNTIFS($D$22:$D$489,D2,$Q$22:$Q$489,$D$1,$F$22:$F$489,"<>新開不保養",$F$22:$F$489,"<>閉店不保養") -> 0 | E9: =COUNTIFS($D$22:$D$489,E2,$Q$22:$Q$489,$D$1,$F$22:$F$489,"<>新開不保養",$F$22:$F$489,"<>閉店不保養") -> 0 | F9: =COUNTIFS($D$22:$D$489,F2,$Q$22:$Q$489,$D$1,$F$22:$F$489,"<>新開不保養",$F$22:$F$489,"<>閉店不保養") -> 0 | G9: =COUNTIFS($D$22:$D$489,G2,$Q$22:$Q$489,$D$1,$F$22:$F$489,"<>新開不保養",$F$22:$F$489,"<>閉店不保養") -> 0 | H9: =COUNTIFS($D$22:$D$489,H2,$Q$22:$Q$489,$D$1,$F$22:$F$489,"<>新開不保養",$F$22:$F$489,"<>閉店不保養") -> 1 | I9: =COUNTIFS($D$22:$D$489,I2,$Q$22:$Q$489,$D$1,$F$22:$F$489,"<>新開不保養",$F$22:$F$489,"<>閉店不保養") -> 2 | J9: =COUNTIFS($D$22:$D$489,J2,$Q$22:$Q$489,$D$1,$F$22:$F$489,"<>新開不保養",$F$22:$F$489,"<>閉店不保養") -> 0 | ... R9: =COUNTIFS($D$22:$D$489,R2,$Q$22:$Q$489,$D$1,$F$22:$F$489,"<>新開不保養",$F$22:$F$489,"<>閉店不保養") -> 1
A10: 剩餘門市 | B10: =IF(A7<>"-",SUM(C10:R10),"") -> 11 | C10: =C7-C9 -> 0 | D10: =D7-D9 -> 0 | E10: =E7-E9 -> 3 | F10: =F7-F9 -> 0 | G10: =G7-G9 -> 1 | H10: =H7-H9 -> 0 | I10: =I7-I9 -> 1 | J10: =J7-J9 -> 3 | ... R10: =R7-R9 -> 0
A11: =E1 -> -- | B11: =IF(SUM(C11:R11)=0,"",(SUM(C11:R11))) | C11: =COUNTIFS('0919門市清單主檔'!$V:$V,C2,'0919門市清單主檔'!$AG:$AG,$E$1, '0919門市清單主檔'!$AA:$AA,"<>新開不保養") -> 0 | D11: =COUNTIFS('0919門市清單主檔'!$V:$V,D2,'0919門市清單主檔'!$AG:$AG,$E$1, '0919門市清單主檔'!$AA:$AA,"<>新開不保養") -> 0 | E11: =COUNTIFS('0919門市清單主檔'!$V:$V,E2,'0919門市清單主檔'!$AG:$AG,$E$1, '0919門市清單主檔'!$AA:$AA,"<>新開不保養") -> 0 | F11: =COUNTIFS('0919門市清單主檔'!$V:$V,F2,'0919門市清單主檔'!$AG:$AG,$E$1, '0919門市清單主檔'!$AA:$AA,"<>新開不保養") -> 0 | G11: =COUNTIFS('0919門市清單主檔'!$V:$V,G2,'0919門市清單主檔'!$AG:$AG,$E$1, '0919門市清單主檔'!$AA:$AA,"<>新開不保養") -> 0 | H11: =COUNTIFS('0919門市清單主檔'!$V:$V,H2,'0919門市清單主檔'!$AG:$AG,$E$1, '0919門市清單主檔'!$AA:$AA,"<>新開不保養") -> 0 | I11: =COUNTIFS('0919門市清單主檔'!$V:$V,I2,'0919門市清單主檔'!$AG:$AG,$E$1, '0919門市清單主檔'!$AA:$AA,"<>新開不保養") -> 0 | J11: =COUNTIFS('0919門市清單主檔'!$V:$V,J2,'0919門市清單主檔'!$AG:$AG,$E$1, '0919門市清單主檔'!$AA:$AA,"<>新開不保養") -> 0 | ... R11: =COUNTIFS('0919門市清單主檔'!$V:$V,R2,'0919門市清單主檔'!$AG:$AG,$E$1, '0919門市清單主檔'!$AA:$AA,"<>新開不保養") -> 0
A12: 完工進度 | B12: =IF(A11<>"--",B13/B11,"") | C12: =C13/C11 -> #DIV/0! | D12: =D13/D11 -> #DIV/0! | E12: =E13/E11 -> #DIV/0! | F12: =F13/F11 -> #DIV/0! | G12: =G13/G11 -> #DIV/0! | H12: =H13/H11 -> #DIV/0! | I12: =I13/I11 -> #DIV/0! | J12: =J13/J11 -> #DIV/0! | ... R12: =R13/R11 -> #DIV/0!
A13: 完工數量 | B13: =IF(A11<>"--",SUM(C13:R13),"") | C13: =COUNTIFS($D$22:$D$489,C2,$S$22:$S$489,$E$1,$F$22:$F$489,"<>新開不保養") -> 0 | D13: =COUNTIFS($D$22:$D$489,D2,$S$22:$S$489,$E$1,$F$22:$F$489,"<>新開不保養") -> 0 | E13: =COUNTIFS($D$22:$D$489,E2,$S$22:$S$489,$E$1,$F$22:$F$489,"<>新開不保養") -> 0 | F13: =COUNTIFS($D$22:$D$489,F2,$S$22:$S$489,$E$1,$F$22:$F$489,"<>新開不保養") -> 0 | G13: =COUNTIFS($D$22:$D$489,G2,$S$22:$S$489,$E$1,$F$22:$F$489,"<>新開不保養") -> 0 | H13: =COUNTIFS($D$22:$D$489,H2,$S$22:$S$489,$E$1,$F$22:$F$489,"<>新開不保養") -> 0 | I13: =COUNTIFS($D$22:$D$489,I2,$S$22:$S$489,$E$1,$F$22:$F$489,"<>新開不保養") -> 0 | J13: =COUNTIFS($D$22:$D$489,J2,$S$22:$S$489,$E$1,$F$22:$F$489,"<>新開不保養") -> 0 | ... R13: =COUNTIFS($D$22:$D$489,R2,$S$22:$S$489,$E$1,$F$22:$F$489,"<>新開不保養") -> 0
A14: 剩餘門市 | B14: =IF(A11<>"--",SUM(C14:R14),"") | C14: =C11-C13 -> 0 | D14: =D11-D13 -> 0 | E14: =E11-E13 -> 0 | F14: =F11-F13 -> 0 | G14: =G11-G13 -> 0 | H14: =H11-H13 -> 0 | I14: =I11-I13 -> 0 | J14: =J11-J13 -> 0 | ... R14: =R11-R13 -> 0
A15: =F1 -> -- | B15: =IF(SUM(C15:R15)=0,"",SUM(C15:R15)) | C15: =COUNTIFS('0919門市清單主檔'!$V:$V,C2,'0919門市清單主檔'!$AH:$AH,$F$1, '0919門市清單主檔'!$AA:$AA,"<>新開不保養" ) -> 0 | D15: =COUNTIFS('0919門市清單主檔'!$V:$V,D2,'0919門市清單主檔'!$AH:$AH,$F$1, '0919門市清單主檔'!$AA:$AA,"<>新開不保養" ) -> 0 | E15: =COUNTIFS('0919門市清單主檔'!$V:$V,E2,'0919門市清單主檔'!$AH:$AH,$F$1, '0919門市清單主檔'!$AA:$AA,"<>新開不保養" ) -> 0 | F15: =COUNTIFS('0919門市清單主檔'!$V:$V,F2,'0919門市清單主檔'!$AH:$AH,$F$1, '0919門市清單主檔'!$AA:$AA,"<>新開不保養" ) -> 0 | G15: =COUNTIFS('0919門市清單主檔'!$V:$V,G2,'0919門市清單主檔'!$AH:$AH,$F$1, '0919門市清單主檔'!$AA:$AA,"<>新開不保養" ) -> 0 | H15: =COUNTIFS('0919門市清單主檔'!$V:$V,H2,'0919門市清單主檔'!$AH:$AH,$F$1, '0919門市清單主檔'!$AA:$AA,"<>新開不保養" ) -> 0 | I15: =COUNTIFS('0919門市清單主檔'!$V:$V,I2,'0919門市清單主檔'!$AH:$AH,$F$1, '0919門市清單主檔'!$AA:$AA,"<>新開不保養" ) -> 0 | J15: =COUNTIFS('0919門市清單主檔'!$V:$V,J2,'0919門市清單主檔'!$AH:$AH,$F$1, '0919門市清單主檔'!$AA:$AA,"<>新開不保養" ) -> 0 | ... R15: =COUNTIFS('0919門市清單主檔'!$V:$V,R2,'0919門市清單主檔'!$AH:$AH,$F$1, '0919門市清單主檔'!$AA:$AA,"<>新開不保養" ) -> 0
A16: 完工進度 | B16: =IF(A15<>"--",B17/B15,"") | C16: =C17/C15 -> #DIV/0! | D16: =D17/D15 -> #DIV/0! | E16: =E17/E15 -> #DIV/0! | F16: =F17/F15 -> #DIV/0! | G16: =G17/G15 -> #DIV/0! | H16: =H17/H15 -> #DIV/0! | I16: =I17/I15 -> #DIV/0! | J16: =J17/J15 -> #DIV/0! | ... R16: =R17/R15 -> #DIV/0!
A17: 完工數量 | B17: =IF(A15<>"--",SUM(C17:R17),"") | C17: =COUNTIFS($D$22:$D$489,C2,$U$22:$U$489,$F$1,$F$22:$F$489,"<>新開不保養") -> 0 | D17: =COUNTIFS($D$22:$D$489,D2,$U$22:$U$489,$F$1,$F$22:$F$489,"<>新開不保養") -> 0 | E17: =COUNTIFS($D$22:$D$489,E2,$U$22:$U$489,$F$1,$F$22:$F$489,"<>新開不保養") -> 0 | F17: =COUNTIFS($D$22:$D$489,F2,$U$22:$U$489,$F$1,$F$22:$F$489,"<>新開不保養") -> 0 | G17: =COUNTIFS($D$22:$D$489,G2,$U$22:$U$489,$F$1,$F$22:$F$489,"<>新開不保養") -> 0 | H17: =COUNTIFS($D$22:$D$489,H2,$U$22:$U$489,$F$1,$F$22:$F$489,"<>新開不保養") -> 0 | I17: =COUNTIFS($D$22:$D$489,I2,$U$22:$U$489,$F$1,$F$22:$F$489,"<>新開不保養") -> 0 | J17: =COUNTIFS($D$22:$D$489,J2,$U$22:$U$489,$F$1,$F$22:$F$489,"<>新開不保養") -> 0 | ... R17: =COUNTIFS($D$22:$D$489,R2,$U$22:$U$489,$F$1,$F$22:$F$489,"<>新開不保養") -> 0
A18: 剩餘門市 | B18: =IF(A15<>"--",SUM(C18:R18),"") | C18: =C15-C17 -> 0 | D18: =D15-D17 -> 0 | E18: =E15-E17 -> 0 | F18: =F15-F17 -> 0 | G18: =G15-G17 -> 0 | H18: =H15-H17 -> 0 | I18: =I15-I17 -> 0 | J18: =J15-J17 -> 0 | ... R18: =R15-R17 -> 0
A19: 撤店 | B19: =SUM(C19:R19) -> 6 | C19: =COUNTIFS($D$22:$D$482,C2,$F$22:$F$482,"*閉店不保養*") -> 0 | D19: =COUNTIFS($D$22:$D$482,D2,$F$22:$F$482,"*閉店不保養*") -> 0 | E19: =COUNTIFS($D$22:$D$482,E2,$F$22:$F$482,"*閉店不保養*") -> 0 | F19: =COUNTIFS($D$22:$D$482,F2,$F$22:$F$482,"*閉店不保養*") -> 0 | G19: =COUNTIFS($D$22:$D$482,G2,$F$22:$F$482,"*閉店不保養*") -> 0 | H19: =COUNTIFS($D$22:$D$482,H2,$F$22:$F$482,"*閉店不保養*") -> 0 | I19: =COUNTIFS($D$22:$D$482,I2,$F$22:$F$482,"*閉店不保養*") -> 1 | J19: =COUNTIFS($D$22:$D$482,J2,$F$22:$F$482,"*閉店不保養*") -> 1 | ... R19: =COUNTIFS($D$22:$D$482,R2,$F$22:$F$482,"*閉店不保養*") -> 0 | S19: =COUNTIFS($D$22:$D$291,#REF!,$F$22:$F$291,"*撤店*") -> 0
A20: 新開 | B20: =SUM(C20:R20) -> 2 | C20: =COUNTIFS($D$22:$D$482,C2,$F$22:$F$482,"新開不保養") -> 0 | D20: =COUNTIFS($D$22:$D$482,D2,$F$22:$F$482,"新開不保養") -> 0 | E20: =COUNTIFS($D$22:$D$482,E2,$F$22:$F$482,"新開不保養") -> 0 | F20: =COUNTIFS($D$22:$D$482,F2,$F$22:$F$482,"新開不保養") -> 0 | G20: =COUNTIFS($D$22:$D$482,G2,$F$22:$F$482,"新開不保養") -> 0 | H20: =COUNTIFS($D$22:$D$482,H2,$F$22:$F$482,"新開不保養") -> 0 | I20: =COUNTIFS($D$22:$D$482,I2,$F$22:$F$482,"新開不保養") -> 0 | J20: =COUNTIFS($D$22:$D$482,J2,$F$22:$F$482,"新開不保養") -> 0 | ... R20: =COUNTIFS($D$22:$D$482,R2,$F$22:$F$482,"新開不保養") -> 0
A21: 門市編號 | B21: 門市名稱 | C21: 縣市別 | D21: 鄉鎮市區 | E21: 工程師 | F21: 門市狀態 | G21: 門市屬性 | H21: 保養單 | I21: PMQ_ 檢核 | J21: 完工檢核2 | K21: iM筆數 | L21: iMainte | M21: 專案檢核 | N21: HUB | O21: 完工檢核 | P21: 完工確認 | Q21: 專案1檢核 | R21: 完成日期 | S21: 專案2檢核 | T21: 完成日期 | U21: 專案3檢核 | V21: 完成日期 | W21: HUB | X21: EDC | Y21: NAME | Z21: NO
A22: 3921 | B22: =_xlfn.XLOOKUP(A22,'0919門市清單主檔'!B:B,'0919門市清單主檔'!C:C,"") -> 五股福鑫店 | C22: =_xlfn.XLOOKUP($A22,'0919門市清單主檔'!B:B,'0919門市清單主檔'!U:U,"") -> 新北市 | D22: =_xlfn.XLOOKUP($A22,'0919門市清單主檔'!B:B,'0919門市清單主檔'!V:V,"") -> 五股區 | E22: =_xlfn.XLOOKUP(D22,門市狀態!G:G,門市狀態!H:H,"") -> 湯家瑋 | F22: =IFERROR(IF(VLOOKUP(A22,門市狀態!A:D,4,FALSE)=0,"",VLOOKUP(A22,門市狀態!A:D,4,FALSE)),"") | H22: =IF(I22>0,(TEXT(I22,"yyyymmdd")&$V$2&A22&$V$2&B22&$S$2),"") -> PMQ2-3921-五股福鑫店(定保) | I22: {=IF(AND(SUMPRODUCT((IM!$F$2:$F$5000=A22)*(ISNUMBER(SEARCH($C$1, IM!$AC$2:$AC$5000))))>0), $C$1, "")} -> PMQ2 | J22: {=IFERROR(INDEX(IM!$AM$2:$AM$5000, MATCH(1, (IM!$F$2:$F$5000=A22) * (ISNUMBER(SEARCH($C$1, IM!$AC$2:$AC$5000))), 0)), "")} -> 46113 | K22: {=SUMPRODUCT((IM!$F$2:$F$5000=A22)*(IM!$AD$2:$AD$5000="O")*(ISNUMBER(SEARCH($C$1, IM!$AC$2:$AC$5000))))} -> 1 | L22: {=IF(K22>0,IFERROR(HYPERLINK("#'IM'!AC"&MATCH(1,(IM!$F$1:$F$5000=A22)*(ISNUMBER(SEARCH($C$1,IM!$AC$1:$AC$5000))),0),"檢核"),"未登錄"),"")} -> 檢核 | M22: =Q22&S22&U22&W22&X22 -> +EDC | N22: {=IF(AND( SUMPRODUCT( (IM!$F$2:$F$522=A22) * ISNUMBER(SEARCH("*HUB*", IM!$AC$2:$AC$522)) * (IM!$X$2:$X$522>=$A$1) * (IM!$X$2:$X$522<=$B$1)*(W22="HUB") ) > 0 ), "HUB", "")} | O22: =IF( IFERROR(VLOOKUP(A22,門市主檔!A:I,9,FALSE),"")<>$C$1, "未完工", IF( AND($D$1="--",$E$1="--",$F$1="--"), "已完工", IF( OR( AND($D$1<>"--", IFERROR(VLOOKUP(A22,'0919門市清單主檔'!B:AH,31,FALSE),"")=$D$1, IFERROR(VLOOKUP(A22,門市主檔!A:Q,17,FALSE),"")<>$D$1), AND($E$1<>"--", IFERROR(VLOOKUP(A22,'0919門市清單主檔'!B:AH,32,FALSE),"")=$E$1, IFERROR(VLOOKUP(A22,門市主檔!A:S,19,FALSE),"")<>$E$1), AND($F$1<>"--", IFERROR(VLOOKUP(A22,'0919門市清單主檔'!B:AH,33,FALSE),"")=$F$1, IFERROR(VLOOKUP(A22,門市主檔!A:U,21,FALSE),"")<>$F$1), AND( IFERROR(VLOOKUP(A22,'0919門市清單主檔'!B:AC,28,FALSE),"")="+HUB", IFERROR(VLOOKUP(A22,門市主檔!A:X,23,FALSE),"")<>"+HUB" ), AND( IFERROR(VLOOKUP(A22,'0919門市清單主檔'!B:AD,29,FALSE),"")="+EDC", IFERROR(VLOOKUP(A22,門市主檔!A:X,24,FALSE),"")<>"+EDC" ) ), _xlfn.TEXTJOIN( "，", TRUE, IF(AND($D$1<>"--", IFERROR(VLOOKUP(A22,'0919門市清單主檔'!B:AH,31,FALSE),"")=$D$1, IFERROR(VLOOKUP(A22,門市主檔!A:Q,17,FALSE),"")<>$D$1), $D$1, ""), IF(AND($E$1<>"--", IFERROR(VLOOKUP(A22,'0919門市清單主檔'!B:AH,32,FALSE),"")=$E$1, IFERROR(VLOOKUP(A22,門市主檔!A:S,19,FALSE),"")<>$E$1), $E$1, ""), IF(AND($F$1<>"--", IFERROR(VLOOKUP(A22,'0919門市清單主檔'!B:AH,33,FALSE),"")=$F$1, IFERROR(VLOOKUP(A22,門市主檔!A:U,21,FALSE),"")<>$F$1), $F$1, ""), IF(AND(IFERROR(VLOOKUP(A22,'0919門市清單主檔'!B:AC,28,FALSE),"")="+HUB", IFERROR(VLOOKUP(A22,門市主檔!A:X,23,FALSE),"")<>"+HUB"), "+HUB", ""), IF(AND(IFERROR(VLOOKUP(A22,'0919門市清單主檔'!B:AD,29,FALSE),"")="+EDC", IFERROR(VLOOKUP(A22,門市主檔!A:X,24,FALSE),"")<>"+EDC"), "+EDC", "") ) & "未完工", "已完工" ) ) ) -> 已完工 | P22: =(TEXT(I22,"yyyymmdd"))&$V$2&A22&$V$2&B22&$S$2 -> PMQ2-3921-五股福鑫店(定保) | Q22: {=IF(AND(SUMPRODUCT((IM!$F$2:$F$5000=A22)*(ISNUMBER(SEARCH($D$1, IM!$AC$2:$AC$5000))))>0), $D$1, "")} | R22: {=IFERROR(INDEX(IM!$AM$2:$AM$5000, MATCH(1, (IM!$F$2:$F$5000=A22) * (ISNUMBER(SEARCH($D$1, IM!$AC$2:$AC$5000))), 0)), "")} | S22: {=IF(AND(SUMPRODUCT((IM!$F$2:$F$5000=A22)*(ISNUMBER(SEARCH($E$1, IM!$AC$2:$AC$5000))))>0), $E$1, "")} | T22: {=IFERROR(INDEX(IM!$AM$2:$AM$5000, MATCH(1, (IM!$F$2:$F$5000=A22) * (ISNUMBER(SEARCH($E$1, IM!$AC$2:$AC$5000))), 0)), "")} | U22: {=IF(AND(SUMPRODUCT((IM!$F$2:$F$5000=A22)*(ISNUMBER(SEARCH($F$1, IM!$AC$2:$AC$5000))))>0), $F$1, "")} | V22: {=IFERROR(INDEX(IM!$AM$2:$AM$5000, MATCH(1, (IM!$F$2:$F$5000=A22) * (ISNUMBER(SEARCH($F$1, IM!$AC$2:$AC$5000))), 0)), "")} | W22: {=IF( SUMPRODUCT( (IM!$F$2:$F$5000=A22)* (ISNUMBER(SEARCH($I$1,IM!$AC$2:$AC$5000)))* (IM!$X$2:$X$5000>=$A$1)* (IM!$X$2:$X$5000<=$B$1) )>0, $I$1, "" )} | X22: {=IF(AND(SUMPRODUCT((IM!$F$2:$F$5000=A22)*(ISNUMBER(SEARCH($J$1, IM!$AC$2:$AC$5000))))>0), $J$1, "")} -> +EDC | Y22: =A22 -> 3921 | Z22: =B22 -> 五股福鑫店 | AC22: =VLOOKUP(A23,門市主檔!A:I,9,FALSE) -> PMQ2
A23: 4658 | B23: =_xlfn.XLOOKUP(A23,'0919門市清單主檔'!B:B,'0919門市清單主檔'!C:C,"") -> 淡水英才店 | C23: =_xlfn.XLOOKUP($A23,'0919門市清單主檔'!B:B,'0919門市清單主檔'!U:U,"") -> 新北市 | D23: =_xlfn.XLOOKUP($A23,'0919門市清單主檔'!B:B,'0919門市清單主檔'!V:V,"") -> 淡水區 | E23: =_xlfn.XLOOKUP(D23,門市狀態!G:G,門市狀態!H:H,"") -> 吳宗鴻 | F23: =IFERROR(IF(VLOOKUP(A23,門市狀態!A:D,4,FALSE)=0,"",VLOOKUP(A23,門市狀態!A:D,4,FALSE)),"") | H23: =IF(I23>0,(TEXT(I23,"yyyymmdd")&$V$2&A23&$V$2&B23&$S$2),"") -> PMQ2-4658-淡水英才店(定保) | I23: {=IF(AND(SUMPRODUCT((IM!$F$2:$F$5000=A23)*(ISNUMBER(SEARCH($C$1, IM!$AC$2:$AC$5000))))>0), $C$1, "")} -> PMQ2 | J23: {=IFERROR(INDEX(IM!$AM$2:$AM$5000, MATCH(1, (IM!$F$2:$F$5000=A23) * (ISNUMBER(SEARCH($C$1, IM!$AC$2:$AC$5000))), 0)), "")} -> 46113 | K23: {=SUMPRODUCT((IM!$F$2:$F$5000=A23)*(IM!$AD$2:$AD$5000="O")*(ISNUMBER(SEARCH($C$1, IM!$AC$2:$AC$5000))))} -> 1 | L23: {=IF(K23>0,IFERROR(HYPERLINK("#'IM'!AC"&MATCH(1,(IM!$F$1:$F$5000=A23)*(ISNUMBER(SEARCH($C$1,IM!$AC$1:$AC$5000))),0),"檢核"),"未登錄"),"")} -> 檢核 | M23: =Q23&S23&U23&W23&X23 -> +EDC | N23: {=IF(AND( SUMPRODUCT( (IM!$F$2:$F$522=A23) * ISNUMBER(SEARCH("*HUB*", IM!$AC$2:$AC$522)) * (IM!$X$2:$X$522>=$A$1) * (IM!$X$2:$X$522<=$B$1)*(W23="HUB") ) > 0 ), "HUB", "")} | O23: =IF( IFERROR(VLOOKUP(A23,門市主檔!A:I,9,FALSE),"")<>$C$1, "未完工", IF( AND($D$1="--",$E$1="--",$F$1="--"), "已完工", IF( OR( AND($D$1<>"--", IFERROR(VLOOKUP(A23,'0919門市清單主檔'!B:AH,31,FALSE),"")=$D$1, IFERROR(VLOOKUP(A23,門市主檔!A:Q,17,FALSE),"")<>$D$1), AND($E$1<>"--", IFERROR(VLOOKUP(A23,'0919門市清單主檔'!B:AH,32,FALSE),"")=$E$1, IFERROR(VLOOKUP(A23,門市主檔!A:S,19,FALSE),"")<>$E$1), AND($F$1<>"--", IFERROR(VLOOKUP(A23,'0919門市清單主檔'!B:AH,33,FALSE),"")=$F$1, IFERROR(VLOOKUP(A23,門市主檔!A:U,21,FALSE),"")<>$F$1), AND( IFERROR(VLOOKUP(A23,'0919門市清單主檔'!B:AC,28,FALSE),"")="+HUB", IFERROR(VLOOKUP(A23,門市主檔!A:X,23,FALSE),"")<>"+HUB" ), AND( IFERROR(VLOOKUP(A23,'0919門市清單主檔'!B:AD,29,FALSE),"")="+EDC", IFERROR(VLOOKUP(A23,門市主檔!A:X,24,FALSE),"")<>"+EDC" ) ), _xlfn.TEXTJOIN( "，", TRUE, IF(AND($D$1<>"--", IFERROR(VLOOKUP(A23,'0919門市清單主檔'!B:AH,31,FALSE),"")=$D$1, IFERROR(VLOOKUP(A23,門市主檔!A:Q,17,FALSE),"")<>$D$1), $D$1, ""), IF(AND($E$1<>"--", IFERROR(VLOOKUP(A23,'0919門市清單主檔'!B:AH,32,FALSE),"")=$E$1, IFERROR(VLOOKUP(A23,門市主檔!A:S,19,FALSE),"")<>$E$1), $E$1, ""), IF(AND($F$1<>"--", IFERROR(VLOOKUP(A23,'0919門市清單主檔'!B:AH,33,FALSE),"")=$F$1, IFERROR(VLOOKUP(A23,門市主檔!A:U,21,FALSE),"")<>$F$1), $F$1, ""), IF(AND(IFERROR(VLOOKUP(A23,'0919門市清單主檔'!B:AC,28,FALSE),"")="+HUB", IFERROR(VLOOKUP(A23,門市主檔!A:X,23,FALSE),"")<>"+HUB"), "+HUB", ""), IF(AND(IFERROR(VLOOKUP(A23,'0919門市清單主檔'!B:AD,29,FALSE),"")="+EDC", IFERROR(VLOOKUP(A23,門市主檔!A:X,24,FALSE),"")<>"+EDC"), "+EDC", "") ) & "未完工", "已完工" ) ) ) -> 已完工 | P23: =(TEXT(I23,"yyyymmdd"))&$V$2&A23&$V$2&B23&$S$2 -> PMQ2-4658-淡水英才店(定保) | Q23: {=IF(AND(SUMPRODUCT((IM!$F$2:$F$5000=A23)*(ISNUMBER(SEARCH($D$1, IM!$AC$2:$AC$5000))))>0), $D$1, "")} | R23: {=IFERROR(INDEX(IM!$AM$2:$AM$5000, MATCH(1, (IM!$F$2:$F$5000=A23) * (ISNUMBER(SEARCH($D$1, IM!$AC$2:$AC$5000))), 0)), "")} | S23: {=IF(AND(SUMPRODUCT((IM!$F$2:$F$5000=A23)*(ISNUMBER(SEARCH($E$1, IM!$AC$2:$AC$5000))))>0), $E$1, "")} | T23: {=IFERROR(INDEX(IM!$AM$2:$AM$5000, MATCH(1, (IM!$F$2:$F$5000=A23) * (ISNUMBER(SEARCH($E$1, IM!$AC$2:$AC$5000))), 0)), "")} | U23: {=IF(AND(SUMPRODUCT((IM!$F$2:$F$5000=A23)*(ISNUMBER(SEARCH($F$1, IM!$AC$2:$AC$5000))))>0), $F$1, "")} | V23: {=IFERROR(INDEX(IM!$AM$2:$AM$5000, MATCH(1, (IM!$F$2:$F$5000=A23) * (ISNUMBER(SEARCH($F$1, IM!$AC$2:$AC$5000))), 0)), "")} | W23: {=IF( SUMPRODUCT( (IM!$F$2:$F$5000=A23)* (ISNUMBER(SEARCH($I$1,IM!$AC$2:$AC$5000)))* (IM!$X$2:$X$5000>=$A$1)* (IM!$X$2:$X$5000<=$B$1) )>0, $I$1, "" )} | X23: {=IF(AND(SUMPRODUCT((IM!$F$2:$F$5000=A23)*(ISNUMBER(SEARCH($J$1, IM!$AC$2:$AC$5000))))>0), $J$1, "")} -> +EDC | Y23: =A23 -> 4658 | Z23: =B23 -> 淡水英才店
A24: A171 | B24: =_xlfn.XLOOKUP(A24,'0919門市清單主檔'!B:B,'0919門市清單主檔'!C:C,"") -> 淡水金龍店 | C24: =_xlfn.XLOOKUP($A24,'0919門市清單主檔'!B:B,'0919門市清單主檔'!U:U,"") -> 新北市 | D24: =_xlfn.XLOOKUP($A24,'0919門市清單主檔'!B:B,'0919門市清單主檔'!V:V,"") -> 淡水區 | E24: =_xlfn.XLOOKUP(D24,門市狀態!G:G,門市狀態!H:H,"") -> 吳宗鴻 | F24: =IFERROR(IF(VLOOKUP(A24,門市狀態!A:D,4,FALSE)=0,"",VLOOKUP(A24,門市狀態!A:D,4,FALSE)),"") | H24: =IF(I24>0,(TEXT(I24,"yyyymmdd")&$V$2&A24&$V$2&B24&$S$2),"") -> PMQ2-A171-淡水金龍店(定保) | I24: {=IF(AND(SUMPRODUCT((IM!$F$2:$F$5000=A24)*(ISNUMBER(SEARCH($C$1, IM!$AC$2:$AC$5000))))>0), $C$1, "")} -> PMQ2 | J24: {=IFERROR(INDEX(IM!$AM$2:$AM$5000, MATCH(1, (IM!$F$2:$F$5000=A24) * (ISNUMBER(SEARCH($C$1, IM!$AC$2:$AC$5000))), 0)), "")} -> 46113 | K24: {=SUMPRODUCT((IM!$F$2:$F$5000=A24)*(IM!$AD$2:$AD$5000="O")*(ISNUMBER(SEARCH($C$1, IM!$AC$2:$AC$5000))))} -> 1 | L24: {=IF(K24>0,IFERROR(HYPERLINK("#'IM'!AC"&MATCH(1,(IM!$F$1:$F$5000=A24)*(ISNUMBER(SEARCH($C$1,IM!$AC$1:$AC$5000))),0),"檢核"),"未登錄"),"")} -> 檢核 | M24: =Q24&S24&U24&W24&X24 -> +EDC | N24: {=IF(AND( SUMPRODUCT( (IM!$F$2:$F$522=A24) * ISNUMBER(SEARCH("*HUB*", IM!$AC$2:$AC$522)) * (IM!$X$2:$X$522>=$A$1) * (IM!$X$2:$X$522<=$B$1)*(W24="HUB") ) > 0 ), "HUB", "")} | O24: =IF( IFERROR(VLOOKUP(A24,門市主檔!A:I,9,FALSE),"")<>$C$1, "未完工", IF( AND($D$1="--",$E$1="--",$F$1="--"), "已完工", IF( OR( AND($D$1<>"--", IFERROR(VLOOKUP(A24,'0919門市清單主檔'!B:AH,31,FALSE),"")=$D$1, IFERROR(VLOOKUP(A24,門市主檔!A:Q,17,FALSE),"")<>$D$1), AND($E$1<>"--", IFERROR(VLOOKUP(A24,'0919門市清單主檔'!B:AH,32,FALSE),"")=$E$1, IFERROR(VLOOKUP(A24,門市主檔!A:S,19,FALSE),"")<>$E$1), AND($F$1<>"--", IFERROR(VLOOKUP(A24,'0919門市清單主檔'!B:AH,33,FALSE),"")=$F$1, IFERROR(VLOOKUP(A24,門市主檔!A:U,21,FALSE),"")<>$F$1), AND( IFERROR(VLOOKUP(A24,'0919門市清單主檔'!B:AC,28,FALSE),"")="+HUB", IFERROR(VLOOKUP(A24,門市主檔!A:X,23,FALSE),"")<>"+HUB" ), AND( IFERROR(VLOOKUP(A24,'0919門市清單主檔'!B:AD,29,FALSE),"")="+EDC", IFERROR(VLOOKUP(A24,門市主檔!A:X,24,FALSE),"")<>"+EDC" ) ), _xlfn.TEXTJOIN( "，", TRUE, IF(AND($D$1<>"--", IFERROR(VLOOKUP(A24,'0919門市清單主檔'!B:AH,31,FALSE),"")=$D$1, IFERROR(VLOOKUP(A24,門市主檔!A:Q,17,FALSE),"")<>$D$1), $D$1, ""), IF(AND($E$1<>"--", IFERROR(VLOOKUP(A24,'0919門市清單主檔'!B:AH,32,FALSE),"")=$E$1, IFERROR(VLOOKUP(A24,門市主檔!A:S,19,FALSE),"")<>$E$1), $E$1, ""), IF(AND($F$1<>"--", IFERROR(VLOOKUP(A24,'0919門市清單主檔'!B:AH,33,FALSE),"")=$F$1, IFERROR(VLOOKUP(A24,門市主檔!A:U,21,FALSE),"")<>$F$1), $F$1, ""), IF(AND(IFERROR(VLOOKUP(A24,'0919門市清單主檔'!B:AC,28,FALSE),"")="+HUB", IFERROR(VLOOKUP(A24,門市主檔!A:X,23,FALSE),"")<>"+HUB"), "+HUB", ""), IF(AND(IFERROR(VLOOKUP(A24,'0919門市清單主檔'!B:AD,29,FALSE),"")="+EDC", IFERROR(VLOOKUP(A24,門市主檔!A:X,24,FALSE),"")<>"+EDC"), "+EDC", "") ) & "未完工", "已完工" ) ) ) -> +SC7未完工 | P24: =(TEXT(I24,"yyyymmdd"))&$V$2&A24&$V$2&B24&$S$2 -> PMQ2-A171-淡水金龍店(定保) | Q24: {=IF(AND(SUMPRODUCT((IM!$F$2:$F$5000=A24)*(ISNUMBER(SEARCH($D$1, IM!$AC$2:$AC$5000))))>0), $D$1, "")} | R24: {=IFERROR(INDEX(IM!$AM$2:$AM$5000, MATCH(1, (IM!$F$2:$F$5000=A24) * (ISNUMBER(SEARCH($D$1, IM!$AC$2:$AC$5000))), 0)), "")} | S24: {=IF(AND(SUMPRODUCT((IM!$F$2:$F$5000=A24)*(ISNUMBER(SEARCH($E$1, IM!$AC$2:$AC$5000))))>0), $E$1, "")} | T24: {=IFERROR(INDEX(IM!$AM$2:$AM$5000, MATCH(1, (IM!$F$2:$F$5000=A24) * (ISNUMBER(SEARCH($E$1, IM!$AC$2:$AC$5000))), 0)), "")} | U24: {=IF(AND(SUMPRODUCT((IM!$F$2:$F$5000=A24)*(ISNUMBER(SEARCH($F$1, IM!$AC$2:$AC$5000))))>0), $F$1, "")} | V24: {=IFERROR(INDEX(IM!$AM$2:$AM$5000, MATCH(1, (IM!$F$2:$F$5000=A24) * (ISNUMBER(SEARCH($F$1, IM!$AC$2:$AC$5000))), 0)), "")} | W24: {=IF( SUMPRODUCT( (IM!$F$2:$F$5000=A24)* (ISNUMBER(SEARCH($I$1,IM!$AC$2:$AC$5000)))* (IM!$X$2:$X$5000>=$A$1)* (IM!$X$2:$X$5000<=$B$1) )>0, $I$1, "" )} | X24: {=IF(AND(SUMPRODUCT((IM!$F$2:$F$5000=A24)*(ISNUMBER(SEARCH($J$1, IM!$AC$2:$AC$5000))))>0), $J$1, "")} -> +EDC | Y24: =A24 -> A171 | Z24: =B24 -> 淡水金龍店
A25: 2318 | B25: =_xlfn.XLOOKUP(A25,'0919門市清單主檔'!B:B,'0919門市清單主檔'!C:C,"") -> 北縣淡俊店 | C25: =_xlfn.XLOOKUP($A25,'0919門市清單主檔'!B:B,'0919門市清單主檔'!U:U,"") -> 新北市 | D25: =_xlfn.XLOOKUP($A25,'0919門市清單主檔'!B:B,'0919門市清單主檔'!V:V,"") -> 淡水區 | E25: =_xlfn.XLOOKUP(D25,門市狀態!G:G,門市狀態!H:H,"") -> 吳宗鴻 | F25: =IFERROR(IF(VLOOKUP(A25,門市狀態!A:D,4,FALSE)=0,"",VLOOKUP(A25,門市狀態!A:D,4,FALSE)),"") | H25: =IF(I25>0,(TEXT(I25,"yyyymmdd")&$V$2&A25&$V$2&B25&$S$2),"") -> PMQ2-2318-北縣淡俊店(定保) | I25: {=IF(AND(SUMPRODUCT((IM!$F$2:$F$5000=A25)*(ISNUMBER(SEARCH($C$1, IM!$AC$2:$AC$5000))))>0), $C$1, "")} -> PMQ2 | J25: {=IFERROR(INDEX(IM!$AM$2:$AM$5000, MATCH(1, (IM!$F$2:$F$5000=A25) * (ISNUMBER(SEARCH($C$1, IM!$AC$2:$AC$5000))), 0)), "")} -> 46113 | K25: {=SUMPRODUCT((IM!$F$2:$F$5000=A25)*(IM!$AD$2:$AD$5000="O")*(ISNUMBER(SEARCH($C$1, IM!$AC$2:$AC$5000))))} -> 1 | L25: {=IF(K25>0,IFERROR(HYPERLINK("#'IM'!AC"&MATCH(1,(IM!$F$1:$F$5000=A25)*(ISNUMBER(SEARCH($C$1,IM!$AC$1:$AC$5000))),0),"檢核"),"未登錄"),"")} -> 檢核 | M25: =Q25&S25&U25&W25&X25 -> +EDC | N25: {=IF(AND( SUMPRODUCT( (IM!$F$2:$F$522=A25) * ISNUMBER(SEARCH("*HUB*", IM!$AC$2:$AC$522)) * (IM!$X$2:$X$522>=$A$1) * (IM!$X$2:$X$522<=$B$1)*(W25="HUB") ) > 0 ), "HUB", "")} | O25: =IF( IFERROR(VLOOKUP(A25,門市主檔!A:I,9,FALSE),"")<>$C$1, "未完工", IF( AND($D$1="--",$E$1="--",$F$1="--"), "已完工", IF( OR( AND($D$1<>"--", IFERROR(VLOOKUP(A25,'0919門市清單主檔'!B:AH,31,FALSE),"")=$D$1, IFERROR(VLOOKUP(A25,門市主檔!A:Q,17,FALSE),"")<>$D$1), AND($E$1<>"--", IFERROR(VLOOKUP(A25,'0919門市清單主檔'!B:AH,32,FALSE),"")=$E$1, IFERROR(VLOOKUP(A25,門市主檔!A:S,19,FALSE),"")<>$E$1), AND($F$1<>"--", IFERROR(VLOOKUP(A25,'0919門市清單主檔'!B:AH,33,FALSE),"")=$F$1, IFERROR(VLOOKUP(A25,門市主檔!A:U,21,FALSE),"")<>$F$1), AND( IFERROR(VLOOKUP(A25,'0919門市清單主檔'!B:AC,28,FALSE),"")="+HUB", IFERROR(VLOOKUP(A25,門市主檔!A:X,23,FALSE),"")<>"+HUB" ), AND( IFERROR(VLOOKUP(A25,'0919門市清單主檔'!B:AD,29,FALSE),"")="+EDC", IFERROR(VLOOKUP(A25,門市主檔!A:X,24,FALSE),"")<>"+EDC" ) ), _xlfn.TEXTJOIN( "，", TRUE, IF(AND($D$1<>"--", IFERROR(VLOOKUP(A25,'0919門市清單主檔'!B:AH,31,FALSE),"")=$D$1, IFERROR(VLOOKUP(A25,門市主檔!A:Q,17,FALSE),"")<>$D$1), $D$1, ""), IF(AND($E$1<>"--", IFERROR(VLOOKUP(A25,'0919門市清單主檔'!B:AH,32,FALSE),"")=$E$1, IFERROR(VLOOKUP(A25,門市主檔!A:S,19,FALSE),"")<>$E$1), $E$1, ""), IF(AND($F$1<>"--", IFERROR(VLOOKUP(A25,'0919門市清單主檔'!B:AH,33,FALSE),"")=$F$1, IFERROR(VLOOKUP(A25,門市主檔!A:U,21,FALSE),"")<>$F$1), $F$1, ""), IF(AND(IFERROR(VLOOKUP(A25,'0919門市清單主檔'!B:AC,28,FALSE),"")="+HUB", IFERROR(VLOOKUP(A25,門市主檔!A:X,23,FALSE),"")<>"+HUB"), "+HUB", ""), IF(AND(IFERROR(VLOOKUP(A25,'0919門市清單主檔'!B:AD,29,FALSE),"")="+EDC", IFERROR(VLOOKUP(A25,門市主檔!A:X,24,FALSE),"")<>"+EDC"), "+EDC", "") ) & "未完工", "已完工" ) ) ) -> 已完工 | P25: =(TEXT(I25,"yyyymmdd"))&$V$2&A25&$V$2&B25&$S$2 -> PMQ2-2318-北縣淡俊店(定保) | Q25: {=IF(AND(SUMPRODUCT((IM!$F$2:$F$5000=A25)*(ISNUMBER(SEARCH($D$1, IM!$AC$2:$AC$5000))))>0), $D$1, "")} | R25: {=IFERROR(INDEX(IM!$AM$2:$AM$5000, MATCH(1, (IM!$F$2:$F$5000=A25) * (ISNUMBER(SEARCH($D$1, IM!$AC$2:$AC$5000))), 0)), "")} | S25: {=IF(AND(SUMPRODUCT((IM!$F$2:$F$5000=A25)*(ISNUMBER(SEARCH($E$1, IM!$AC$2:$AC$5000))))>0), $E$1, "")} | T25: {=IFERROR(INDEX(IM!$AM$2:$AM$5000, MATCH(1, (IM!$F$2:$F$5000=A25) * (ISNUMBER(SEARCH($E$1, IM!$AC$2:$AC$5000))), 0)), "")} | U25: {=IF(AND(SUMPRODUCT((IM!$F$2:$F$5000=A25)*(ISNUMBER(SEARCH($F$1, IM!$AC$2:$AC$5000))))>0), $F$1, "")} | V25: {=IFERROR(INDEX(IM!$AM$2:$AM$5000, MATCH(1, (IM!$F$2:$F$5000=A25) * (ISNUMBER(SEARCH($F$1, IM!$AC$2:$AC$5000))), 0)), "")} | W25: {=IF( SUMPRODUCT( (IM!$F$2:$F$5000=A25)* (ISNUMBER(SEARCH($I$1,IM!$AC$2:$AC$5000)))* (IM!$X$2:$X$5000>=$A$1)* (IM!$X$2:$X$5000<=$B$1) )>0, $I$1, "" )} | X25: {=IF(AND(SUMPRODUCT((IM!$F$2:$F$5000=A25)*(ISNUMBER(SEARCH($J$1, IM!$AC$2:$AC$5000))))>0), $J$1, "")} -> +EDC | Y25: =A25 -> 2318 | Z25: =B25 -> 北縣淡俊店
A26: 2897 | B26: =_xlfn.XLOOKUP(A26,'0919門市清單主檔'!B:B,'0919門市清單主檔'!C:C,"") -> 淡水台電宿舍 | C26: =_xlfn.XLOOKUP($A26,'0919門市清單主檔'!B:B,'0919門市清單主檔'!U:U,"") -> 新北市 | D26: =_xlfn.XLOOKUP($A26,'0919門市清單主檔'!B:B,'0919門市清單主檔'!V:V,"") -> 淡水區 | E26: =_xlfn.XLOOKUP(D26,門市狀態!G:G,門市狀態!H:H,"") -> 吳宗鴻 | F26: =IFERROR(IF(VLOOKUP(A26,門市狀態!A:D,4,FALSE)=0,"",VLOOKUP(A26,門市狀態!A:D,4,FALSE)),"") | H26: =IF(I26>0,(TEXT(I26,"yyyymmdd")&$V$2&A26&$V$2&B26&$S$2),"") -> PMQ2-2897-淡水台電宿舍(定保) | I26: {=IF(AND(SUMPRODUCT((IM!$F$2:$F$5000=A26)*(ISNUMBER(SEARCH($C$1, IM!$AC$2:$AC$5000))))>0), $C$1, "")} -> PMQ2 | J26: {=IFERROR(INDEX(IM!$AM$2:$AM$5000, MATCH(1, (IM!$F$2:$F$5000=A26) * (ISNUMBER(SEARCH($C$1, IM!$AC$2:$AC$5000))), 0)), "")} -> 46113 | K26: {=SUMPRODUCT((IM!$F$2:$F$5000=A26)*(IM!$AD$2:$AD$5000="O")*(ISNUMBER(SEARCH($C$1, IM!$AC$2:$AC$5000))))} -> 1 | L26: {=IF(K26>0,IFERROR(HYPERLINK("#'IM'!AC"&MATCH(1,(IM!$F$1:$F$5000=A26)*(ISNUMBER(SEARCH($C$1,IM!$AC$1:$AC$5000))),0),"檢核"),"未登錄"),"")} -> 檢核 | M26: =Q26&S26&U26&W26&X26 -> +EDC | N26: {=IF(AND( SUMPRODUCT( (IM!$F$2:$F$522=A26) * ISNUMBER(SEARCH("*HUB*", IM!$AC$2:$AC$522)) * (IM!$X$2:$X$522>=$A$1) * (IM!$X$2:$X$522<=$B$1)*(W26="HUB") ) > 0 ), "HUB", "")} | O26: =IF( IFERROR(VLOOKUP(A26,門市主檔!A:I,9,FALSE),"")<>$C$1, "未完工", IF( AND($D$1="--",$E$1="--",$F$1="--"), "已完工", IF( OR( AND($D$1<>"--", IFERROR(VLOOKUP(A26,'0919門市清單主檔'!B:AH,31,FALSE),"")=$D$1, IFERROR(VLOOKUP(A26,門市主檔!A:Q,17,FALSE),"")<>$D$1), AND($E$1<>"--", IFERROR(VLOOKUP(A26,'0919門市清單主檔'!B:AH,32,FALSE),"")=$E$1, IFERROR(VLOOKUP(A26,門市主檔!A:S,19,FALSE),"")<>$E$1), AND($F$1<>"--", IFERROR(VLOOKUP(A26,'0919門市清單主檔'!B:AH,33,FALSE),"")=$F$1, IFERROR(VLOOKUP(A26,門市主檔!A:U,21,FALSE),"")<>$F$1), AND( IFERROR(VLOOKUP(A26,'0919門市清單主檔'!B:AC,28,FALSE),"")="+HUB", IFERROR(VLOOKUP(A26,門市主檔!A:X,23,FALSE),"")<>"+HUB" ), AND( IFERROR(VLOOKUP(A26,'0919門市清單主檔'!B:AD,29,FALSE),"")="+EDC", IFERROR(VLOOKUP(A26,門市主檔!A:X,24,FALSE),"")<>"+EDC" ) ), _xlfn.TEXTJOIN( "，", TRUE, IF(AND($D$1<>"--", IFERROR(VLOOKUP(A26,'0919門市清單主檔'!B:AH,31,FALSE),"")=$D$1, IFERROR(VLOOKUP(A26,門市主檔!A:Q,17,FALSE),"")<>$D$1), $D$1, ""), IF(AND($E$1<>"--", IFERROR(VLOOKUP(A26,'0919門市清單主檔'!B:AH,32,FALSE),"")=$E$1, IFERROR(VLOOKUP(A26,門市主檔!A:S,19,FALSE),"")<>$E$1), $E$1, ""), IF(AND($F$1<>"--", IFERROR(VLOOKUP(A26,'0919門市清單主檔'!B:AH,33,FALSE),"")=$F$1, IFERROR(VLOOKUP(A26,門市主檔!A:U,21,FALSE),"")<>$F$1), $F$1, ""), IF(AND(IFERROR(VLOOKUP(A26,'0919門市清單主檔'!B:AC,28,FALSE),"")="+HUB", IFERROR(VLOOKUP(A26,門市主檔!A:X,23,FALSE),"")<>"+HUB"), "+HUB", ""), IF(AND(IFERROR(VLOOKUP(A26,'0919門市清單主檔'!B:AD,29,FALSE),"")="+EDC", IFERROR(VLOOKUP(A26,門市主檔!A:X,24,FALSE),"")<>"+EDC"), "+EDC", "") ) & "未完工", "已完工" ) ) ) -> 已完工 | P26: =(TEXT(I26,"yyyymmdd"))&$V$2&A26&$V$2&B26&$S$2 -> PMQ2-2897-淡水台電宿舍(定保) | Q26: {=IF(AND(SUMPRODUCT((IM!$F$2:$F$5000=A26)*(ISNUMBER(SEARCH($D$1, IM!$AC$2:$AC$5000))))>0), $D$1, "")} | R26: {=IFERROR(INDEX(IM!$AM$2:$AM$5000, MATCH(1, (IM!$F$2:$F$5000=A26) * (ISNUMBER(SEARCH($D$1, IM!$AC$2:$AC$5000))), 0)), "")} | S26: {=IF(AND(SUMPRODUCT((IM!$F$2:$F$5000=A26)*(ISNUMBER(SEARCH($E$1, IM!$AC$2:$AC$5000))))>0), $E$1, "")} | T26: {=IFERROR(INDEX(IM!$AM$2:$AM$5000, MATCH(1, (IM!$F$2:$F$5000=A26) * (ISNUMBER(SEARCH($E$1, IM!$AC$2:$AC$5000))), 0)), "")} | U26: {=IF(AND(SUMPRODUCT((IM!$F$2:$F$5000=A26)*(ISNUMBER(SEARCH($F$1, IM!$AC$2:$AC$5000))))>0), $F$1, "")} | V26: {=IFERROR(INDEX(IM!$AM$2:$AM$5000, MATCH(1, (IM!$F$2:$F$5000=A26) * (ISNUMBER(SEARCH($F$1, IM!$AC$2:$AC$5000))), 0)), "")} | W26: {=IF( SUMPRODUCT( (IM!$F$2:$F$5000=A26)* (ISNUMBER(SEARCH($I$1,IM!$AC$2:$AC$5000)))* (IM!$X$2:$X$5000>=$A$1)* (IM!$X$2:$X$5000<=$B$1) )>0, $I$1, "" )} | X26: {=IF(AND(SUMPRODUCT((IM!$F$2:$F$5000=A26)*(ISNUMBER(SEARCH($J$1, IM!$AC$2:$AC$5000))))>0), $J$1, "")} -> +EDC | Y26: =A26 -> 2897 | Z26: =B26 -> 淡水台電宿舍
A27: 3892 | B27: =_xlfn.XLOOKUP(A27,'0919門市清單主檔'!B:B,'0919門市清單主檔'!C:C,"") -> 蘆洲光榮店 | C27: =_xlfn.XLOOKUP($A27,'0919門市清單主檔'!B:B,'0919門市清單主檔'!U:U,"") -> 新北市 | D27: =_xlfn.XLOOKUP($A27,'0919門市清單主檔'!B:B,'0919門市清單主檔'!V:V,"") -> 蘆洲區 | E27: =_xlfn.XLOOKUP(D27,門市狀態!G:G,門市狀態!H:H,"") -> 湯家瑋 | F27: =IFERROR(IF(VLOOKUP(A27,門市狀態!A:D,4,FALSE)=0,"",VLOOKUP(A27,門市狀態!A:D,4,FALSE)),"") | H27: =IF(I27>0,(TEXT(I27,"yyyymmdd")&$V$2&A27&$V$2&B27&$S$2),"") -> PMQ2-3892-蘆洲光榮店(定保) | I27: {=IF(AND(SUMPRODUCT((IM!$F$2:$F$5000=A27)*(ISNUMBER(SEARCH($C$1, IM!$AC$2:$AC$5000))))>0), $C$1, "")} -> PMQ2 | J27: {=IFERROR(INDEX(IM!$AM$2:$AM$5000, MATCH(1, (IM!$F$2:$F$5000=A27) * (ISNUMBER(SEARCH($C$1, IM!$AC$2:$AC$5000))), 0)), "")} -> 46113 | K27: {=SUMPRODUCT((IM!$F$2:$F$5000=A27)*(IM!$AD$2:$AD$5000="O")*(ISNUMBER(SEARCH($C$1, IM!$AC$2:$AC$5000))))} -> 1 | L27: {=IF(K27>0,IFERROR(HYPERLINK("#'IM'!AC"&MATCH(1,(IM!$F$1:$F$5000=A27)*(ISNUMBER(SEARCH($C$1,IM!$AC$1:$AC$5000))),0),"檢核"),"未登錄"),"")} -> 檢核 | M27: =Q27&S27&U27&W27&X27 -> +EDC | N27: {=IF(AND( SUMPRODUCT( (IM!$F$2:$F$522=A27) * ISNUMBER(SEARCH("*HUB*", IM!$AC$2:$AC$522)) * (IM!$X$2:$X$522>=$A$1) * (IM!$X$2:$X$522<=$B$1)*(W27="HUB") ) > 0 ), "HUB", "")} | O27: =IF( IFERROR(VLOOKUP(A27,門市主檔!A:I,9,FALSE),"")<>$C$1, "未完工", IF( AND($D$1="--",$E$1="--",$F$1="--"), "已完工", IF( OR( AND($D$1<>"--", IFERROR(VLOOKUP(A27,'0919門市清單主檔'!B:AH,31,FALSE),"")=$D$1, IFERROR(VLOOKUP(A27,門市主檔!A:Q,17,FALSE),"")<>$D$1), AND($E$1<>"--", IFERROR(VLOOKUP(A27,'0919門市清單主檔'!B:AH,32,FALSE),"")=$E$1, IFERROR(VLOOKUP(A27,門市主檔!A:S,19,FALSE),"")<>$E$1), AND($F$1<>"--", IFERROR(VLOOKUP(A27,'0919門市清單主檔'!B:AH,33,FALSE),"")=$F$1, IFERROR(VLOOKUP(A27,門市主檔!A:U,21,FALSE),"")<>$F$1), AND( IFERROR(VLOOKUP(A27,'0919門市清單主檔'!B:AC,28,FALSE),"")="+HUB", IFERROR(VLOOKUP(A27,門市主檔!A:X,23,FALSE),"")<>"+HUB" ), AND( IFERROR(VLOOKUP(A27,'0919門市清單主檔'!B:AD,29,FALSE),"")="+EDC", IFERROR(VLOOKUP(A27,門市主檔!A:X,24,FALSE),"")<>"+EDC" ) ), _xlfn.TEXTJOIN( "，", TRUE, IF(AND($D$1<>"--", IFERROR(VLOOKUP(A27,'0919門市清單主檔'!B:AH,31,FALSE),"")=$D$1, IFERROR(VLOOKUP(A27,門市主檔!A:Q,17,FALSE),"")<>$D$1), $D$1, ""), IF(AND($E$1<>"--", IFERROR(VLOOKUP(A27,'0919門市清單主檔'!B:AH,32,FALSE),"")=$E$1, IFERROR(VLOOKUP(A27,門市主檔!A:S,19,FALSE),"")<>$E$1), $E$1, ""), IF(AND($F$1<>"--", IFERROR(VLOOKUP(A27,'0919門市清單主檔'!B:AH,33,FALSE),"")=$F$1, IFERROR(VLOOKUP(A27,門市主檔!A:U,21,FALSE),"")<>$F$1), $F$1, ""), IF(AND(IFERROR(VLOOKUP(A27,'0919門市清單主檔'!B:AC,28,FALSE),"")="+HUB", IFERROR(VLOOKUP(A27,門市主檔!A:X,23,FALSE),"")<>"+HUB"), "+HUB", ""), IF(AND(IFERROR(VLOOKUP(A27,'0919門市清單主檔'!B:AD,29,FALSE),"")="+EDC", IFERROR(VLOOKUP(A27,門市主檔!A:X,24,FALSE),"")<>"+EDC"), "+EDC", "") ) & "未完工", "已完工" ) ) ) -> 已完工 | P27: =(TEXT(I27,"yyyymmdd"))&$V$2&A27&$V$2&B27&$S$2 -> PMQ2-3892-蘆洲光榮店(定保) | Q27: {=IF(AND(SUMPRODUCT((IM!$F$2:$F$5000=A27)*(ISNUMBER(SEARCH($D$1, IM!$AC$2:$AC$5000))))>0), $D$1, "")} | R27: {=IFERROR(INDEX(IM!$AM$2:$AM$5000, MATCH(1, (IM!$F$2:$F$5000=A27) * (ISNUMBER(SEARCH($D$1, IM!$AC$2:$AC$5000))), 0)), "")} | S27: {=IF(AND(SUMPRODUCT((IM!$F$2:$F$5000=A27)*(ISNUMBER(SEARCH($E$1, IM!$AC$2:$AC$5000))))>0), $E$1, "")} | T27: {=IFERROR(INDEX(IM!$AM$2:$AM$5000, MATCH(1, (IM!$F$2:$F$5000=A27) * (ISNUMBER(SEARCH($E$1, IM!$AC$2:$AC$5000))), 0)), "")} | U27: {=IF(AND(SUMPRODUCT((IM!$F$2:$F$5000=A27)*(ISNUMBER(SEARCH($F$1, IM!$AC$2:$AC$5000))))>0), $F$1, "")} | V27: {=IFERROR(INDEX(IM!$AM$2:$AM$5000, MATCH(1, (IM!$F$2:$F$5000=A27) * (ISNUMBER(SEARCH($F$1, IM!$AC$2:$AC$5000))), 0)), "")} | W27: {=IF( SUMPRODUCT( (IM!$F$2:$F$5000=A27)* (ISNUMBER(SEARCH($I$1,IM!$AC$2:$AC$5000)))* (IM!$X$2:$X$5000>=$A$1)* (IM!$X$2:$X$5000<=$B$1) )>0, $I$1, "" )} | X27: {=IF(AND(SUMPRODUCT((IM!$F$2:$F$5000=A27)*(ISNUMBER(SEARCH($J$1, IM!$AC$2:$AC$5000))))>0), $J$1, "")} -> +EDC | Y27: =A27 -> 3892 | Z27: =B27 -> 蘆洲光榮店
A28: C660 | B28: =_xlfn.XLOOKUP(A28,'0919門市清單主檔'!B:B,'0919門市清單主檔'!C:C,"") -> 中和永安市場 | C28: =_xlfn.XLOOKUP($A28,'0919門市清單主檔'!B:B,'0919門市清單主檔'!U:U,"") -> 新北市 | D28: =_xlfn.XLOOKUP($A28,'0919門市清單主檔'!B:B,'0919門市清單主檔'!V:V,"") -> 中和區 | E28: =_xlfn.XLOOKUP(D28,門市狀態!G:G,門市狀態!H:H,"") -> 劉柏均 | F28: =IFERROR(IF(VLOOKUP(A28,門市狀態!A:D,4,FALSE)=0,"",VLOOKUP(A28,門市狀態!A:D,4,FALSE)),"") | H28: =IF(I28>0,(TEXT(I28,"yyyymmdd")&$V$2&A28&$V$2&B28&$S$2),"") -> PMQ2-C660-中和永安市場(定保) | I28: {=IF(AND(SUMPRODUCT((IM!$F$2:$F$5000=A28)*(ISNUMBER(SEARCH($C$1, IM!$AC$2:$AC$5000))))>0), $C$1, "")} -> PMQ2 | J28: {=IFERROR(INDEX(IM!$AM$2:$AM$5000, MATCH(1, (IM!$F$2:$F$5000=A28) * (ISNUMBER(SEARCH($C$1, IM!$AC$2:$AC$5000))), 0)), "")} -> 46114 | K28: {=SUMPRODUCT((IM!$F$2:$F$5000=A28)*(IM!$AD$2:$AD$5000="O")*(ISNUMBER(SEARCH($C$1, IM!$AC$2:$AC$5000))))} -> 1 | L28: {=IF(K28>0,IFERROR(HYPERLINK("#'IM'!AC"&MATCH(1,(IM!$F$1:$F$5000=A28)*(ISNUMBER(SEARCH($C$1,IM!$AC$1:$AC$5000))),0),"檢核"),"未登錄"),"")} -> 檢核 | M28: =Q28&S28&U28&W28&X28 -> +EDC | N28: {=IF(AND( SUMPRODUCT( (IM!$F$2:$F$522=A28) * ISNUMBER(SEARCH("*HUB*", IM!$AC$2:$AC$522)) * (IM!$X$2:$X$522>=$A$1) * (IM!$X$2:$X$522<=$B$1)*(W28="HUB") ) > 0 ), "HUB", "")} | O28: =IF( IFERROR(VLOOKUP(A28,門市主檔!A:I,9,FALSE),"")<>$C$1, "未完工", IF( AND($D$1="--",$E$1="--",$F$1="--"), "已完工", IF( OR( AND($D$1<>"--", IFERROR(VLOOKUP(A28,'0919門市清單主檔'!B:AH,31,FALSE),"")=$D$1, IFERROR(VLOOKUP(A28,門市主檔!A:Q,17,FALSE),"")<>$D$1), AND($E$1<>"--", IFERROR(VLOOKUP(A28,'0919門市清單主檔'!B:AH,32,FALSE),"")=$E$1, IFERROR(VLOOKUP(A28,門市主檔!A:S,19,FALSE),"")<>$E$1), AND($F$1<>"--", IFERROR(VLOOKUP(A28,'0919門市清單主檔'!B:AH,33,FALSE),"")=$F$1, IFERROR(VLOOKUP(A28,門市主檔!A:U,21,FALSE),"")<>$F$1), AND( IFERROR(VLOOKUP(A28,'0919門市清單主檔'!B:AC,28,FALSE),"")="+HUB", IFERROR(VLOOKUP(A28,門市主檔!A:X,23,FALSE),"")<>"+HUB" ), AND( IFERROR(VLOOKUP(A28,'0919門市清單主檔'!B:AD,29,FALSE),"")="+EDC", IFERROR(VLOOKUP(A28,門市主檔!A:X,24,FALSE),"")<>"+EDC" ) ), _xlfn.TEXTJOIN( "，", TRUE, IF(AND($D$1<>"--", IFERROR(VLOOKUP(A28,'0919門市清單主檔'!B:AH,31,FALSE),"")=$D$1, IFERROR(VLOOKUP(A28,門市主檔!A:Q,17,FALSE),"")<>$D$1), $D$1, ""), IF(AND($E$1<>"--", IFERROR(VLOOKUP(A28,'0919門市清單主檔'!B:AH,32,FALSE),"")=$E$1, IFERROR(VLOOKUP(A28,門市主檔!A:S,19,FALSE),"")<>$E$1), $E$1, ""), IF(AND($F$1<>"--", IFERROR(VLOOKUP(A28,'0919門市清單主檔'!B:AH,33,FALSE),"")=$F$1, IFERROR(VLOOKUP(A28,門市主檔!A:U,21,FALSE),"")<>$F$1), $F$1, ""), IF(AND(IFERROR(VLOOKUP(A28,'0919門市清單主檔'!B:AC,28,FALSE),"")="+HUB", IFERROR(VLOOKUP(A28,門市主檔!A:X,23,FALSE),"")<>"+HUB"), "+HUB", ""), IF(AND(IFERROR(VLOOKUP(A28,'0919門市清單主檔'!B:AD,29,FALSE),"")="+EDC", IFERROR(VLOOKUP(A28,門市主檔!A:X,24,FALSE),"")<>"+EDC"), "+EDC", "") ) & "未完工", "已完工" ) ) ) -> 已完工 | P28: =(TEXT(I28,"yyyymmdd"))&$V$2&A28&$V$2&B28&$S$2 -> PMQ2-C660-中和永安市場(定保) | Q28: {=IF(AND(SUMPRODUCT((IM!$F$2:$F$5000=A28)*(ISNUMBER(SEARCH($D$1, IM!$AC$2:$AC$5000))))>0), $D$1, "")} | R28: {=IFERROR(INDEX(IM!$AM$2:$AM$5000, MATCH(1, (IM!$F$2:$F$5000=A28) * (ISNUMBER(SEARCH($D$1, IM!$AC$2:$AC$5000))), 0)), "")} | S28: {=IF(AND(SUMPRODUCT((IM!$F$2:$F$5000=A28)*(ISNUMBER(SEARCH($E$1, IM!$AC$2:$AC$5000))))>0), $E$1, "")} | T28: {=IFERROR(INDEX(IM!$AM$2:$AM$5000, MATCH(1, (IM!$F$2:$F$5000=A28) * (ISNUMBER(SEARCH($E$1, IM!$AC$2:$AC$5000))), 0)), "")} | U28: {=IF(AND(SUMPRODUCT((IM!$F$2:$F$5000=A28)*(ISNUMBER(SEARCH($F$1, IM!$AC$2:$AC$5000))))>0), $F$1, "")} | V28: {=IFERROR(INDEX(IM!$AM$2:$AM$5000, MATCH(1, (IM!$F$2:$F$5000=A28) * (ISNUMBER(SEARCH($F$1, IM!$AC$2:$AC$5000))), 0)), "")} | W28: {=IF( SUMPRODUCT( (IM!$F$2:$F$5000=A28)* (ISNUMBER(SEARCH($I$1,IM!$AC$2:$AC$5000)))* (IM!$X$2:$X$5000>=$A$1)* (IM!$X$2:$X$5000<=$B$1) )>0, $I$1, "" )} | X28: {=IF(AND(SUMPRODUCT((IM!$F$2:$F$5000=A28)*(ISNUMBER(SEARCH($J$1, IM!$AC$2:$AC$5000))))>0), $J$1, "")} -> +EDC | Y28: =A28 -> C660 | Z28: =B28 -> 中和永安市場 | AA28: L90未執行
A29: 3929 | B29: =_xlfn.XLOOKUP(A29,'0919門市清單主檔'!B:B,'0919門市清單主檔'!C:C,"") -> 蘆洲中山一 | C29: =_xlfn.XLOOKUP($A29,'0919門市清單主檔'!B:B,'0919門市清單主檔'!U:U,"") -> 新北市 | D29: =_xlfn.XLOOKUP($A29,'0919門市清單主檔'!B:B,'0919門市清單主檔'!V:V,"") -> 蘆洲區 | E29: =_xlfn.XLOOKUP(D29,門市狀態!G:G,門市狀態!H:H,"") -> 湯家瑋 | F29: =IFERROR(IF(VLOOKUP(A29,門市狀態!A:D,4,FALSE)=0,"",VLOOKUP(A29,門市狀態!A:D,4,FALSE)),"") | H29: =IF(I29>0,(TEXT(I29,"yyyymmdd")&$V$2&A29&$V$2&B29&$S$2),"") -> PMQ2-3929-蘆洲中山一(定保) | I29: {=IF(AND(SUMPRODUCT((IM!$F$2:$F$5000=A29)*(ISNUMBER(SEARCH($C$1, IM!$AC$2:$AC$5000))))>0), $C$1, "")} -> PMQ2 | J29: {=IFERROR(INDEX(IM!$AM$2:$AM$5000, MATCH(1, (IM!$F$2:$F$5000=A29) * (ISNUMBER(SEARCH($C$1, IM!$AC$2:$AC$5000))), 0)), "")} -> 46114 | K29: {=SUMPRODUCT((IM!$F$2:$F$5000=A29)*(IM!$AD$2:$AD$5000="O")*(ISNUMBER(SEARCH($C$1, IM!$AC$2:$AC$5000))))} -> 1 | L29: {=IF(K29>0,IFERROR(HYPERLINK("#'IM'!AC"&MATCH(1,(IM!$F$1:$F$5000=A29)*(ISNUMBER(SEARCH($C$1,IM!$AC$1:$AC$5000))),0),"檢核"),"未登錄"),"")} -> 檢核 | M29: =Q29&S29&U29&W29&X29 -> +EDC | N29: {=IF(AND( SUMPRODUCT( (IM!$F$2:$F$522=A29) * ISNUMBER(SEARCH("*HUB*", IM!$AC$2:$AC$522)) * (IM!$X$2:$X$522>=$A$1) * (IM!$X$2:$X$522<=$B$1)*(W29="HUB") ) > 0 ), "HUB", "")} | O29: =IF( IFERROR(VLOOKUP(A29,門市主檔!A:I,9,FALSE),"")<>$C$1, "未完工", IF( AND($D$1="--",$E$1="--",$F$1="--"), "已完工", IF( OR( AND($D$1<>"--", IFERROR(VLOOKUP(A29,'0919門市清單主檔'!B:AH,31,FALSE),"")=$D$1, IFERROR(VLOOKUP(A29,門市主檔!A:Q,17,FALSE),"")<>$D$1), AND($E$1<>"--", IFERROR(VLOOKUP(A29,'0919門市清單主檔'!B:AH,32,FALSE),"")=$E$1, IFERROR(VLOOKUP(A29,門市主檔!A:S,19,FALSE),"")<>$E$1), AND($F$1<>"--", IFERROR(VLOOKUP(A29,'0919門市清單主檔'!B:AH,33,FALSE),"")=$F$1, IFERROR(VLOOKUP(A29,門市主檔!A:U,21,FALSE),"")<>$F$1), AND( IFERROR(VLOOKUP(A29,'0919門市清單主檔'!B:AC,28,FALSE),"")="+HUB", IFERROR(VLOOKUP(A29,門市主檔!A:X,23,FALSE),"")<>"+HUB" ), AND( IFERROR(VLOOKUP(A29,'0919門市清單主檔'!B:AD,29,FALSE),"")="+EDC", IFERROR(VLOOKUP(A29,門市主檔!A:X,24,FALSE),"")<>"+EDC" ) ), _xlfn.TEXTJOIN( "，", TRUE, IF(AND($D$1<>"--", IFERROR(VLOOKUP(A29,'0919門市清單主檔'!B:AH,31,FALSE),"")=$D$1, IFERROR(VLOOKUP(A29,門市主檔!A:Q,17,FALSE),"")<>$D$1), $D$1, ""), IF(AND($E$1<>"--", IFERROR(VLOOKUP(A29,'0919門市清單主檔'!B:AH,32,FALSE),"")=$E$1, IFERROR(VLOOKUP(A29,門市主檔!A:S,19,FALSE),"")<>$E$1), $E$1, ""), IF(AND($F$1<>"--", IFERROR(VLOOKUP(A29,'0919門市清單主檔'!B:AH,33,FALSE),"")=$F$1, IFERROR(VLOOKUP(A29,門市主檔!A:U,21,FALSE),"")<>$F$1), $F$1, ""), IF(AND(IFERROR(VLOOKUP(A29,'0919門市清單主檔'!B:AC,28,FALSE),"")="+HUB", IFERROR(VLOOKUP(A29,門市主檔!A:X,23,FALSE),"")<>"+HUB"), "+HUB", ""), IF(AND(IFERROR(VLOOKUP(A29,'0919門市清單主檔'!B:AD,29,FALSE),"")="+EDC", IFERROR(VLOOKUP(A29,門市主檔!A:X,24,FALSE),"")<>"+EDC"), "+EDC", "") ) & "未完工", "已完工" ) ) ) -> 已完工 | P29: =(TEXT(I29,"yyyymmdd"))&$V$2&A29&$V$2&B29&$S$2 -> PMQ2-3929-蘆洲中山一(定保) | Q29: {=IF(AND(SUMPRODUCT((IM!$F$2:$F$5000=A29)*(ISNUMBER(SEARCH($D$1, IM!$AC$2:$AC$5000))))>0), $D$1, "")} | R29: {=IFERROR(INDEX(IM!$AM$2:$AM$5000, MATCH(1, (IM!$F$2:$F$5000=A29) * (ISNUMBER(SEARCH($D$1, IM!$AC$2:$AC$5000))), 0)), "")} | S29: {=IF(AND(SUMPRODUCT((IM!$F$2:$F$5000=A29)*(ISNUMBER(SEARCH($E$1, IM!$AC$2:$AC$5000))))>0), $E$1, "")} | T29: {=IFERROR(INDEX(IM!$AM$2:$AM$5000, MATCH(1, (IM!$F$2:$F$5000=A29) * (ISNUMBER(SEARCH($E$1, IM!$AC$2:$AC$5000))), 0)), "")} | U29: {=IF(AND(SUMPRODUCT((IM!$F$2:$F$5000=A29)*(ISNUMBER(SEARCH($F$1, IM!$AC$2:$AC$5000))))>0), $F$1, "")} | V29: {=IFERROR(INDEX(IM!$AM$2:$AM$5000, MATCH(1, (IM!$F$2:$F$5000=A29) * (ISNUMBER(SEARCH($F$1, IM!$AC$2:$AC$5000))), 0)), "")} | W29: {=IF( SUMPRODUCT( (IM!$F$2:$F$5000=A29)* (ISNUMBER(SEARCH($I$1,IM!$AC$2:$AC$5000)))* (IM!$X$2:$X$5000>=$A$1)* (IM!$X$2:$X$5000<=$B$1) )>0, $I$1, "" )} | X29: {=IF(AND(SUMPRODUCT((IM!$F$2:$F$5000=A29)*(ISNUMBER(SEARCH($J$1, IM!$AC$2:$AC$5000))))>0), $J$1, "")} -> +EDC | Y29: =A29 -> 3929 | Z29: =B29 -> 蘆洲中山一
A30: D193 | B30: =_xlfn.XLOOKUP(A30,'0919門市清單主檔'!B:B,'0919門市清單主檔'!C:C,"") -> 蘆洲權義店 | C30: =_xlfn.XLOOKUP($A30,'0919門市清單主檔'!B:B,'0919門市清單主檔'!U:U,"") -> 新北市 | D30: =_xlfn.XLOOKUP($A30,'0919門市清單主檔'!B:B,'0919門市清單主檔'!V:V,"") -> 蘆洲區 | E30: =_xlfn.XLOOKUP(D30,門市狀態!G:G,門市狀態!H:H,"") -> 湯家瑋 | F30: =IFERROR(IF(VLOOKUP(A30,門市狀態!A:D,4,FALSE)=0,"",VLOOKUP(A30,門市狀態!A:D,4,FALSE)),"") | H30: =IF(I30>0,(TEXT(I30,"yyyymmdd")&$V$2&A30&$V$2&B30&$S$2),"") -> PMQ2-D193-蘆洲權義店(定保) | I30: {=IF(AND(SUMPRODUCT((IM!$F$2:$F$5000=A30)*(ISNUMBER(SEARCH($C$1, IM!$AC$2:$AC$5000))))>0), $C$1, "")} -> PMQ2 | J30: {=IFERROR(INDEX(IM!$AM$2:$AM$5000, MATCH(1, (IM!$F$2:$F$5000=A30) * (ISNUMBER(SEARCH($C$1, IM!$AC$2:$AC$5000))), 0)), "")} -> 46114 | K30: {=SUMPRODUCT((IM!$F$2:$F$5000=A30)*(IM!$AD$2:$AD$5000="O")*(ISNUMBER(SEARCH($C$1, IM!$AC$2:$AC$5000))))} -> 1 | L30: {=IF(K30>0,IFERROR(HYPERLINK("#'IM'!AC"&MATCH(1,(IM!$F$1:$F$5000=A30)*(ISNUMBER(SEARCH($C$1,IM!$AC$1:$AC$5000))),0),"檢核"),"未登錄"),"")} -> 檢核 | M30: =Q30&S30&U30&W30&X30 -> +EDC | N30: {=IF(AND( SUMPRODUCT( (IM!$F$2:$F$522=A30) * ISNUMBER(SEARCH("*HUB*", IM!$AC$2:$AC$522)) * (IM!$X$2:$X$522>=$A$1) * (IM!$X$2:$X$522<=$B$1)*(W30="HUB") ) > 0 ), "HUB", "")} | O30: =IF( IFERROR(VLOOKUP(A30,門市主檔!A:I,9,FALSE),"")<>$C$1, "未完工", IF( AND($D$1="--",$E$1="--",$F$1="--"), "已完工", IF( OR( AND($D$1<>"--", IFERROR(VLOOKUP(A30,'0919門市清單主檔'!B:AH,31,FALSE),"")=$D$1, IFERROR(VLOOKUP(A30,門市主檔!A:Q,17,FALSE),"")<>$D$1), AND($E$1<>"--", IFERROR(VLOOKUP(A30,'0919門市清單主檔'!B:AH,32,FALSE),"")=$E$1, IFERROR(VLOOKUP(A30,門市主檔!A:S,19,FALSE),"")<>$E$1), AND($F$1<>"--", IFERROR(VLOOKUP(A30,'0919門市清單主檔'!B:AH,33,FALSE),"")=$F$1, IFERROR(VLOOKUP(A30,門市主檔!A:U,21,FALSE),"")<>$F$1), AND( IFERROR(VLOOKUP(A30,'0919門市清單主檔'!B:AC,28,FALSE),"")="+HUB", IFERROR(VLOOKUP(A30,門市主檔!A:X,23,FALSE),"")<>"+HUB" ), AND( IFERROR(VLOOKUP(A30,'0919門市清單主檔'!B:AD,29,FALSE),"")="+EDC", IFERROR(VLOOKUP(A30,門市主檔!A:X,24,FALSE),"")<>"+EDC" ) ), _xlfn.TEXTJOIN( "，", TRUE, IF(AND($D$1<>"--", IFERROR(VLOOKUP(A30,'0919門市清單主檔'!B:AH,31,FALSE),"")=$D$1, IFERROR(VLOOKUP(A30,門市主檔!A:Q,17,FALSE),"")<>$D$1), $D$1, ""), IF(AND($E$1<>"--", IFERROR(VLOOKUP(A30,'0919門市清單主檔'!B:AH,32,FALSE),"")=$E$1, IFERROR(VLOOKUP(A30,門市主檔!A:S,19,FALSE),"")<>$E$1), $E$1, ""), IF(AND($F$1<>"--", IFERROR(VLOOKUP(A30,'0919門市清單主檔'!B:AH,33,FALSE),"")=$F$1, IFERROR(VLOOKUP(A30,門市主檔!A:U,21,FALSE),"")<>$F$1), $F$1, ""), IF(AND(IFERROR(VLOOKUP(A30,'0919門市清單主檔'!B:AC,28,FALSE),"")="+HUB", IFERROR(VLOOKUP(A30,門市主檔!A:X,23,FALSE),"")<>"+HUB"), "+HUB", ""), IF(AND(IFERROR(VLOOKUP(A30,'0919門市清單主檔'!B:AD,29,FALSE),"")="+EDC", IFERROR(VLOOKUP(A30,門市主檔!A:X,24,FALSE),"")<>"+EDC"), "+EDC", "") ) & "未完工", "已完工" ) ) ) -> 已完工 | P30: =(TEXT(I30,"yyyymmdd"))&$V$2&A30&$V$2&B30&$S$2 -> PMQ2-D193-蘆洲權義店(定保) | Q30: {=IF(AND(SUMPRODUCT((IM!$F$2:$F$5000=A30)*(ISNUMBER(SEARCH($D$1, IM!$AC$2:$AC$5000))))>0), $D$1, "")} | R30: {=IFERROR(INDEX(IM!$AM$2:$AM$5000, MATCH(1, (IM!$F$2:$F$5000=A30) * (ISNUMBER(SEARCH($D$1, IM!$AC$2:$AC$5000))), 0)), "")} | S30: {=IF(AND(SUMPRODUCT((IM!$F$2:$F$5000=A30)*(ISNUMBER(SEARCH($E$1, IM!$AC$2:$AC$5000))))>0), $E$1, "")} | T30: {=IFERROR(INDEX(IM!$AM$2:$AM$5000, MATCH(1, (IM!$F$2:$F$5000=A30) * (ISNUMBER(SEARCH($E$1, IM!$AC$2:$AC$5000))), 0)), "")} | U30: {=IF(AND(SUMPRODUCT((IM!$F$2:$F$5000=A30)*(ISNUMBER(SEARCH($F$1, IM!$AC$2:$AC$5000))))>0), $F$1, "")} | V30: {=IFERROR(INDEX(IM!$AM$2:$AM$5000, MATCH(1, (IM!$F$2:$F$5000=A30) * (ISNUMBER(SEARCH($F$1, IM!$AC$2:$AC$5000))), 0)), "")} | W30: {=IF( SUMPRODUCT( (IM!$F$2:$F$5000=A30)* (ISNUMBER(SEARCH($I$1,IM!$AC$2:$AC$5000)))* (IM!$X$2:$X$5000>=$A$1)* (IM!$X$2:$X$5000<=$B$1) )>0, $I$1, "" )} | X30: {=IF(AND(SUMPRODUCT((IM!$F$2:$F$5000=A30)*(ISNUMBER(SEARCH($J$1, IM!$AC$2:$AC$5000))))>0), $J$1, "")} -> +EDC | Y30: =A30 -> D193 | Z30: =B30 -> 蘆洲權義店
A31: 3008 | B31: =_xlfn.XLOOKUP(A31,'0919門市清單主檔'!B:B,'0919門市清單主檔'!C:C,"") -> 龜山香品店 | C31: =_xlfn.XLOOKUP($A31,'0919門市清單主檔'!B:B,'0919門市清單主檔'!U:U,"") -> 桃園市 | D31: =_xlfn.XLOOKUP($A31,'0919門市清單主檔'!B:B,'0919門市清單主檔'!V:V,"") -> 龜山區 | E31: =_xlfn.XLOOKUP(D31,門市狀態!G:G,門市狀態!H:H,"") -> 吳宗鴻 | F31: =IFERROR(IF(VLOOKUP(A31,門市狀態!A:D,4,FALSE)=0,"",VLOOKUP(A31,門市狀態!A:D,4,FALSE)),"") | H31: =IF(I31>0,(TEXT(I31,"yyyymmdd")&$V$2&A31&$V$2&B31&$S$2),"") -> PMQ2-3008-龜山香品店(定保) | I31: {=IF(AND(SUMPRODUCT((IM!$F$2:$F$5000=A31)*(ISNUMBER(SEARCH($C$1, IM!$AC$2:$AC$5000))))>0), $C$1, "")} -> PMQ2 | J31: {=IFERROR(INDEX(IM!$AM$2:$AM$5000, MATCH(1, (IM!$F$2:$F$5000=A31) * (ISNUMBER(SEARCH($C$1, IM!$AC$2:$AC$5000))), 0)), "")} -> 46119 | K31: {=SUMPRODUCT((IM!$F$2:$F$5000=A31)*(IM!$AD$2:$AD$5000="O")*(ISNUMBER(SEARCH($C$1, IM!$AC$2:$AC$5000))))} -> 1 | L31: {=IF(K31>0,IFERROR(HYPERLINK("#'IM'!AC"&MATCH(1,(IM!$F$1:$F$5000=A31)*(ISNUMBER(SEARCH($C$1,IM!$AC$1:$AC$5000))),0),"檢核"),"未登錄"),"")} -> 檢核 | M31: =Q31&S31&U31&W31&X31 -> +EDC | N31: {=IF(AND( SUMPRODUCT( (IM!$F$2:$F$522=A31) * ISNUMBER(SEARCH("*HUB*", IM!$AC$2:$AC$522)) * (IM!$X$2:$X$522>=$A$1) * (IM!$X$2:$X$522<=$B$1)*(W31="HUB") ) > 0 ), "HUB", "")} | O31: =IF( IFERROR(VLOOKUP(A31,門市主檔!A:I,9,FALSE),"")<>$C$1, "未完工", IF( AND($D$1="--",$E$1="--",$F$1="--"), "已完工", IF( OR( AND($D$1<>"--", IFERROR(VLOOKUP(A31,'0919門市清單主檔'!B:AH,31,FALSE),"")=$D$1, IFERROR(VLOOKUP(A31,門市主檔!A:Q,17,FALSE),"")<>$D$1), AND($E$1<>"--", IFERROR(VLOOKUP(A31,'0919門市清單主檔'!B:AH,32,FALSE),"")=$E$1, IFERROR(VLOOKUP(A31,門市主檔!A:S,19,FALSE),"")<>$E$1), AND($F$1<>"--", IFERROR(VLOOKUP(A31,'0919門市清單主檔'!B:AH,33,FALSE),"")=$F$1, IFERROR(VLOOKUP(A31,門市主檔!A:U,21,FALSE),"")<>$F$1), AND( IFERROR(VLOOKUP(A31,'0919門市清單主檔'!B:AC,28,FALSE),"")="+HUB", IFERROR(VLOOKUP(A31,門市主檔!A:X,23,FALSE),"")<>"+HUB" ), AND( IFERROR(VLOOKUP(A31,'0919門市清單主檔'!B:AD,29,FALSE),"")="+EDC", IFERROR(VLOOKUP(A31,門市主檔!A:X,24,FALSE),"")<>"+EDC" ) ), _xlfn.TEXTJOIN( "，", TRUE, IF(AND($D$1<>"--", IFERROR(VLOOKUP(A31,'0919門市清單主檔'!B:AH,31,FALSE),"")=$D$1, IFERROR(VLOOKUP(A31,門市主檔!A:Q,17,FALSE),"")<>$D$1), $D$1, ""), IF(AND($E$1<>"--", IFERROR(VLOOKUP(A31,'0919門市清單主檔'!B:AH,32,FALSE),"")=$E$1, IFERROR(VLOOKUP(A31,門市主檔!A:S,19,FALSE),"")<>$E$1), $E$1, ""), IF(AND($F$1<>"--", IFERROR(VLOOKUP(A31,'0919門市清單主檔'!B:AH,33,FALSE),"")=$F$1, IFERROR(VLOOKUP(A31,門市主檔!A:U,21,FALSE),"")<>$F$1), $F$1, ""), IF(AND(IFERROR(VLOOKUP(A31,'0919門市清單主檔'!B:AC,28,FALSE),"")="+HUB", IFERROR(VLOOKUP(A31,門市主檔!A:X,23,FALSE),"")<>"+HUB"), "+HUB", ""), IF(AND(IFERROR(VLOOKUP(A31,'0919門市清單主檔'!B:AD,29,FALSE),"")="+EDC", IFERROR(VLOOKUP(A31,門市主檔!A:X,24,FALSE),"")<>"+EDC"), "+EDC", "") ) & "未完工", "已完工" ) ) ) -> 已完工 | P31: =(TEXT(I31,"yyyymmdd"))&$V$2&A31&$V$2&B31&$S$2 -> PMQ2-3008-龜山香品店(定保) | Q31: {=IF(AND(SUMPRODUCT((IM!$F$2:$F$5000=A31)*(ISNUMBER(SEARCH($D$1, IM!$AC$2:$AC$5000))))>0), $D$1, "")} | R31: {=IFERROR(INDEX(IM!$AM$2:$AM$5000, MATCH(1, (IM!$F$2:$F$5000=A31) * (ISNUMBER(SEARCH($D$1, IM!$AC$2:$AC$5000))), 0)), "")} | S31: {=IF(AND(SUMPRODUCT((IM!$F$2:$F$5000=A31)*(ISNUMBER(SEARCH($E$1, IM!$AC$2:$AC$5000))))>0), $E$1, "")} | T31: {=IFERROR(INDEX(IM!$AM$2:$AM$5000, MATCH(1, (IM!$F$2:$F$5000=A31) * (ISNUMBER(SEARCH($E$1, IM!$AC$2:$AC$5000))), 0)), "")} | U31: {=IF(AND(SUMPRODUCT((IM!$F$2:$F$5000=A31)*(ISNUMBER(SEARCH($F$1, IM!$AC$2:$AC$5000))))>0), $F$1, "")} | V31: {=IFERROR(INDEX(IM!$AM$2:$AM$5000, MATCH(1, (IM!$F$2:$F$5000=A31) * (ISNUMBER(SEARCH($F$1, IM!$AC$2:$AC$5000))), 0)), "")} | W31: {=IF( SUMPRODUCT( (IM!$F$2:$F$5000=A31)* (ISNUMBER(SEARCH($I$1,IM!$AC$2:$AC$5000)))* (IM!$X$2:$X$5000>=$A$1)* (IM!$X$2:$X$5000<=$B$1) )>0, $I$1, "" )} | X31: {=IF(AND(SUMPRODUCT((IM!$F$2:$F$5000=A31)*(ISNUMBER(SEARCH($J$1, IM!$AC$2:$AC$5000))))>0), $J$1, "")} -> +EDC | Y31: =A31 -> 3008 | Z31: =B31 -> 龜山香品店 | AA31: L90未執行
A32: L534 | B32: =_xlfn.XLOOKUP(A32,'0919門市清單主檔'!B:B,'0919門市清單主檔'!C:C,"") -> 田倉文興店 | C32: =_xlfn.XLOOKUP($A32,'0919門市清單主檔'!B:B,'0919門市清單主檔'!U:U,"") -> 桃園市 | D32: =_xlfn.XLOOKUP($A32,'0919門市清單主檔'!B:B,'0919門市清單主檔'!V:V,"") -> 龜山區 | E32: =_xlfn.XLOOKUP(D32,門市狀態!G:G,門市狀態!H:H,"") -> 吳宗鴻 | F32: =IFERROR(IF(VLOOKUP(A32,門市狀態!A:D,4,FALSE)=0,"",VLOOKUP(A32,門市狀態!A:D,4,FALSE)),"") | H32: =IF(I32>0,(TEXT(I32,"yyyymmdd")&$V$2&A32&$V$2&B32&$S$2),"") -> PMQ2-L534-田倉文興店(定保) | I32: {=IF(AND(SUMPRODUCT((IM!$F$2:$F$5000=A32)*(ISNUMBER(SEARCH($C$1, IM!$AC$2:$AC$5000))))>0), $C$1, "")} -> PMQ2 | J32: {=IFERROR(INDEX(IM!$AM$2:$AM$5000, MATCH(1, (IM!$F$2:$F$5000=A32) * (ISNUMBER(SEARCH($C$1, IM!$AC$2:$AC$5000))), 0)), "")} -> 46119 | K32: {=SUMPRODUCT((IM!$F$2:$F$5000=A32)*(IM!$AD$2:$AD$5000="O")*(ISNUMBER(SEARCH($C$1, IM!$AC$2:$AC$5000))))} -> 1 | L32: {=IF(K32>0,IFERROR(HYPERLINK("#'IM'!AC"&MATCH(1,(IM!$F$1:$F$5000=A32)*(ISNUMBER(SEARCH($C$1,IM!$AC$1:$AC$5000))),0),"檢核"),"未登錄"),"")} -> 檢核 | M32: =Q32&S32&U32&W32&X32 | N32: {=IF(AND( SUMPRODUCT( (IM!$F$2:$F$522=A32) * ISNUMBER(SEARCH("*HUB*", IM!$AC$2:$AC$522)) * (IM!$X$2:$X$522>=$A$1) * (IM!$X$2:$X$522<=$B$1)*(W32="HUB") ) > 0 ), "HUB", "")} | O32: =IF( IFERROR(VLOOKUP(A32,門市主檔!A:I,9,FALSE),"")<>$C$1, "未完工", IF( AND($D$1="--",$E$1="--",$F$1="--"), "已完工", IF( OR( AND($D$1<>"--", IFERROR(VLOOKUP(A32,'0919門市清單主檔'!B:AH,31,FALSE),"")=$D$1, IFERROR(VLOOKUP(A32,門市主檔!A:Q,17,FALSE),"")<>$D$1), AND($E$1<>"--", IFERROR(VLOOKUP(A32,'0919門市清單主檔'!B:AH,32,FALSE),"")=$E$1, IFERROR(VLOOKUP(A32,門市主檔!A:S,19,FALSE),"")<>$E$1), AND($F$1<>"--", IFERROR(VLOOKUP(A32,'0919門市清單主檔'!B:AH,33,FALSE),"")=$F$1, IFERROR(VLOOKUP(A32,門市主檔!A:U,21,FALSE),"")<>$F$1), AND( IFERROR(VLOOKUP(A32,'0919門市清單主檔'!B:AC,28,FALSE),"")="+HUB", IFERROR(VLOOKUP(A32,門市主檔!A:X,23,FALSE),"")<>"+HUB" ), AND( IFERROR(VLOOKUP(A32,'0919門市清單主檔'!B:AD,29,FALSE),"")="+EDC", IFERROR(VLOOKUP(A32,門市主檔!A:X,24,FALSE),"")<>"+EDC" ) ), _xlfn.TEXTJOIN( "，", TRUE, IF(AND($D$1<>"--", IFERROR(VLOOKUP(A32,'0919門市清單主檔'!B:AH,31,FALSE),"")=$D$1, IFERROR(VLOOKUP(A32,門市主檔!A:Q,17,FALSE),"")<>$D$1), $D$1, ""), IF(AND($E$1<>"--", IFERROR(VLOOKUP(A32,'0919門市清單主檔'!B:AH,32,FALSE),"")=$E$1, IFERROR(VLOOKUP(A32,門市主檔!A:S,19,FALSE),"")<>$E$1), $E$1, ""), IF(AND($F$1<>"--", IFERROR(VLOOKUP(A32,'0919門市清單主檔'!B:AH,33,FALSE),"")=$F$1, IFERROR(VLOOKUP(A32,門市主檔!A:U,21,FALSE),"")<>$F$1), $F$1, ""), IF(AND(IFERROR(VLOOKUP(A32,'0919門市清單主檔'!B:AC,28,FALSE),"")="+HUB", IFERROR(VLOOKUP(A32,門市主檔!A:X,23,FALSE),"")<>"+HUB"), "+HUB", ""), IF(AND(IFERROR(VLOOKUP(A32,'0919門市清單主檔'!B:AD,29,FALSE),"")="+EDC", IFERROR(VLOOKUP(A32,門市主檔!A:X,24,FALSE),"")<>"+EDC"), "+EDC", "") ) & "未完工", "已完工" ) ) ) -> 已完工 | P32: =(TEXT(I32,"yyyymmdd"))&$V$2&A32&$V$2&B32&$S$2 -> PMQ2-L534-田倉文興店(定保) | Q32: {=IF(AND(SUMPRODUCT((IM!$F$2:$F$5000=A32)*(ISNUMBER(SEARCH($D$1, IM!$AC$2:$AC$5000))))>0), $D$1, "")} | R32: {=IFERROR(INDEX(IM!$AM$2:$AM$5000, MATCH(1, (IM!$F$2:$F$5000=A32) * (ISNUMBER(SEARCH($D$1, IM!$AC$2:$AC$5000))), 0)), "")} | S32: {=IF(AND(SUMPRODUCT((IM!$F$2:$F$5000=A32)*(ISNUMBER(SEARCH($E$1, IM!$AC$2:$AC$5000))))>0), $E$1, "")} | T32: {=IFERROR(INDEX(IM!$AM$2:$AM$5000, MATCH(1, (IM!$F$2:$F$5000=A32) * (ISNUMBER(SEARCH($E$1, IM!$AC$2:$AC$5000))), 0)), "")} | U32: {=IF(AND(SUMPRODUCT((IM!$F$2:$F$5000=A32)*(ISNUMBER(SEARCH($F$1, IM!$AC$2:$AC$5000))))>0), $F$1, "")} | V32: {=IFERROR(INDEX(IM!$AM$2:$AM$5000, MATCH(1, (IM!$F$2:$F$5000=A32) * (ISNUMBER(SEARCH($F$1, IM!$AC$2:$AC$5000))), 0)), "")} | W32: {=IF( SUMPRODUCT( (IM!$F$2:$F$5000=A32)* (ISNUMBER(SEARCH($I$1,IM!$AC$2:$AC$5000)))* (IM!$X$2:$X$5000>=$A$1)* (IM!$X$2:$X$5000<=$B$1) )>0, $I$1, "" )} | X32: {=IF(AND(SUMPRODUCT((IM!$F$2:$F$5000=A32)*(ISNUMBER(SEARCH($J$1, IM!$AC$2:$AC$5000))))>0), $J$1, "")} | Y32: =A32 -> L534 | Z32: =B32 -> 田倉文興店 | AA32: 車麗屋
A33: D350 | B33: =_xlfn.XLOOKUP(A33,'0919門市清單主檔'!B:B,'0919門市清單主檔'!C:C,"") -> 三重徐匯站 | C33: =_xlfn.XLOOKUP($A33,'0919門市清單主檔'!B:B,'0919門市清單主檔'!U:U,"") -> 新北市 | D33: =_xlfn.XLOOKUP($A33,'0919門市清單主檔'!B:B,'0919門市清單主檔'!V:V,"") -> 三重區 | E33: =_xlfn.XLOOKUP(D33,門市狀態!G:G,門市狀態!H:H,"") -> 劉柏均 | F33: =IFERROR(IF(VLOOKUP(A33,門市狀態!A:D,4,FALSE)=0,"",VLOOKUP(A33,門市狀態!A:D,4,FALSE)),"") | H33: =IF(I33>0,(TEXT(I33,"yyyymmdd")&$V$2&A33&$V$2&B33&$S$2),"") -> PMQ2-D350-三重徐匯站(定保) | I33: {=IF(AND(SUMPRODUCT((IM!$F$2:$F$5000=A33)*(ISNUMBER(SEARCH($C$1, IM!$AC$2:$AC$5000))))>0), $C$1, "")} -> PMQ2 | J33: {=IFERROR(INDEX(IM!$AM$2:$AM$5000, MATCH(1, (IM!$F$2:$F$5000=A33) * (ISNUMBER(SEARCH($C$1, IM!$AC$2:$AC$5000))), 0)), "")} -> 46119 | K33: {=SUMPRODUCT((IM!$F$2:$F$5000=A33)*(IM!$AD$2:$AD$5000="O")*(ISNUMBER(SEARCH($C$1, IM!$AC$2:$AC$5000))))} -> 1 | L33: {=IF(K33>0,IFERROR(HYPERLINK("#'IM'!AC"&MATCH(1,(IM!$F$1:$F$5000=A33)*(ISNUMBER(SEARCH($C$1,IM!$AC$1:$AC$5000))),0),"檢核"),"未登錄"),"")} -> 檢核 | M33: =Q33&S33&U33&W33&X33 -> +EDC | N33: {=IF(AND( SUMPRODUCT( (IM!$F$2:$F$522=A33) * ISNUMBER(SEARCH("*HUB*", IM!$AC$2:$AC$522)) * (IM!$X$2:$X$522>=$A$1) * (IM!$X$2:$X$522<=$B$1)*(W33="HUB") ) > 0 ), "HUB", "")} | O33: =IF( IFERROR(VLOOKUP(A33,門市主檔!A:I,9,FALSE),"")<>$C$1, "未完工", IF( AND($D$1="--",$E$1="--",$F$1="--"), "已完工", IF( OR( AND($D$1<>"--", IFERROR(VLOOKUP(A33,'0919門市清單主檔'!B:AH,31,FALSE),"")=$D$1, IFERROR(VLOOKUP(A33,門市主檔!A:Q,17,FALSE),"")<>$D$1), AND($E$1<>"--", IFERROR(VLOOKUP(A33,'0919門市清單主檔'!B:AH,32,FALSE),"")=$E$1, IFERROR(VLOOKUP(A33,門市主檔!A:S,19,FALSE),"")<>$E$1), AND($F$1<>"--", IFERROR(VLOOKUP(A33,'0919門市清單主檔'!B:AH,33,FALSE),"")=$F$1, IFERROR(VLOOKUP(A33,門市主檔!A:U,21,FALSE),"")<>$F$1), AND( IFERROR(VLOOKUP(A33,'0919門市清單主檔'!B:AC,28,FALSE),"")="+HUB", IFERROR(VLOOKUP(A33,門市主檔!A:X,23,FALSE),"")<>"+HUB" ), AND( IFERROR(VLOOKUP(A33,'0919門市清單主檔'!B:AD,29,FALSE),"")="+EDC", IFERROR(VLOOKUP(A33,門市主檔!A:X,24,FALSE),"")<>"+EDC" ) ), _xlfn.TEXTJOIN( "，", TRUE, IF(AND($D$1<>"--", IFERROR(VLOOKUP(A33,'0919門市清單主檔'!B:AH,31,FALSE),"")=$D$1, IFERROR(VLOOKUP(A33,門市主檔!A:Q,17,FALSE),"")<>$D$1), $D$1, ""), IF(AND($E$1<>"--", IFERROR(VLOOKUP(A33,'0919門市清單主檔'!B:AH,32,FALSE),"")=$E$1, IFERROR(VLOOKUP(A33,門市主檔!A:S,19,FALSE),"")<>$E$1), $E$1, ""), IF(AND($F$1<>"--", IFERROR(VLOOKUP(A33,'0919門市清單主檔'!B:AH,33,FALSE),"")=$F$1, IFERROR(VLOOKUP(A33,門市主檔!A:U,21,FALSE),"")<>$F$1), $F$1, ""), IF(AND(IFERROR(VLOOKUP(A33,'0919門市清單主檔'!B:AC,28,FALSE),"")="+HUB", IFERROR(VLOOKUP(A33,門市主檔!A:X,23,FALSE),"")<>"+HUB"), "+HUB", ""), IF(AND(IFERROR(VLOOKUP(A33,'0919門市清單主檔'!B:AD,29,FALSE),"")="+EDC", IFERROR(VLOOKUP(A33,門市主檔!A:X,24,FALSE),"")<>"+EDC"), "+EDC", "") ) & "未完工", "已完工" ) ) ) -> 已完工 | P33: =(TEXT(I33,"yyyymmdd"))&$V$2&A33&$V$2&B33&$S$2 -> PMQ2-D350-三重徐匯站(定保) | Q33: {=IF(AND(SUMPRODUCT((IM!$F$2:$F$5000=A33)*(ISNUMBER(SEARCH($D$1, IM!$AC$2:$AC$5000))))>0), $D$1, "")} | R33: {=IFERROR(INDEX(IM!$AM$2:$AM$5000, MATCH(1, (IM!$F$2:$F$5000=A33) * (ISNUMBER(SEARCH($D$1, IM!$AC$2:$AC$5000))), 0)), "")} | S33: {=IF(AND(SUMPRODUCT((IM!$F$2:$F$5000=A33)*(ISNUMBER(SEARCH($E$1, IM!$AC$2:$AC$5000))))>0), $E$1, "")} | T33: {=IFERROR(INDEX(IM!$AM$2:$AM$5000, MATCH(1, (IM!$F$2:$F$5000=A33) * (ISNUMBER(SEARCH($E$1, IM!$AC$2:$AC$5000))), 0)), "")} | U33: {=IF(AND(SUMPRODUCT((IM!$F$2:$F$5000=A33)*(ISNUMBER(SEARCH($F$1, IM!$AC$2:$AC$5000))))>0), $F$1, "")} | V33: {=IFERROR(INDEX(IM!$AM$2:$AM$5000, MATCH(1, (IM!$F$2:$F$5000=A33) * (ISNUMBER(SEARCH($F$1, IM!$AC$2:$AC$5000))), 0)), "")} | W33: {=IF( SUMPRODUCT( (IM!$F$2:$F$5000=A33)* (ISNUMBER(SEARCH($I$1,IM!$AC$2:$AC$5000)))* (IM!$X$2:$X$5000>=$A$1)* (IM!$X$2:$X$5000<=$B$1) )>0, $I$1, "" )} | X33: {=IF(AND(SUMPRODUCT((IM!$F$2:$F$5000=A33)*(ISNUMBER(SEARCH($J$1, IM!$AC$2:$AC$5000))))>0), $J$1, "")} -> +EDC | Y33: =A33 -> D350 | Z33: =B33 -> 三重徐匯站
A34: 4084 | B34: =_xlfn.XLOOKUP(A34,'0919門市清單主檔'!B:B,'0919門市清單主檔'!C:C,"") -> 三重昌隆店 | C34: =_xlfn.XLOOKUP($A34,'0919門市清單主檔'!B:B,'0919門市清單主檔'!U:U,"") -> 新北市 | D34: =_xlfn.XLOOKUP($A34,'0919門市清單主檔'!B:B,'0919門市清單主檔'!V:V,"") -> 三重區 | E34: =_xlfn.XLOOKUP(D34,門市狀態!G:G,門市狀態!H:H,"") -> 劉柏均 | F34: =IFERROR(IF(VLOOKUP(A34,門市狀態!A:D,4,FALSE)=0,"",VLOOKUP(A34,門市狀態!A:D,4,FALSE)),"") | H34: =IF(I34>0,(TEXT(I34,"yyyymmdd")&$V$2&A34&$V$2&B34&$S$2),"") -> PMQ2-4084-三重昌隆店(定保) | I34: {=IF(AND(SUMPRODUCT((IM!$F$2:$F$5000=A34)*(ISNUMBER(SEARCH($C$1, IM!$AC$2:$AC$5000))))>0), $C$1, "")} -> PMQ2 | J34: {=IFERROR(INDEX(IM!$AM$2:$AM$5000, MATCH(1, (IM!$F$2:$F$5000=A34) * (ISNUMBER(SEARCH($C$1, IM!$AC$2:$AC$5000))), 0)), "")} -> 46119 | K34: {=SUMPRODUCT((IM!$F$2:$F$5000=A34)*(IM!$AD$2:$AD$5000="O")*(ISNUMBER(SEARCH($C$1, IM!$AC$2:$AC$5000))))} -> 1 | L34: {=IF(K34>0,IFERROR(HYPERLINK("#'IM'!AC"&MATCH(1,(IM!$F$1:$F$5000=A34)*(ISNUMBER(SEARCH($C$1,IM!$AC$1:$AC$5000))),0),"檢核"),"未登錄"),"")} -> 檢核 | M34: =Q34&S34&U34&W34&X34 -> +EDC | N34: {=IF(AND( SUMPRODUCT( (IM!$F$2:$F$522=A34) * ISNUMBER(SEARCH("*HUB*", IM!$AC$2:$AC$522)) * (IM!$X$2:$X$522>=$A$1) * (IM!$X$2:$X$522<=$B$1)*(W34="HUB") ) > 0 ), "HUB", "")} | O34: =IF( IFERROR(VLOOKUP(A34,門市主檔!A:I,9,FALSE),"")<>$C$1, "未完工", IF( AND($D$1="--",$E$1="--",$F$1="--"), "已完工", IF( OR( AND($D$1<>"--", IFERROR(VLOOKUP(A34,'0919門市清單主檔'!B:AH,31,FALSE),"")=$D$1, IFERROR(VLOOKUP(A34,門市主檔!A:Q,17,FALSE),"")<>$D$1), AND($E$1<>"--", IFERROR(VLOOKUP(A34,'0919門市清單主檔'!B:AH,32,FALSE),"")=$E$1, IFERROR(VLOOKUP(A34,門市主檔!A:S,19,FALSE),"")<>$E$1), AND($F$1<>"--", IFERROR(VLOOKUP(A34,'0919門市清單主檔'!B:AH,33,FALSE),"")=$F$1, IFERROR(VLOOKUP(A34,門市主檔!A:U,21,FALSE),"")<>$F$1), AND( IFERROR(VLOOKUP(A34,'0919門市清單主檔'!B:AC,28,FALSE),"")="+HUB", IFERROR(VLOOKUP(A34,門市主檔!A:X,23,FALSE),"")<>"+HUB" ), AND( IFERROR(VLOOKUP(A34,'0919門市清單主檔'!B:AD,29,FALSE),"")="+EDC", IFERROR(VLOOKUP(A34,門市主檔!A:X,24,FALSE),"")<>"+EDC" ) ), _xlfn.TEXTJOIN( "，", TRUE, IF(AND($D$1<>"--", IFERROR(VLOOKUP(A34,'0919門市清單主檔'!B:AH,31,FALSE),"")=$D$1, IFERROR(VLOOKUP(A34,門市主檔!A:Q,17,FALSE),"")<>$D$1), $D$1, ""), IF(AND($E$1<>"--", IFERROR(VLOOKUP(A34,'0919門市清單主檔'!B:AH,32,FALSE),"")=$E$1, IFERROR(VLOOKUP(A34,門市主檔!A:S,19,FALSE),"")<>$E$1), $E$1, ""), IF(AND($F$1<>"--", IFERROR(VLOOKUP(A34,'0919門市清單主檔'!B:AH,33,FALSE),"")=$F$1, IFERROR(VLOOKUP(A34,門市主檔!A:U,21,FALSE),"")<>$F$1), $F$1, ""), IF(AND(IFERROR(VLOOKUP(A34,'0919門市清單主檔'!B:AC,28,FALSE),"")="+HUB", IFERROR(VLOOKUP(A34,門市主檔!A:X,23,FALSE),"")<>"+HUB"), "+HUB", ""), IF(AND(IFERROR(VLOOKUP(A34,'0919門市清單主檔'!B:AD,29,FALSE),"")="+EDC", IFERROR(VLOOKUP(A34,門市主檔!A:X,24,FALSE),"")<>"+EDC"), "+EDC", "") ) & "未完工", "已完工" ) ) ) -> 已完工 | P34: =(TEXT(I34,"yyyymmdd"))&$V$2&A34&$V$2&B34&$S$2 -> PMQ2-4084-三重昌隆店(定保) | Q34: {=IF(AND(SUMPRODUCT((IM!$F$2:$F$5000=A34)*(ISNUMBER(SEARCH($D$1, IM!$AC$2:$AC$5000))))>0), $D$1, "")} | R34: {=IFERROR(INDEX(IM!$AM$2:$AM$5000, MATCH(1, (IM!$F$2:$F$5000=A34) * (ISNUMBER(SEARCH($D$1, IM!$AC$2:$AC$5000))), 0)), "")} | S34: {=IF(AND(SUMPRODUCT((IM!$F$2:$F$5000=A34)*(ISNUMBER(SEARCH($E$1, IM!$AC$2:$AC$5000))))>0), $E$1, "")} | T34: {=IFERROR(INDEX(IM!$AM$2:$AM$5000, MATCH(1, (IM!$F$2:$F$5000=A34) * (ISNUMBER(SEARCH($E$1, IM!$AC$2:$AC$5000))), 0)), "")} | U34: {=IF(AND(SUMPRODUCT((IM!$F$2:$F$5000=A34)*(ISNUMBER(SEARCH($F$1, IM!$AC$2:$AC$5000))))>0), $F$1, "")} | V34: {=IFERROR(INDEX(IM!$AM$2:$AM$5000, MATCH(1, (IM!$F$2:$F$5000=A34) * (ISNUMBER(SEARCH($F$1, IM!$AC$2:$AC$5000))), 0)), "")} | W34: {=IF( SUMPRODUCT( (IM!$F$2:$F$5000=A34)* (ISNUMBER(SEARCH($I$1,IM!$AC$2:$AC$5000)))* (IM!$X$2:$X$5000>=$A$1)* (IM!$X$2:$X$5000<=$B$1) )>0, $I$1, "" )} | X34: {=IF(AND(SUMPRODUCT((IM!$F$2:$F$5000=A34)*(ISNUMBER(SEARCH($J$1, IM!$AC$2:$AC$5000))))>0), $J$1, "")} -> +EDC | Y34: =A34 -> 4084 | Z34: =B34 -> 三重昌隆店
A35: D111 | B35: =_xlfn.XLOOKUP(A35,'0919門市清單主檔'!B:B,'0919門市清單主檔'!C:C,"") -> 北縣府中店 | C35: =_xlfn.XLOOKUP($A35,'0919門市清單主檔'!B:B,'0919門市清單主檔'!U:U,"") -> 新北市 | D35: =_xlfn.XLOOKUP($A35,'0919門市清單主檔'!B:B,'0919門市清單主檔'!V:V,"") -> 板橋區 | E35: =_xlfn.XLOOKUP(D35,門市狀態!G:G,門市狀態!H:H,"") -> 狄澤洋 | F35: =IFERROR(IF(VLOOKUP(A35,門市狀態!A:D,4,FALSE)=0,"",VLOOKUP(A35,門市狀態!A:D,4,FALSE)),"") | H35: =IF(I35>0,(TEXT(I35,"yyyymmdd")&$V$2&A35&$V$2&B35&$S$2),"") -> PMQ2-D111-北縣府中店(定保) | I35: {=IF(AND(SUMPRODUCT((IM!$F$2:$F$5000=A35)*(ISNUMBER(SEARCH($C$1, IM!$AC$2:$AC$5000))))>0), $C$1, "")} -> PMQ2 | J35: {=IFERROR(INDEX(IM!$AM$2:$AM$5000, MATCH(1, (IM!$F$2:$F$5000=A35) * (ISNUMBER(SEARCH($C$1, IM!$AC$2:$AC$5000))), 0)), "")} -> 46120 | K35: {=SUMPRODUCT((IM!$F$2:$F$5000=A35)*(IM!$AD$2:$AD$5000="O")*(ISNUMBER(SEARCH($C$1, IM!$AC$2:$AC$5000))))} -> 1 | L35: {=IF(K35>0,IFERROR(HYPERLINK("#'IM'!AC"&MATCH(1,(IM!$F$1:$F$5000=A35)*(ISNUMBER(SEARCH($C$1,IM!$AC$1:$AC$5000))),0),"檢核"),"未登錄"),"")} -> 檢核 | M35: =Q35&S35&U35&W35&X35 -> +EDC | N35: {=IF(AND( SUMPRODUCT( (IM!$F$2:$F$522=A35) * ISNUMBER(SEARCH("*HUB*", IM!$AC$2:$AC$522)) * (IM!$X$2:$X$522>=$A$1) * (IM!$X$2:$X$522<=$B$1)*(W35="HUB") ) > 0 ), "HUB", "")} | O35: =IF( IFERROR(VLOOKUP(A35,門市主檔!A:I,9,FALSE),"")<>$C$1, "未完工", IF( AND($D$1="--",$E$1="--",$F$1="--"), "已完工", IF( OR( AND($D$1<>"--", IFERROR(VLOOKUP(A35,'0919門市清單主檔'!B:AH,31,FALSE),"")=$D$1, IFERROR(VLOOKUP(A35,門市主檔!A:Q,17,FALSE),"")<>$D$1), AND($E$1<>"--", IFERROR(VLOOKUP(A35,'0919門市清單主檔'!B:AH,32,FALSE),"")=$E$1, IFERROR(VLOOKUP(A35,門市主檔!A:S,19,FALSE),"")<>$E$1), AND($F$1<>"--", IFERROR(VLOOKUP(A35,'0919門市清單主檔'!B:AH,33,FALSE),"")=$F$1, IFERROR(VLOOKUP(A35,門市主檔!A:U,21,FALSE),"")<>$F$1), AND( IFERROR(VLOOKUP(A35,'0919門市清單主檔'!B:AC,28,FALSE),"")="+HUB", IFERROR(VLOOKUP(A35,門市主檔!A:X,23,FALSE),"")<>"+HUB" ), AND( IFERROR(VLOOKUP(A35,'0919門市清單主檔'!B:AD,29,FALSE),"")="+EDC", IFERROR(VLOOKUP(A35,門市主檔!A:X,24,FALSE),"")<>"+EDC" ) ), _xlfn.TEXTJOIN( "，", TRUE, IF(AND($D$1<>"--", IFERROR(VLOOKUP(A35,'0919門市清單主檔'!B:AH,31,FALSE),"")=$D$1, IFERROR(VLOOKUP(A35,門市主檔!A:Q,17,FALSE),"")<>$D$1), $D$1, ""), IF(AND($E$1<>"--", IFERROR(VLOOKUP(A35,'0919門市清單主檔'!B:AH,32,FALSE),"")=$E$1, IFERROR(VLOOKUP(A35,門市主檔!A:S,19,FALSE),"")<>$E$1), $E$1, ""), IF(AND($F$1<>"--", IFERROR(VLOOKUP(A35,'0919門市清單主檔'!B:AH,33,FALSE),"")=$F$1, IFERROR(VLOOKUP(A35,門市主檔!A:U,21,FALSE),"")<>$F$1), $F$1, ""), IF(AND(IFERROR(VLOOKUP(A35,'0919門市清單主檔'!B:AC,28,FALSE),"")="+HUB", IFERROR(VLOOKUP(A35,門市主檔!A:X,23,FALSE),"")<>"+HUB"), "+HUB", ""), IF(AND(IFERROR(VLOOKUP(A35,'0919門市清單主檔'!B:AD,29,FALSE),"")="+EDC", IFERROR(VLOOKUP(A35,門市主檔!A:X,24,FALSE),"")<>"+EDC"), "+EDC", "") ) & "未完工", "已完工" ) ) ) -> 已完工 | P35: =(TEXT(I35,"yyyymmdd"))&$V$2&A35&$V$2&B35&$S$2 -> PMQ2-D111-北縣府中店(定保) | Q35: {=IF(AND(SUMPRODUCT((IM!$F$2:$F$5000=A35)*(ISNUMBER(SEARCH($D$1, IM!$AC$2:$AC$5000))))>0), $D$1, "")} | R35: {=IFERROR(INDEX(IM!$AM$2:$AM$5000, MATCH(1, (IM!$F$2:$F$5000=A35) * (ISNUMBER(SEARCH($D$1, IM!$AC$2:$AC$5000))), 0)), "")} | S35: {=IF(AND(SUMPRODUCT((IM!$F$2:$F$5000=A35)*(ISNUMBER(SEARCH($E$1, IM!$AC$2:$AC$5000))))>0), $E$1, "")} | T35: {=IFERROR(INDEX(IM!$AM$2:$AM$5000, MATCH(1, (IM!$F$2:$F$5000=A35) * (ISNUMBER(SEARCH($E$1, IM!$AC$2:$AC$5000))), 0)), "")} | U35: {=IF(AND(SUMPRODUCT((IM!$F$2:$F$5000=A35)*(ISNUMBER(SEARCH($F$1, IM!$AC$2:$AC$5000))))>0), $F$1, "")} | V35: {=IFERROR(INDEX(IM!$AM$2:$AM$5000, MATCH(1, (IM!$F$2:$F$5000=A35) * (ISNUMBER(SEARCH($F$1, IM!$AC$2:$AC$5000))), 0)), "")} | W35: {=IF( SUMPRODUCT( (IM!$F$2:$F$5000=A35)* (ISNUMBER(SEARCH($I$1,IM!$AC$2:$AC$5000)))* (IM!$X$2:$X$5000>=$A$1)* (IM!$X$2:$X$5000<=$B$1) )>0, $I$1, "" )} | X35: {=IF(AND(SUMPRODUCT((IM!$F$2:$F$5000=A35)*(ISNUMBER(SEARCH($J$1, IM!$AC$2:$AC$5000))))>0), $J$1, "")} -> +EDC | Y35: =A35 -> D111 | Z35: =B35 -> 北縣府中店
A36: D174 | B36: =_xlfn.XLOOKUP(A36,'0919門市清單主檔'!B:B,'0919門市清單主檔'!C:C,"") -> 新莊裕民店 | C36: =_xlfn.XLOOKUP($A36,'0919門市清單主檔'!B:B,'0919門市清單主檔'!U:U,"") -> 新北市 | D36: =_xlfn.XLOOKUP($A36,'0919門市清單主檔'!B:B,'0919門市清單主檔'!V:V,"") -> 新莊區 | E36: =_xlfn.XLOOKUP(D36,門市狀態!G:G,門市狀態!H:H,"") -> 湯家瑋 | F36: =IFERROR(IF(VLOOKUP(A36,門市狀態!A:D,4,FALSE)=0,"",VLOOKUP(A36,門市狀態!A:D,4,FALSE)),"") | H36: =IF(I36>0,(TEXT(I36,"yyyymmdd")&$V$2&A36&$V$2&B36&$S$2),"") -> PMQ2-D174-新莊裕民店(定保) | I36: {=IF(AND(SUMPRODUCT((IM!$F$2:$F$5000=A36)*(ISNUMBER(SEARCH($C$1, IM!$AC$2:$AC$5000))))>0), $C$1, "")} -> PMQ2 | J36: {=IFERROR(INDEX(IM!$AM$2:$AM$5000, MATCH(1, (IM!$F$2:$F$5000=A36) * (ISNUMBER(SEARCH($C$1, IM!$AC$2:$AC$5000))), 0)), "")} -> 46120 | K36: {=SUMPRODUCT((IM!$F$2:$F$5000=A36)*(IM!$AD$2:$AD$5000="O")*(ISNUMBER(SEARCH($C$1, IM!$AC$2:$AC$5000))))} -> 1 | L36: {=IF(K36>0,IFERROR(HYPERLINK("#'IM'!AC"&MATCH(1,(IM!$F$1:$F$5000=A36)*(ISNUMBER(SEARCH($C$1,IM!$AC$1:$AC$5000))),0),"檢核"),"未登錄"),"")} -> 檢核 | M36: =Q36&S36&U36&W36&X36 -> +EDC | N36: {=IF(AND( SUMPRODUCT( (IM!$F$2:$F$522=A36) * ISNUMBER(SEARCH("*HUB*", IM!$AC$2:$AC$522)) * (IM!$X$2:$X$522>=$A$1) * (IM!$X$2:$X$522<=$B$1)*(W36="HUB") ) > 0 ), "HUB", "")} | O36: =IF( IFERROR(VLOOKUP(A36,門市主檔!A:I,9,FALSE),"")<>$C$1, "未完工", IF( AND($D$1="--",$E$1="--",$F$1="--"), "已完工", IF( OR( AND($D$1<>"--", IFERROR(VLOOKUP(A36,'0919門市清單主檔'!B:AH,31,FALSE),"")=$D$1, IFERROR(VLOOKUP(A36,門市主檔!A:Q,17,FALSE),"")<>$D$1), AND($E$1<>"--", IFERROR(VLOOKUP(A36,'0919門市清單主檔'!B:AH,32,FALSE),"")=$E$1, IFERROR(VLOOKUP(A36,門市主檔!A:S,19,FALSE),"")<>$E$1), AND($F$1<>"--", IFERROR(VLOOKUP(A36,'0919門市清單主檔'!B:AH,33,FALSE),"")=$F$1, IFERROR(VLOOKUP(A36,門市主檔!A:U,21,FALSE),"")<>$F$1), AND( IFERROR(VLOOKUP(A36,'0919門市清單主檔'!B:AC,28,FALSE),"")="+HUB", IFERROR(VLOOKUP(A36,門市主檔!A:X,23,FALSE),"")<>"+HUB" ), AND( IFERROR(VLOOKUP(A36,'0919門市清單主檔'!B:AD,29,FALSE),"")="+EDC", IFERROR(VLOOKUP(A36,門市主檔!A:X,24,FALSE),"")<>"+EDC" ) ), _xlfn.TEXTJOIN( "，", TRUE, IF(AND($D$1<>"--", IFERROR(VLOOKUP(A36,'0919門市清單主檔'!B:AH,31,FALSE),"")=$D$1, IFERROR(VLOOKUP(A36,門市主檔!A:Q,17,FALSE),"")<>$D$1), $D$1, ""), IF(AND($E$1<>"--", IFERROR(VLOOKUP(A36,'0919門市清單主檔'!B:AH,32,FALSE),"")=$E$1, IFERROR(VLOOKUP(A36,門市主檔!A:S,19,FALSE),"")<>$E$1), $E$1, ""), IF(AND($F$1<>"--", IFERROR(VLOOKUP(A36,'0919門市清單主檔'!B:AH,33,FALSE),"")=$F$1, IFERROR(VLOOKUP(A36,門市主檔!A:U,21,FALSE),"")<>$F$1), $F$1, ""), IF(AND(IFERROR(VLOOKUP(A36,'0919門市清單主檔'!B:AC,28,FALSE),"")="+HUB", IFERROR(VLOOKUP(A36,門市主檔!A:X,23,FALSE),"")<>"+HUB"), "+HUB", ""), IF(AND(IFERROR(VLOOKUP(A36,'0919門市清單主檔'!B:AD,29,FALSE),"")="+EDC", IFERROR(VLOOKUP(A36,門市主檔!A:X,24,FALSE),"")<>"+EDC"), "+EDC", "") ) & "未完工", "已完工" ) ) ) -> 已完工 | P36: =(TEXT(I36,"yyyymmdd"))&$V$2&A36&$V$2&B36&$S$2 -> PMQ2-D174-新莊裕民店(定保) | Q36: {=IF(AND(SUMPRODUCT((IM!$F$2:$F$5000=A36)*(ISNUMBER(SEARCH($D$1, IM!$AC$2:$AC$5000))))>0), $D$1, "")} | R36: {=IFERROR(INDEX(IM!$AM$2:$AM$5000, MATCH(1, (IM!$F$2:$F$5000=A36) * (ISNUMBER(SEARCH($D$1, IM!$AC$2:$AC$5000))), 0)), "")} | S36: {=IF(AND(SUMPRODUCT((IM!$F$2:$F$5000=A36)*(ISNUMBER(SEARCH($E$1, IM!$AC$2:$AC$5000))))>0), $E$1, "")} | T36: {=IFERROR(INDEX(IM!$AM$2:$AM$5000, MATCH(1, (IM!$F$2:$F$5000=A36) * (ISNUMBER(SEARCH($E$1, IM!$AC$2:$AC$5000))), 0)), "")} | U36: {=IF(AND(SUMPRODUCT((IM!$F$2:$F$5000=A36)*(ISNUMBER(SEARCH($F$1, IM!$AC$2:$AC$5000))))>0), $F$1, "")} | V36: {=IFERROR(INDEX(IM!$AM$2:$AM$5000, MATCH(1, (IM!$F$2:$F$5000=A36) * (ISNUMBER(SEARCH($F$1, IM!$AC$2:$AC$5000))), 0)), "")} | W36: {=IF( SUMPRODUCT( (IM!$F$2:$F$5000=A36)* (ISNUMBER(SEARCH($I$1,IM!$AC$2:$AC$5000)))* (IM!$X$2:$X$5000>=$A$1)* (IM!$X$2:$X$5000<=$B$1) )>0, $I$1, "" )} | X36: {=IF(AND(SUMPRODUCT((IM!$F$2:$F$5000=A36)*(ISNUMBER(SEARCH($J$1, IM!$AC$2:$AC$5000))))>0), $J$1, "")} -> +EDC | Y36: =A36 -> D174 | Z36: =B36 -> 新莊裕民店
A37: 4153 | B37: =_xlfn.XLOOKUP(A37,'0919門市清單主檔'!B:B,'0919門市清單主檔'!C:C,"") -> 淡水莊園店 | C37: =_xlfn.XLOOKUP($A37,'0919門市清單主檔'!B:B,'0919門市清單主檔'!U:U,"") -> 新北市 | D37: =_xlfn.XLOOKUP($A37,'0919門市清單主檔'!B:B,'0919門市清單主檔'!V:V,"") -> 淡水區 | E37: =_xlfn.XLOOKUP(D37,門市狀態!G:G,門市狀態!H:H,"") -> 吳宗鴻 | F37: =IFERROR(IF(VLOOKUP(A37,門市狀態!A:D,4,FALSE)=0,"",VLOOKUP(A37,門市狀態!A:D,4,FALSE)),"") | H37: =IF(I37>0,(TEXT(I37,"yyyymmdd")&$V$2&A37&$V$2&B37&$S$2),"") -> PMQ2-4153-淡水莊園店(定保) | I37: {=IF(AND(SUMPRODUCT((IM!$F$2:$F$5000=A37)*(ISNUMBER(SEARCH($C$1, IM!$AC$2:$AC$5000))))>0), $C$1, "")} -> PMQ2 | J37: {=IFERROR(INDEX(IM!$AM$2:$AM$5000, MATCH(1, (IM!$F$2:$F$5000=A37) * (ISNUMBER(SEARCH($C$1, IM!$AC$2:$AC$5000))), 0)), "")} -> 46120 | K37: {=SUMPRODUCT((IM!$F$2:$F$5000=A37)*(IM!$AD$2:$AD$5000="O")*(ISNUMBER(SEARCH($C$1, IM!$AC$2:$AC$5000))))} -> 1 | L37: {=IF(K37>0,IFERROR(HYPERLINK("#'IM'!AC"&MATCH(1,(IM!$F$1:$F$5000=A37)*(ISNUMBER(SEARCH($C$1,IM!$AC$1:$AC$5000))),0),"檢核"),"未登錄"),"")} -> 檢核 | M37: =Q37&S37&U37&W37&X37 -> +EDC | N37: {=IF(AND( SUMPRODUCT( (IM!$F$2:$F$522=A37) * ISNUMBER(SEARCH("*HUB*", IM!$AC$2:$AC$522)) * (IM!$X$2:$X$522>=$A$1) * (IM!$X$2:$X$522<=$B$1)*(W37="HUB") ) > 0 ), "HUB", "")} | O37: =IF( IFERROR(VLOOKUP(A37,門市主檔!A:I,9,FALSE),"")<>$C$1, "未完工", IF( AND($D$1="--",$E$1="--",$F$1="--"), "已完工", IF( OR( AND($D$1<>"--", IFERROR(VLOOKUP(A37,'0919門市清單主檔'!B:AH,31,FALSE),"")=$D$1, IFERROR(VLOOKUP(A37,門市主檔!A:Q,17,FALSE),"")<>$D$1), AND($E$1<>"--", IFERROR(VLOOKUP(A37,'0919門市清單主檔'!B:AH,32,FALSE),"")=$E$1, IFERROR(VLOOKUP(A37,門市主檔!A:S,19,FALSE),"")<>$E$1), AND($F$1<>"--", IFERROR(VLOOKUP(A37,'0919門市清單主檔'!B:AH,33,FALSE),"")=$F$1, IFERROR(VLOOKUP(A37,門市主檔!A:U,21,FALSE),"")<>$F$1), AND( IFERROR(VLOOKUP(A37,'0919門市清單主檔'!B:AC,28,FALSE),"")="+HUB", IFERROR(VLOOKUP(A37,門市主檔!A:X,23,FALSE),"")<>"+HUB" ), AND( IFERROR(VLOOKUP(A37,'0919門市清單主檔'!B:AD,29,FALSE),"")="+EDC", IFERROR(VLOOKUP(A37,門市主檔!A:X,24,FALSE),"")<>"+EDC" ) ), _xlfn.TEXTJOIN( "，", TRUE, IF(AND($D$1<>"--", IFERROR(VLOOKUP(A37,'0919門市清單主檔'!B:AH,31,FALSE),"")=$D$1, IFERROR(VLOOKUP(A37,門市主檔!A:Q,17,FALSE),"")<>$D$1), $D$1, ""), IF(AND($E$1<>"--", IFERROR(VLOOKUP(A37,'0919門市清單主檔'!B:AH,32,FALSE),"")=$E$1, IFERROR(VLOOKUP(A37,門市主檔!A:S,19,FALSE),"")<>$E$1), $E$1, ""), IF(AND($F$1<>"--", IFERROR(VLOOKUP(A37,'0919門市清單主檔'!B:AH,33,FALSE),"")=$F$1, IFERROR(VLOOKUP(A37,門市主檔!A:U,21,FALSE),"")<>$F$1), $F$1, ""), IF(AND(IFERROR(VLOOKUP(A37,'0919門市清單主檔'!B:AC,28,FALSE),"")="+HUB", IFERROR(VLOOKUP(A37,門市主檔!A:X,23,FALSE),"")<>"+HUB"), "+HUB", ""), IF(AND(IFERROR(VLOOKUP(A37,'0919門市清單主檔'!B:AD,29,FALSE),"")="+EDC", IFERROR(VLOOKUP(A37,門市主檔!A:X,24,FALSE),"")<>"+EDC"), "+EDC", "") ) & "未完工", "已完工" ) ) ) -> 已完工 | P37: =(TEXT(I37,"yyyymmdd"))&$V$2&A37&$V$2&B37&$S$2 -> PMQ2-4153-淡水莊園店(定保) | Q37: {=IF(AND(SUMPRODUCT((IM!$F$2:$F$5000=A37)*(ISNUMBER(SEARCH($D$1, IM!$AC$2:$AC$5000))))>0), $D$1, "")} | R37: {=IFERROR(INDEX(IM!$AM$2:$AM$5000, MATCH(1, (IM!$F$2:$F$5000=A37) * (ISNUMBER(SEARCH($D$1, IM!$AC$2:$AC$5000))), 0)), "")} | S37: {=IF(AND(SUMPRODUCT((IM!$F$2:$F$5000=A37)*(ISNUMBER(SEARCH($E$1, IM!$AC$2:$AC$5000))))>0), $E$1, "")} | T37: {=IFERROR(INDEX(IM!$AM$2:$AM$5000, MATCH(1, (IM!$F$2:$F$5000=A37) * (ISNUMBER(SEARCH($E$1, IM!$AC$2:$AC$5000))), 0)), "")} | U37: {=IF(AND(SUMPRODUCT((IM!$F$2:$F$5000=A37)*(ISNUMBER(SEARCH($F$1, IM!$AC$2:$AC$5000))))>0), $F$1, "")} | V37: {=IFERROR(INDEX(IM!$AM$2:$AM$5000, MATCH(1, (IM!$F$2:$F$5000=A37) * (ISNUMBER(SEARCH($F$1, IM!$AC$2:$AC$5000))), 0)), "")} | W37: {=IF( SUMPRODUCT( (IM!$F$2:$F$5000=A37)* (ISNUMBER(SEARCH($I$1,IM!$AC$2:$AC$5000)))* (IM!$X$2:$X$5000>=$A$1)* (IM!$X$2:$X$5000<=$B$1) )>0, $I$1, "" )} | X37: {=IF(AND(SUMPRODUCT((IM!$F$2:$F$5000=A37)*(ISNUMBER(SEARCH($J$1, IM!$AC$2:$AC$5000))))>0), $J$1, "")} -> +EDC | Y37: =A37 -> 4153 | Z37: =B37 -> 淡水莊園店
A38: 2398 | B38: =_xlfn.XLOOKUP(A38,'0919門市清單主檔'!B:B,'0919門市清單主檔'!C:C,"") -> 中和泰和店 | C38: =_xlfn.XLOOKUP($A38,'0919門市清單主檔'!B:B,'0919門市清單主檔'!U:U,"") -> 新北市 | D38: =_xlfn.XLOOKUP($A38,'0919門市清單主檔'!B:B,'0919門市清單主檔'!V:V,"") -> 中和區 | E38: =_xlfn.XLOOKUP(D38,門市狀態!G:G,門市狀態!H:H,"") -> 劉柏均 | F38: =IFERROR(IF(VLOOKUP(A38,門市狀態!A:D,4,FALSE)=0,"",VLOOKUP(A38,門市狀態!A:D,4,FALSE)),"") | H38: =IF(I38>0,(TEXT(I38,"yyyymmdd")&$V$2&A38&$V$2&B38&$S$2),"") -> PMQ2-2398-中和泰和店(定保) | I38: {=IF(AND(SUMPRODUCT((IM!$F$2:$F$5000=A38)*(ISNUMBER(SEARCH($C$1, IM!$AC$2:$AC$5000))))>0), $C$1, "")} -> PMQ2 | J38: {=IFERROR(INDEX(IM!$AM$2:$AM$5000, MATCH(1, (IM!$F$2:$F$5000=A38) * (ISNUMBER(SEARCH($C$1, IM!$AC$2:$AC$5000))), 0)), "")} -> 46120 | K38: {=SUMPRODUCT((IM!$F$2:$F$5000=A38)*(IM!$AD$2:$AD$5000="O")*(ISNUMBER(SEARCH($C$1, IM!$AC$2:$AC$5000))))} -> 1 | L38: {=IF(K38>0,IFERROR(HYPERLINK("#'IM'!AC"&MATCH(1,(IM!$F$1:$F$5000=A38)*(ISNUMBER(SEARCH($C$1,IM!$AC$1:$AC$5000))),0),"檢核"),"未登錄"),"")} -> 檢核 | M38: =Q38&S38&U38&W38&X38 -> +EDC | N38: {=IF(AND( SUMPRODUCT( (IM!$F$2:$F$522=A38) * ISNUMBER(SEARCH("*HUB*", IM!$AC$2:$AC$522)) * (IM!$X$2:$X$522>=$A$1) * (IM!$X$2:$X$522<=$B$1)*(W38="HUB") ) > 0 ), "HUB", "")} | O38: =IF( IFERROR(VLOOKUP(A38,門市主檔!A:I,9,FALSE),"")<>$C$1, "未完工", IF( AND($D$1="--",$E$1="--",$F$1="--"), "已完工", IF( OR( AND($D$1<>"--", IFERROR(VLOOKUP(A38,'0919門市清單主檔'!B:AH,31,FALSE),"")=$D$1, IFERROR(VLOOKUP(A38,門市主檔!A:Q,17,FALSE),"")<>$D$1), AND($E$1<>"--", IFERROR(VLOOKUP(A38,'0919門市清單主檔'!B:AH,32,FALSE),"")=$E$1, IFERROR(VLOOKUP(A38,門市主檔!A:S,19,FALSE),"")<>$E$1), AND($F$1<>"--", IFERROR(VLOOKUP(A38,'0919門市清單主檔'!B:AH,33,FALSE),"")=$F$1, IFERROR(VLOOKUP(A38,門市主檔!A:U,21,FALSE),"")<>$F$1), AND( IFERROR(VLOOKUP(A38,'0919門市清單主檔'!B:AC,28,FALSE),"")="+HUB", IFERROR(VLOOKUP(A38,門市主檔!A:X,23,FALSE),"")<>"+HUB" ), AND( IFERROR(VLOOKUP(A38,'0919門市清單主檔'!B:AD,29,FALSE),"")="+EDC", IFERROR(VLOOKUP(A38,門市主檔!A:X,24,FALSE),"")<>"+EDC" ) ), _xlfn.TEXTJOIN( "，", TRUE, IF(AND($D$1<>"--", IFERROR(VLOOKUP(A38,'0919門市清單主檔'!B:AH,31,FALSE),"")=$D$1, IFERROR(VLOOKUP(A38,門市主檔!A:Q,17,FALSE),"")<>$D$1), $D$1, ""), IF(AND($E$1<>"--", IFERROR(VLOOKUP(A38,'0919門市清單主檔'!B:AH,32,FALSE),"")=$E$1, IFERROR(VLOOKUP(A38,門市主檔!A:S,19,FALSE),"")<>$E$1), $E$1, ""), IF(AND($F$1<>"--", IFERROR(VLOOKUP(A38,'0919門市清單主檔'!B:AH,33,FALSE),"")=$F$1, IFERROR(VLOOKUP(A38,門市主檔!A:U,21,FALSE),"")<>$F$1), $F$1, ""), IF(AND(IFERROR(VLOOKUP(A38,'0919門市清單主檔'!B:AC,28,FALSE),"")="+HUB", IFERROR(VLOOKUP(A38,門市主檔!A:X,23,FALSE),"")<>"+HUB"), "+HUB", ""), IF(AND(IFERROR(VLOOKUP(A38,'0919門市清單主檔'!B:AD,29,FALSE),"")="+EDC", IFERROR(VLOOKUP(A38,門市主檔!A:X,24,FALSE),"")<>"+EDC"), "+EDC", "") ) & "未完工", "已完工" ) ) ) -> 已完工 | P38: =(TEXT(I38,"yyyymmdd"))&$V$2&A38&$V$2&B38&$S$2 -> PMQ2-2398-中和泰和店(定保) | Q38: {=IF(AND(SUMPRODUCT((IM!$F$2:$F$5000=A38)*(ISNUMBER(SEARCH($D$1, IM!$AC$2:$AC$5000))))>0), $D$1, "")} | R38: {=IFERROR(INDEX(IM!$AM$2:$AM$5000, MATCH(1, (IM!$F$2:$F$5000=A38) * (ISNUMBER(SEARCH($D$1, IM!$AC$2:$AC$5000))), 0)), "")} | S38: {=IF(AND(SUMPRODUCT((IM!$F$2:$F$5000=A38)*(ISNUMBER(SEARCH($E$1, IM!$AC$2:$AC$5000))))>0), $E$1, "")} | T38: {=IFERROR(INDEX(IM!$AM$2:$AM$5000, MATCH(1, (IM!$F$2:$F$5000=A38) * (ISNUMBER(SEARCH($E$1, IM!$AC$2:$AC$5000))), 0)), "")} | U38: {=IF(AND(SUMPRODUCT((IM!$F$2:$F$5000=A38)*(ISNUMBER(SEARCH($F$1, IM!$AC$2:$AC$5000))))>0), $F$1, "")} | V38: {=IFERROR(INDEX(IM!$AM$2:$AM$5000, MATCH(1, (IM!$F$2:$F$5000=A38) * (ISNUMBER(SEARCH($F$1, IM!$AC$2:$AC$5000))), 0)), "")} | W38: {=IF( SUMPRODUCT( (IM!$F$2:$F$5000=A38)* (ISNUMBER(SEARCH($I$1,IM!$AC$2:$AC$5000)))* (IM!$X$2:$X$5000>=$A$1)* (IM!$X$2:$X$5000<=$B$1) )>0, $I$1, "" )} | X38: {=IF(AND(SUMPRODUCT((IM!$F$2:$F$5000=A38)*(ISNUMBER(SEARCH($J$1, IM!$AC$2:$AC$5000))))>0), $J$1, "")} -> +EDC | Y38: =A38 -> 2398 | Z38: =B38 -> 中和泰和店 | AA38: L90未執行
A39: 4802 | B39: =_xlfn.XLOOKUP(A39,'0919門市清單主檔'!B:B,'0919門市清單主檔'!C:C,"") -> 淡水沙崙店 | C39: =_xlfn.XLOOKUP($A39,'0919門市清單主檔'!B:B,'0919門市清單主檔'!U:U,"") -> 新北市 | D39: =_xlfn.XLOOKUP($A39,'0919門市清單主檔'!B:B,'0919門市清單主檔'!V:V,"") -> 淡水區 | E39: =_xlfn.XLOOKUP(D39,門市狀態!G:G,門市狀態!H:H,"") -> 吳宗鴻 | F39: =IFERROR(IF(VLOOKUP(A39,門市狀態!A:D,4,FALSE)=0,"",VLOOKUP(A39,門市狀態!A:D,4,FALSE)),"") | H39: =IF(I39>0,(TEXT(I39,"yyyymmdd")&$V$2&A39&$V$2&B39&$S$2),"") -> PMQ2-4802-淡水沙崙店(定保) | I39: {=IF(AND(SUMPRODUCT((IM!$F$2:$F$5000=A39)*(ISNUMBER(SEARCH($C$1, IM!$AC$2:$AC$5000))))>0), $C$1, "")} -> PMQ2 | J39: {=IFERROR(INDEX(IM!$AM$2:$AM$5000, MATCH(1, (IM!$F$2:$F$5000=A39) * (ISNUMBER(SEARCH($C$1, IM!$AC$2:$AC$5000))), 0)), "")} -> 46120 | K39: {=SUMPRODUCT((IM!$F$2:$F$5000=A39)*(IM!$AD$2:$AD$5000="O")*(ISNUMBER(SEARCH($C$1, IM!$AC$2:$AC$5000))))} -> 1 | L39: {=IF(K39>0,IFERROR(HYPERLINK("#'IM'!AC"&MATCH(1,(IM!$F$1:$F$5000=A39)*(ISNUMBER(SEARCH($C$1,IM!$AC$1:$AC$5000))),0),"檢核"),"未登錄"),"")} -> 檢核 | M39: =Q39&S39&U39&W39&X39 -> +EDC | N39: {=IF(AND( SUMPRODUCT( (IM!$F$2:$F$522=A39) * ISNUMBER(SEARCH("*HUB*", IM!$AC$2:$AC$522)) * (IM!$X$2:$X$522>=$A$1) * (IM!$X$2:$X$522<=$B$1)*(W39="HUB") ) > 0 ), "HUB", "")} | O39: =IF( IFERROR(VLOOKUP(A39,門市主檔!A:I,9,FALSE),"")<>$C$1, "未完工", IF( AND($D$1="--",$E$1="--",$F$1="--"), "已完工", IF( OR( AND($D$1<>"--", IFERROR(VLOOKUP(A39,'0919門市清單主檔'!B:AH,31,FALSE),"")=$D$1, IFERROR(VLOOKUP(A39,門市主檔!A:Q,17,FALSE),"")<>$D$1), AND($E$1<>"--", IFERROR(VLOOKUP(A39,'0919門市清單主檔'!B:AH,32,FALSE),"")=$E$1, IFERROR(VLOOKUP(A39,門市主檔!A:S,19,FALSE),"")<>$E$1), AND($F$1<>"--", IFERROR(VLOOKUP(A39,'0919門市清單主檔'!B:AH,33,FALSE),"")=$F$1, IFERROR(VLOOKUP(A39,門市主檔!A:U,21,FALSE),"")<>$F$1), AND( IFERROR(VLOOKUP(A39,'0919門市清單主檔'!B:AC,28,FALSE),"")="+HUB", IFERROR(VLOOKUP(A39,門市主檔!A:X,23,FALSE),"")<>"+HUB" ), AND( IFERROR(VLOOKUP(A39,'0919門市清單主檔'!B:AD,29,FALSE),"")="+EDC", IFERROR(VLOOKUP(A39,門市主檔!A:X,24,FALSE),"")<>"+EDC" ) ), _xlfn.TEXTJOIN( "，", TRUE, IF(AND($D$1<>"--", IFERROR(VLOOKUP(A39,'0919門市清單主檔'!B:AH,31,FALSE),"")=$D$1, IFERROR(VLOOKUP(A39,門市主檔!A:Q,17,FALSE),"")<>$D$1), $D$1, ""), IF(AND($E$1<>"--", IFERROR(VLOOKUP(A39,'0919門市清單主檔'!B:AH,32,FALSE),"")=$E$1, IFERROR(VLOOKUP(A39,門市主檔!A:S,19,FALSE),"")<>$E$1), $E$1, ""), IF(AND($F$1<>"--", IFERROR(VLOOKUP(A39,'0919門市清單主檔'!B:AH,33,FALSE),"")=$F$1, IFERROR(VLOOKUP(A39,門市主檔!A:U,21,FALSE),"")<>$F$1), $F$1, ""), IF(AND(IFERROR(VLOOKUP(A39,'0919門市清單主檔'!B:AC,28,FALSE),"")="+HUB", IFERROR(VLOOKUP(A39,門市主檔!A:X,23,FALSE),"")<>"+HUB"), "+HUB", ""), IF(AND(IFERROR(VLOOKUP(A39,'0919門市清單主檔'!B:AD,29,FALSE),"")="+EDC", IFERROR(VLOOKUP(A39,門市主檔!A:X,24,FALSE),"")<>"+EDC"), "+EDC", "") ) & "未完工", "已完工" ) ) ) -> 已完工 | P39: =(TEXT(I39,"yyyymmdd"))&$V$2&A39&$V$2&B39&$S$2 -> PMQ2-4802-淡水沙崙店(定保) | Q39: {=IF(AND(SUMPRODUCT((IM!$F$2:$F$5000=A39)*(ISNUMBER(SEARCH($D$1, IM!$AC$2:$AC$5000))))>0), $D$1, "")} | R39: {=IFERROR(INDEX(IM!$AM$2:$AM$5000, MATCH(1, (IM!$F$2:$F$5000=A39) * (ISNUMBER(SEARCH($D$1, IM!$AC$2:$AC$5000))), 0)), "")} | S39: {=IF(AND(SUMPRODUCT((IM!$F$2:$F$5000=A39)*(ISNUMBER(SEARCH($E$1, IM!$AC$2:$AC$5000))))>0), $E$1, "")} | T39: {=IFERROR(INDEX(IM!$AM$2:$AM$5000, MATCH(1, (IM!$F$2:$F$5000=A39) * (ISNUMBER(SEARCH($E$1, IM!$AC$2:$AC$5000))), 0)), "")} | U39: {=IF(AND(SUMPRODUCT((IM!$F$2:$F$5000=A39)*(ISNUMBER(SEARCH($F$1, IM!$AC$2:$AC$5000))))>0), $F$1, "")} | V39: {=IFERROR(INDEX(IM!$AM$2:$AM$5000, MATCH(1, (IM!$F$2:$F$5000=A39) * (ISNUMBER(SEARCH($F$1, IM!$AC$2:$AC$5000))), 0)), "")} | W39: {=IF( SUMPRODUCT( (IM!$F$2:$F$5000=A39)* (ISNUMBER(SEARCH($I$1,IM!$AC$2:$AC$5000)))* (IM!$X$2:$X$5000>=$A$1)* (IM!$X$2:$X$5000<=$B$1) )>0, $I$1, "" )} | X39: {=IF(AND(SUMPRODUCT((IM!$F$2:$F$5000=A39)*(ISNUMBER(SEARCH($J$1, IM!$AC$2:$AC$5000))))>0), $J$1, "")} -> +EDC | Y39: =A39 -> 4802 | Z39: =B39 -> 淡水沙崙店
A40: 4093 | B40: =_xlfn.XLOOKUP(A40,'0919門市清單主檔'!B:B,'0919門市清單主檔'!C:C,"") -> 淡水新市一 | C40: =_xlfn.XLOOKUP($A40,'0919門市清單主檔'!B:B,'0919門市清單主檔'!U:U,"") -> 新北市 | D40: =_xlfn.XLOOKUP($A40,'0919門市清單主檔'!B:B,'0919門市清單主檔'!V:V,"") -> 淡水區 | E40: =_xlfn.XLOOKUP(D40,門市狀態!G:G,門市狀態!H:H,"") -> 吳宗鴻 | F40: =IFERROR(IF(VLOOKUP(A40,門市狀態!A:D,4,FALSE)=0,"",VLOOKUP(A40,門市狀態!A:D,4,FALSE)),"") | H40: =IF(I40>0,(TEXT(I40,"yyyymmdd")&$V$2&A40&$V$2&B40&$S$2),"") -> PMQ2-4093-淡水新市一(定保) | I40: {=IF(AND(SUMPRODUCT((IM!$F$2:$F$5000=A40)*(ISNUMBER(SEARCH($C$1, IM!$AC$2:$AC$5000))))>0), $C$1, "")} -> PMQ2 | J40: {=IFERROR(INDEX(IM!$AM$2:$AM$5000, MATCH(1, (IM!$F$2:$F$5000=A40) * (ISNUMBER(SEARCH($C$1, IM!$AC$2:$AC$5000))), 0)), "")} -> 46120 | K40: {=SUMPRODUCT((IM!$F$2:$F$5000=A40)*(IM!$AD$2:$AD$5000="O")*(ISNUMBER(SEARCH($C$1, IM!$AC$2:$AC$5000))))} -> 1 | L40: {=IF(K40>0,IFERROR(HYPERLINK("#'IM'!AC"&MATCH(1,(IM!$F$1:$F$5000=A40)*(ISNUMBER(SEARCH($C$1,IM!$AC$1:$AC$5000))),0),"檢核"),"未登錄"),"")} -> 檢核 | M40: =Q40&S40&U40&W40&X40 -> +EDC | N40: {=IF(AND( SUMPRODUCT( (IM!$F$2:$F$522=A40) * ISNUMBER(SEARCH("*HUB*", IM!$AC$2:$AC$522)) * (IM!$X$2:$X$522>=$A$1) * (IM!$X$2:$X$522<=$B$1)*(W40="HUB") ) > 0 ), "HUB", "")} | O40: =IF( IFERROR(VLOOKUP(A40,門市主檔!A:I,9,FALSE),"")<>$C$1, "未完工", IF( AND($D$1="--",$E$1="--",$F$1="--"), "已完工", IF( OR( AND($D$1<>"--", IFERROR(VLOOKUP(A40,'0919門市清單主檔'!B:AH,31,FALSE),"")=$D$1, IFERROR(VLOOKUP(A40,門市主檔!A:Q,17,FALSE),"")<>$D$1), AND($E$1<>"--", IFERROR(VLOOKUP(A40,'0919門市清單主檔'!B:AH,32,FALSE),"")=$E$1, IFERROR(VLOOKUP(A40,門市主檔!A:S,19,FALSE),"")<>$E$1), AND($F$1<>"--", IFERROR(VLOOKUP(A40,'0919門市清單主檔'!B:AH,33,FALSE),"")=$F$1, IFERROR(VLOOKUP(A40,門市主檔!A:U,21,FALSE),"")<>$F$1), AND( IFERROR(VLOOKUP(A40,'0919門市清單主檔'!B:AC,28,FALSE),"")="+HUB", IFERROR(VLOOKUP(A40,門市主檔!A:X,23,FALSE),"")<>"+HUB" ), AND( IFERROR(VLOOKUP(A40,'0919門市清單主檔'!B:AD,29,FALSE),"")="+EDC", IFERROR(VLOOKUP(A40,門市主檔!A:X,24,FALSE),"")<>"+EDC" ) ), _xlfn.TEXTJOIN( "，", TRUE, IF(AND($D$1<>"--", IFERROR(VLOOKUP(A40,'0919門市清單主檔'!B:AH,31,FALSE),"")=$D$1, IFERROR(VLOOKUP(A40,門市主檔!A:Q,17,FALSE),"")<>$D$1), $D$1, ""), IF(AND($E$1<>"--", IFERROR(VLOOKUP(A40,'0919門市清單主檔'!B:AH,32,FALSE),"")=$E$1, IFERROR(VLOOKUP(A40,門市主檔!A:S,19,FALSE),"")<>$E$1), $E$1, ""), IF(AND($F$1<>"--", IFERROR(VLOOKUP(A40,'0919門市清單主檔'!B:AH,33,FALSE),"")=$F$1, IFERROR(VLOOKUP(A40,門市主檔!A:U,21,FALSE),"")<>$F$1), $F$1, ""), IF(AND(IFERROR(VLOOKUP(A40,'0919門市清單主檔'!B:AC,28,FALSE),"")="+HUB", IFERROR(VLOOKUP(A40,門市主檔!A:X,23,FALSE),"")<>"+HUB"), "+HUB", ""), IF(AND(IFERROR(VLOOKUP(A40,'0919門市清單主檔'!B:AD,29,FALSE),"")="+EDC", IFERROR(VLOOKUP(A40,門市主檔!A:X,24,FALSE),"")<>"+EDC"), "+EDC", "") ) & "未完工", "已完工" ) ) ) -> 已完工 | P40: =(TEXT(I40,"yyyymmdd"))&$V$2&A40&$V$2&B40&$S$2 -> PMQ2-4093-淡水新市一(定保) | Q40: {=IF(AND(SUMPRODUCT((IM!$F$2:$F$5000=A40)*(ISNUMBER(SEARCH($D$1, IM!$AC$2:$AC$5000))))>0), $D$1, "")} | R40: {=IFERROR(INDEX(IM!$AM$2:$AM$5000, MATCH(1, (IM!$F$2:$F$5000=A40) * (ISNUMBER(SEARCH($D$1, IM!$AC$2:$AC$5000))), 0)), "")} | S40: {=IF(AND(SUMPRODUCT((IM!$F$2:$F$5000=A40)*(ISNUMBER(SEARCH($E$1, IM!$AC$2:$AC$5000))))>0), $E$1, "")} | T40: {=IFERROR(INDEX(IM!$AM$2:$AM$5000, MATCH(1, (IM!$F$2:$F$5000=A40) * (ISNUMBER(SEARCH($E$1, IM!$AC$2:$AC$5000))), 0)), "")} | U40: {=IF(AND(SUMPRODUCT((IM!$F$2:$F$5000=A40)*(ISNUMBER(SEARCH($F$1, IM!$AC$2:$AC$5000))))>0), $F$1, "")} | V40: {=IFERROR(INDEX(IM!$AM$2:$AM$5000, MATCH(1, (IM!$F$2:$F$5000=A40) * (ISNUMBER(SEARCH($F$1, IM!$AC$2:$AC$5000))), 0)), "")} | W40: {=IF( SUMPRODUCT( (IM!$F$2:$F$5000=A40)* (ISNUMBER(SEARCH($I$1,IM!$AC$2:$AC$5000)))* (IM!$X$2:$X$5000>=$A$1)* (IM!$X$2:$X$5000<=$B$1) )>0, $I$1, "" )} | X40: {=IF(AND(SUMPRODUCT((IM!$F$2:$F$5000=A40)*(ISNUMBER(SEARCH($J$1, IM!$AC$2:$AC$5000))))>0), $J$1, "")} -> +EDC | Y40: =A40 -> 4093 | Z40: =B40 -> 淡水新市一
A41: 4788 | B41: =_xlfn.XLOOKUP(A41,'0919門市清單主檔'!B:B,'0919門市清單主檔'!C:C,"") -> 淡水國家店 | C41: =_xlfn.XLOOKUP($A41,'0919門市清單主檔'!B:B,'0919門市清單主檔'!U:U,"") -> 新北市 | D41: =_xlfn.XLOOKUP($A41,'0919門市清單主檔'!B:B,'0919門市清單主檔'!V:V,"") -> 淡水區 | E41: =_xlfn.XLOOKUP(D41,門市狀態!G:G,門市狀態!H:H,"") -> 吳宗鴻 | F41: =IFERROR(IF(VLOOKUP(A41,門市狀態!A:D,4,FALSE)=0,"",VLOOKUP(A41,門市狀態!A:D,4,FALSE)),"") | H41: =IF(I41>0,(TEXT(I41,"yyyymmdd")&$V$2&A41&$V$2&B41&$S$2),"") -> PMQ2-4788-淡水國家店(定保) | I41: {=IF(AND(SUMPRODUCT((IM!$F$2:$F$5000=A41)*(ISNUMBER(SEARCH($C$1, IM!$AC$2:$AC$5000))))>0), $C$1, "")} -> PMQ2 | J41: {=IFERROR(INDEX(IM!$AM$2:$AM$5000, MATCH(1, (IM!$F$2:$F$5000=A41) * (ISNUMBER(SEARCH($C$1, IM!$AC$2:$AC$5000))), 0)), "")} -> 46120 | K41: {=SUMPRODUCT((IM!$F$2:$F$5000=A41)*(IM!$AD$2:$AD$5000="O")*(ISNUMBER(SEARCH($C$1, IM!$AC$2:$AC$5000))))} -> 1 | L41: {=IF(K41>0,IFERROR(HYPERLINK("#'IM'!AC"&MATCH(1,(IM!$F$1:$F$5000=A41)*(ISNUMBER(SEARCH($C$1,IM!$AC$1:$AC$5000))),0),"檢核"),"未登錄"),"")} -> 檢核 | M41: =Q41&S41&U41&W41&X41 -> +EDC | N41: {=IF(AND( SUMPRODUCT( (IM!$F$2:$F$522=A41) * ISNUMBER(SEARCH("*HUB*", IM!$AC$2:$AC$522)) * (IM!$X$2:$X$522>=$A$1) * (IM!$X$2:$X$522<=$B$1)*(W41="HUB") ) > 0 ), "HUB", "")} | O41: =IF( IFERROR(VLOOKUP(A41,門市主檔!A:I,9,FALSE),"")<>$C$1, "未完工", IF( AND($D$1="--",$E$1="--",$F$1="--"), "已完工", IF( OR( AND($D$1<>"--", IFERROR(VLOOKUP(A41,'0919門市清單主檔'!B:AH,31,FALSE),"")=$D$1, IFERROR(VLOOKUP(A41,門市主檔!A:Q,17,FALSE),"")<>$D$1), AND($E$1<>"--", IFERROR(VLOOKUP(A41,'0919門市清單主檔'!B:AH,32,FALSE),"")=$E$1, IFERROR(VLOOKUP(A41,門市主檔!A:S,19,FALSE),"")<>$E$1), AND($F$1<>"--", IFERROR(VLOOKUP(A41,'0919門市清單主檔'!B:AH,33,FALSE),"")=$F$1, IFERROR(VLOOKUP(A41,門市主檔!A:U,21,FALSE),"")<>$F$1), AND( IFERROR(VLOOKUP(A41,'0919門市清單主檔'!B:AC,28,FALSE),"")="+HUB", IFERROR(VLOOKUP(A41,門市主檔!A:X,23,FALSE),"")<>"+HUB" ), AND( IFERROR(VLOOKUP(A41,'0919門市清單主檔'!B:AD,29,FALSE),"")="+EDC", IFERROR(VLOOKUP(A41,門市主檔!A:X,24,FALSE),"")<>"+EDC" ) ), _xlfn.TEXTJOIN( "，", TRUE, IF(AND($D$1<>"--", IFERROR(VLOOKUP(A41,'0919門市清單主檔'!B:AH,31,FALSE),"")=$D$1, IFERROR(VLOOKUP(A41,門市主檔!A:Q,17,FALSE),"")<>$D$1), $D$1, ""), IF(AND($E$1<>"--", IFERROR(VLOOKUP(A41,'0919門市清單主檔'!B:AH,32,FALSE),"")=$E$1, IFERROR(VLOOKUP(A41,門市主檔!A:S,19,FALSE),"")<>$E$1), $E$1, ""), IF(AND($F$1<>"--", IFERROR(VLOOKUP(A41,'0919門市清單主檔'!B:AH,33,FALSE),"")=$F$1, IFERROR(VLOOKUP(A41,門市主檔!A:U,21,FALSE),"")<>$F$1), $F$1, ""), IF(AND(IFERROR(VLOOKUP(A41,'0919門市清單主檔'!B:AC,28,FALSE),"")="+HUB", IFERROR(VLOOKUP(A41,門市主檔!A:X,23,FALSE),"")<>"+HUB"), "+HUB", ""), IF(AND(IFERROR(VLOOKUP(A41,'0919門市清單主檔'!B:AD,29,FALSE),"")="+EDC", IFERROR(VLOOKUP(A41,門市主檔!A:X,24,FALSE),"")<>"+EDC"), "+EDC", "") ) & "未完工", "已完工" ) ) ) -> 已完工 | P41: =(TEXT(I41,"yyyymmdd"))&$V$2&A41&$V$2&B41&$S$2 -> PMQ2-4788-淡水國家店(定保) | Q41: {=IF(AND(SUMPRODUCT((IM!$F$2:$F$5000=A41)*(ISNUMBER(SEARCH($D$1, IM!$AC$2:$AC$5000))))>0), $D$1, "")} | R41: {=IFERROR(INDEX(IM!$AM$2:$AM$5000, MATCH(1, (IM!$F$2:$F$5000=A41) * (ISNUMBER(SEARCH($D$1, IM!$AC$2:$AC$5000))), 0)), "")} | S41: {=IF(AND(SUMPRODUCT((IM!$F$2:$F$5000=A41)*(ISNUMBER(SEARCH($E$1, IM!$AC$2:$AC$5000))))>0), $E$1, "")} | T41: {=IFERROR(INDEX(IM!$AM$2:$AM$5000, MATCH(1, (IM!$F$2:$F$5000=A41) * (ISNUMBER(SEARCH($E$1, IM!$AC$2:$AC$5000))), 0)), "")} | U41: {=IF(AND(SUMPRODUCT((IM!$F$2:$F$5000=A41)*(ISNUMBER(SEARCH($F$1, IM!$AC$2:$AC$5000))))>0), $F$1, "")} | V41: {=IFERROR(INDEX(IM!$AM$2:$AM$5000, MATCH(1, (IM!$F$2:$F$5000=A41) * (ISNUMBER(SEARCH($F$1, IM!$AC$2:$AC$5000))), 0)), "")} | W41: {=IF( SUMPRODUCT( (IM!$F$2:$F$5000=A41)* (ISNUMBER(SEARCH($I$1,IM!$AC$2:$AC$5000)))* (IM!$X$2:$X$5000>=$A$1)* (IM!$X$2:$X$5000<=$B$1) )>0, $I$1, "" )} | X41: {=IF(AND(SUMPRODUCT((IM!$F$2:$F$5000=A41)*(ISNUMBER(SEARCH($J$1, IM!$AC$2:$AC$5000))))>0), $J$1, "")} -> +EDC | Y41: =A41 -> 4788 | Z41: =B41 -> 淡水國家店
A42: C216 | B42: =_xlfn.XLOOKUP(A42,'0919門市清單主檔'!B:B,'0919門市清單主檔'!C:C,"") -> 北縣南勢店 | C42: =_xlfn.XLOOKUP($A42,'0919門市清單主檔'!B:B,'0919門市清單主檔'!U:U,"") -> 新北市 | D42: =_xlfn.XLOOKUP($A42,'0919門市清單主檔'!B:B,'0919門市清單主檔'!V:V,"") -> 中和區 | E42: =_xlfn.XLOOKUP(D42,門市狀態!G:G,門市狀態!H:H,"") -> 劉柏均 | F42: =IFERROR(IF(VLOOKUP(A42,門市狀態!A:D,4,FALSE)=0,"",VLOOKUP(A42,門市狀態!A:D,4,FALSE)),"") | H42: =IF(I42>0,(TEXT(I42,"yyyymmdd")&$V$2&A42&$V$2&B42&$S$2),"") -> PMQ2-C216-北縣南勢店(定保) | I42: {=IF(AND(SUMPRODUCT((IM!$F$2:$F$5000=A42)*(ISNUMBER(SEARCH($C$1, IM!$AC$2:$AC$5000))))>0), $C$1, "")} -> PMQ2 | J42: {=IFERROR(INDEX(IM!$AM$2:$AM$5000, MATCH(1, (IM!$F$2:$F$5000=A42) * (ISNUMBER(SEARCH($C$1, IM!$AC$2:$AC$5000))), 0)), "")} -> 46120 | K42: {=SUMPRODUCT((IM!$F$2:$F$5000=A42)*(IM!$AD$2:$AD$5000="O")*(ISNUMBER(SEARCH($C$1, IM!$AC$2:$AC$5000))))} -> 1 | L42: {=IF(K42>0,IFERROR(HYPERLINK("#'IM'!AC"&MATCH(1,(IM!$F$1:$F$5000=A42)*(ISNUMBER(SEARCH($C$1,IM!$AC$1:$AC$5000))),0),"檢核"),"未登錄"),"")} -> 檢核 | M42: =Q42&S42&U42&W42&X42 -> +EDC | N42: {=IF(AND( SUMPRODUCT( (IM!$F$2:$F$522=A42) * ISNUMBER(SEARCH("*HUB*", IM!$AC$2:$AC$522)) * (IM!$X$2:$X$522>=$A$1) * (IM!$X$2:$X$522<=$B$1)*(W42="HUB") ) > 0 ), "HUB", "")} | O42: =IF( IFERROR(VLOOKUP(A42,門市主檔!A:I,9,FALSE),"")<>$C$1, "未完工", IF( AND($D$1="--",$E$1="--",$F$1="--"), "已完工", IF( OR( AND($D$1<>"--", IFERROR(VLOOKUP(A42,'0919門市清單主檔'!B:AH,31,FALSE),"")=$D$1, IFERROR(VLOOKUP(A42,門市主檔!A:Q,17,FALSE),"")<>$D$1), AND($E$1<>"--", IFERROR(VLOOKUP(A42,'0919門市清單主檔'!B:AH,32,FALSE),"")=$E$1, IFERROR(VLOOKUP(A42,門市主檔!A:S,19,FALSE),"")<>$E$1), AND($F$1<>"--", IFERROR(VLOOKUP(A42,'0919門市清單主檔'!B:AH,33,FALSE),"")=$F$1, IFERROR(VLOOKUP(A42,門市主檔!A:U,21,FALSE),"")<>$F$1), AND( IFERROR(VLOOKUP(A42,'0919門市清單主檔'!B:AC,28,FALSE),"")="+HUB", IFERROR(VLOOKUP(A42,門市主檔!A:X,23,FALSE),"")<>"+HUB" ), AND( IFERROR(VLOOKUP(A42,'0919門市清單主檔'!B:AD,29,FALSE),"")="+EDC", IFERROR(VLOOKUP(A42,門市主檔!A:X,24,FALSE),"")<>"+EDC" ) ), _xlfn.TEXTJOIN( "，", TRUE, IF(AND($D$1<>"--", IFERROR(VLOOKUP(A42,'0919門市清單主檔'!B:AH,31,FALSE),"")=$D$1, IFERROR(VLOOKUP(A42,門市主檔!A:Q,17,FALSE),"")<>$D$1), $D$1, ""), IF(AND($E$1<>"--", IFERROR(VLOOKUP(A42,'0919門市清單主檔'!B:AH,32,FALSE),"")=$E$1, IFERROR(VLOOKUP(A42,門市主檔!A:S,19,FALSE),"")<>$E$1), $E$1, ""), IF(AND($F$1<>"--", IFERROR(VLOOKUP(A42,'0919門市清單主檔'!B:AH,33,FALSE),"")=$F$1, IFERROR(VLOOKUP(A42,門市主檔!A:U,21,FALSE),"")<>$F$1), $F$1, ""), IF(AND(IFERROR(VLOOKUP(A42,'0919門市清單主檔'!B:AC,28,FALSE),"")="+HUB", IFERROR(VLOOKUP(A42,門市主檔!A:X,23,FALSE),"")<>"+HUB"), "+HUB", ""), IF(AND(IFERROR(VLOOKUP(A42,'0919門市清單主檔'!B:AD,29,FALSE),"")="+EDC", IFERROR(VLOOKUP(A42,門市主檔!A:X,24,FALSE),"")<>"+EDC"), "+EDC", "") ) & "未完工", "已完工" ) ) ) -> 已完工 | P42: =(TEXT(I42,"yyyymmdd"))&$V$2&A42&$V$2&B42&$S$2 -> PMQ2-C216-北縣南勢店(定保) | Q42: {=IF(AND(SUMPRODUCT((IM!$F$2:$F$5000=A42)*(ISNUMBER(SEARCH($D$1, IM!$AC$2:$AC$5000))))>0), $D$1, "")} | R42: {=IFERROR(INDEX(IM!$AM$2:$AM$5000, MATCH(1, (IM!$F$2:$F$5000=A42) * (ISNUMBER(SEARCH($D$1, IM!$AC$2:$AC$5000))), 0)), "")} | S42: {=IF(AND(SUMPRODUCT((IM!$F$2:$F$5000=A42)*(ISNUMBER(SEARCH($E$1, IM!$AC$2:$AC$5000))))>0), $E$1, "")} | T42: {=IFERROR(INDEX(IM!$AM$2:$AM$5000, MATCH(1, (IM!$F$2:$F$5000=A42) * (ISNUMBER(SEARCH($E$1, IM!$AC$2:$AC$5000))), 0)), "")} | U42: {=IF(AND(SUMPRODUCT((IM!$F$2:$F$5000=A42)*(ISNUMBER(SEARCH($F$1, IM!$AC$2:$AC$5000))))>0), $F$1, "")} | V42: {=IFERROR(INDEX(IM!$AM$2:$AM$5000, MATCH(1, (IM!$F$2:$F$5000=A42) * (ISNUMBER(SEARCH($F$1, IM!$AC$2:$AC$5000))), 0)), "")} | W42: {=IF( SUMPRODUCT( (IM!$F$2:$F$5000=A42)* (ISNUMBER(SEARCH($I$1,IM!$AC$2:$AC$5000)))* (IM!$X$2:$X$5000>=$A$1)* (IM!$X$2:$X$5000<=$B$1) )>0, $I$1, "" )} | X42: {=IF(AND(SUMPRODUCT((IM!$F$2:$F$5000=A42)*(ISNUMBER(SEARCH($J$1, IM!$AC$2:$AC$5000))))>0), $J$1, "")} -> +EDC | Y42: =A42 -> C216 | Z42: =B42 -> 北縣南勢店 | AA42: L90未執行
A43: 4541 | B43: =_xlfn.XLOOKUP(A43,'0919門市清單主檔'!B:B,'0919門市清單主檔'!C:C,"") -> 淡水海天店 | C43: =_xlfn.XLOOKUP($A43,'0919門市清單主檔'!B:B,'0919門市清單主檔'!U:U,"") -> 新北市 | D43: =_xlfn.XLOOKUP($A43,'0919門市清單主檔'!B:B,'0919門市清單主檔'!V:V,"") -> 淡水區 | E43: =_xlfn.XLOOKUP(D43,門市狀態!G:G,門市狀態!H:H,"") -> 吳宗鴻 | F43: =IFERROR(IF(VLOOKUP(A43,門市狀態!A:D,4,FALSE)=0,"",VLOOKUP(A43,門市狀態!A:D,4,FALSE)),"") | H43: =IF(I43>0,(TEXT(I43,"yyyymmdd")&$V$2&A43&$V$2&B43&$S$2),"") -> PMQ2-4541-淡水海天店(定保) | I43: {=IF(AND(SUMPRODUCT((IM!$F$2:$F$5000=A43)*(ISNUMBER(SEARCH($C$1, IM!$AC$2:$AC$5000))))>0), $C$1, "")} -> PMQ2 | J43: {=IFERROR(INDEX(IM!$AM$2:$AM$5000, MATCH(1, (IM!$F$2:$F$5000=A43) * (ISNUMBER(SEARCH($C$1, IM!$AC$2:$AC$5000))), 0)), "")} -> 46120 | K43: {=SUMPRODUCT((IM!$F$2:$F$5000=A43)*(IM!$AD$2:$AD$5000="O")*(ISNUMBER(SEARCH($C$1, IM!$AC$2:$AC$5000))))} -> 1 | L43: {=IF(K43>0,IFERROR(HYPERLINK("#'IM'!AC"&MATCH(1,(IM!$F$1:$F$5000=A43)*(ISNUMBER(SEARCH($C$1,IM!$AC$1:$AC$5000))),0),"檢核"),"未登錄"),"")} -> 檢核 | M43: =Q43&S43&U43&W43&X43 -> +EDC | N43: {=IF(AND( SUMPRODUCT( (IM!$F$2:$F$522=A43) * ISNUMBER(SEARCH("*HUB*", IM!$AC$2:$AC$522)) * (IM!$X$2:$X$522>=$A$1) * (IM!$X$2:$X$522<=$B$1)*(W43="HUB") ) > 0 ), "HUB", "")} | O43: =IF( IFERROR(VLOOKUP(A43,門市主檔!A:I,9,FALSE),"")<>$C$1, "未完工", IF( AND($D$1="--",$E$1="--",$F$1="--"), "已完工", IF( OR( AND($D$1<>"--", IFERROR(VLOOKUP(A43,'0919門市清單主檔'!B:AH,31,FALSE),"")=$D$1, IFERROR(VLOOKUP(A43,門市主檔!A:Q,17,FALSE),"")<>$D$1), AND($E$1<>"--", IFERROR(VLOOKUP(A43,'0919門市清單主檔'!B:AH,32,FALSE),"")=$E$1, IFERROR(VLOOKUP(A43,門市主檔!A:S,19,FALSE),"")<>$E$1), AND($F$1<>"--", IFERROR(VLOOKUP(A43,'0919門市清單主檔'!B:AH,33,FALSE),"")=$F$1, IFERROR(VLOOKUP(A43,門市主檔!A:U,21,FALSE),"")<>$F$1), AND( IFERROR(VLOOKUP(A43,'0919門市清單主檔'!B:AC,28,FALSE),"")="+HUB", IFERROR(VLOOKUP(A43,門市主檔!A:X,23,FALSE),"")<>"+HUB" ), AND( IFERROR(VLOOKUP(A43,'0919門市清單主檔'!B:AD,29,FALSE),"")="+EDC", IFERROR(VLOOKUP(A43,門市主檔!A:X,24,FALSE),"")<>"+EDC" ) ), _xlfn.TEXTJOIN( "，", TRUE, IF(AND($D$1<>"--", IFERROR(VLOOKUP(A43,'0919門市清單主檔'!B:AH,31,FALSE),"")=$D$1, IFERROR(VLOOKUP(A43,門市主檔!A:Q,17,FALSE),"")<>$D$1), $D$1, ""), IF(AND($E$1<>"--", IFERROR(VLOOKUP(A43,'0919門市清單主檔'!B:AH,32,FALSE),"")=$E$1, IFERROR(VLOOKUP(A43,門市主檔!A:S,19,FALSE),"")<>$E$1), $E$1, ""), IF(AND($F$1<>"--", IFERROR(VLOOKUP(A43,'0919門市清單主檔'!B:AH,33,FALSE),"")=$F$1, IFERROR(VLOOKUP(A43,門市主檔!A:U,21,FALSE),"")<>$F$1), $F$1, ""), IF(AND(IFERROR(VLOOKUP(A43,'0919門市清單主檔'!B:AC,28,FALSE),"")="+HUB", IFERROR(VLOOKUP(A43,門市主檔!A:X,23,FALSE),"")<>"+HUB"), "+HUB", ""), IF(AND(IFERROR(VLOOKUP(A43,'0919門市清單主檔'!B:AD,29,FALSE),"")="+EDC", IFERROR(VLOOKUP(A43,門市主檔!A:X,24,FALSE),"")<>"+EDC"), "+EDC", "") ) & "未完工", "已完工" ) ) ) -> +SC7未完工 | P43: =(TEXT(I43,"yyyymmdd"))&$V$2&A43&$V$2&B43&$S$2 -> PMQ2-4541-淡水海天店(定保) | Q43: {=IF(AND(SUMPRODUCT((IM!$F$2:$F$5000=A43)*(ISNUMBER(SEARCH($D$1, IM!$AC$2:$AC$5000))))>0), $D$1, "")} | R43: {=IFERROR(INDEX(IM!$AM$2:$AM$5000, MATCH(1, (IM!$F$2:$F$5000=A43) * (ISNUMBER(SEARCH($D$1, IM!$AC$2:$AC$5000))), 0)), "")} | S43: {=IF(AND(SUMPRODUCT((IM!$F$2:$F$5000=A43)*(ISNUMBER(SEARCH($E$1, IM!$AC$2:$AC$5000))))>0), $E$1, "")} | T43: {=IFERROR(INDEX(IM!$AM$2:$AM$5000, MATCH(1, (IM!$F$2:$F$5000=A43) * (ISNUMBER(SEARCH($E$1, IM!$AC$2:$AC$5000))), 0)), "")} | U43: {=IF(AND(SUMPRODUCT((IM!$F$2:$F$5000=A43)*(ISNUMBER(SEARCH($F$1, IM!$AC$2:$AC$5000))))>0), $F$1, "")} | V43: {=IFERROR(INDEX(IM!$AM$2:$AM$5000, MATCH(1, (IM!$F$2:$F$5000=A43) * (ISNUMBER(SEARCH($F$1, IM!$AC$2:$AC$5000))), 0)), "")} | W43: {=IF( SUMPRODUCT( (IM!$F$2:$F$5000=A43)* (ISNUMBER(SEARCH($I$1,IM!$AC$2:$AC$5000)))* (IM!$X$2:$X$5000>=$A$1)* (IM!$X$2:$X$5000<=$B$1) )>0, $I$1, "" )} | X43: {=IF(AND(SUMPRODUCT((IM!$F$2:$F$5000=A43)*(ISNUMBER(SEARCH($J$1, IM!$AC$2:$AC$5000))))>0), $J$1, "")} -> +EDC | Y43: =A43 -> 4541 | Z43: =B43 -> 淡水海天店
A44: 4298 | B44: =_xlfn.XLOOKUP(A44,'0919門市清單主檔'!B:B,'0919門市清單主檔'!C:C,"") -> 淡水後洲店 | C44: =_xlfn.XLOOKUP($A44,'0919門市清單主檔'!B:B,'0919門市清單主檔'!U:U,"") -> 新北市 | D44: =_xlfn.XLOOKUP($A44,'0919門市清單主檔'!B:B,'0919門市清單主檔'!V:V,"") -> 淡水區 | E44: =_xlfn.XLOOKUP(D44,門市狀態!G:G,門市狀態!H:H,"") -> 吳宗鴻 | F44: =IFERROR(IF(VLOOKUP(A44,門市狀態!A:D,4,FALSE)=0,"",VLOOKUP(A44,門市狀態!A:D,4,FALSE)),"") | H44: =IF(I44>0,(TEXT(I44,"yyyymmdd")&$V$2&A44&$V$2&B44&$S$2),"") -> PMQ2-4298-淡水後洲店(定保) | I44: {=IF(AND(SUMPRODUCT((IM!$F$2:$F$5000=A44)*(ISNUMBER(SEARCH($C$1, IM!$AC$2:$AC$5000))))>0), $C$1, "")} -> PMQ2 | J44: {=IFERROR(INDEX(IM!$AM$2:$AM$5000, MATCH(1, (IM!$F$2:$F$5000=A44) * (ISNUMBER(SEARCH($C$1, IM!$AC$2:$AC$5000))), 0)), "")} -> 46120 | K44: {=SUMPRODUCT((IM!$F$2:$F$5000=A44)*(IM!$AD$2:$AD$5000="O")*(ISNUMBER(SEARCH($C$1, IM!$AC$2:$AC$5000))))} -> 1 | L44: {=IF(K44>0,IFERROR(HYPERLINK("#'IM'!AC"&MATCH(1,(IM!$F$1:$F$5000=A44)*(ISNUMBER(SEARCH($C$1,IM!$AC$1:$AC$5000))),0),"檢核"),"未登錄"),"")} -> 檢核 | M44: =Q44&S44&U44&W44&X44 -> +EDC | N44: {=IF(AND( SUMPRODUCT( (IM!$F$2:$F$522=A44) * ISNUMBER(SEARCH("*HUB*", IM!$AC$2:$AC$522)) * (IM!$X$2:$X$522>=$A$1) * (IM!$X$2:$X$522<=$B$1)*(W44="HUB") ) > 0 ), "HUB", "")} | O44: =IF( IFERROR(VLOOKUP(A44,門市主檔!A:I,9,FALSE),"")<>$C$1, "未完工", IF( AND($D$1="--",$E$1="--",$F$1="--"), "已完工", IF( OR( AND($D$1<>"--", IFERROR(VLOOKUP(A44,'0919門市清單主檔'!B:AH,31,FALSE),"")=$D$1, IFERROR(VLOOKUP(A44,門市主檔!A:Q,17,FALSE),"")<>$D$1), AND($E$1<>"--", IFERROR(VLOOKUP(A44,'0919門市清單主檔'!B:AH,32,FALSE),"")=$E$1, IFERROR(VLOOKUP(A44,門市主檔!A:S,19,FALSE),"")<>$E$1), AND($F$1<>"--", IFERROR(VLOOKUP(A44,'0919門市清單主檔'!B:AH,33,FALSE),"")=$F$1, IFERROR(VLOOKUP(A44,門市主檔!A:U,21,FALSE),"")<>$F$1), AND( IFERROR(VLOOKUP(A44,'0919門市清單主檔'!B:AC,28,FALSE),"")="+HUB", IFERROR(VLOOKUP(A44,門市主檔!A:X,23,FALSE),"")<>"+HUB" ), AND( IFERROR(VLOOKUP(A44,'0919門市清單主檔'!B:AD,29,FALSE),"")="+EDC", IFERROR(VLOOKUP(A44,門市主檔!A:X,24,FALSE),"")<>"+EDC" ) ), _xlfn.TEXTJOIN( "，", TRUE, IF(AND($D$1<>"--", IFERROR(VLOOKUP(A44,'0919門市清單主檔'!B:AH,31,FALSE),"")=$D$1, IFERROR(VLOOKUP(A44,門市主檔!A:Q,17,FALSE),"")<>$D$1), $D$1, ""), IF(AND($E$1<>"--", IFERROR(VLOOKUP(A44,'0919門市清單主檔'!B:AH,32,FALSE),"")=$E$1, IFERROR(VLOOKUP(A44,門市主檔!A:S,19,FALSE),"")<>$E$1), $E$1, ""), IF(AND($F$1<>"--", IFERROR(VLOOKUP(A44,'0919門市清單主檔'!B:AH,33,FALSE),"")=$F$1, IFERROR(VLOOKUP(A44,門市主檔!A:U,21,FALSE),"")<>$F$1), $F$1, ""), IF(AND(IFERROR(VLOOKUP(A44,'0919門市清單主檔'!B:AC,28,FALSE),"")="+HUB", IFERROR(VLOOKUP(A44,門市主檔!A:X,23,FALSE),"")<>"+HUB"), "+HUB", ""), IF(AND(IFERROR(VLOOKUP(A44,'0919門市清單主檔'!B:AD,29,FALSE),"")="+EDC", IFERROR(VLOOKUP(A44,門市主檔!A:X,24,FALSE),"")<>"+EDC"), "+EDC", "") ) & "未完工", "已完工" ) ) ) -> 已完工 | P44: =(TEXT(I44,"yyyymmdd"))&$V$2&A44&$V$2&B44&$S$2 -> PMQ2-4298-淡水後洲店(定保) | Q44: {=IF(AND(SUMPRODUCT((IM!$F$2:$F$5000=A44)*(ISNUMBER(SEARCH($D$1, IM!$AC$2:$AC$5000))))>0), $D$1, "")} | R44: {=IFERROR(INDEX(IM!$AM$2:$AM$5000, MATCH(1, (IM!$F$2:$F$5000=A44) * (ISNUMBER(SEARCH($D$1, IM!$AC$2:$AC$5000))), 0)), "")} | S44: {=IF(AND(SUMPRODUCT((IM!$F$2:$F$5000=A44)*(ISNUMBER(SEARCH($E$1, IM!$AC$2:$AC$5000))))>0), $E$1, "")} | T44: {=IFERROR(INDEX(IM!$AM$2:$AM$5000, MATCH(1, (IM!$F$2:$F$5000=A44) * (ISNUMBER(SEARCH($E$1, IM!$AC$2:$AC$5000))), 0)), "")} | U44: {=IF(AND(SUMPRODUCT((IM!$F$2:$F$5000=A44)*(ISNUMBER(SEARCH($F$1, IM!$AC$2:$AC$5000))))>0), $F$1, "")} | V44: {=IFERROR(INDEX(IM!$AM$2:$AM$5000, MATCH(1, (IM!$F$2:$F$5000=A44) * (ISNUMBER(SEARCH($F$1, IM!$AC$2:$AC$5000))), 0)), "")} | W44: {=IF( SUMPRODUCT( (IM!$F$2:$F$5000=A44)* (ISNUMBER(SEARCH($I$1,IM!$AC$2:$AC$5000)))* (IM!$X$2:$X$5000>=$A$1)* (IM!$X$2:$X$5000<=$B$1) )>0, $I$1, "" )} | X44: {=IF(AND(SUMPRODUCT((IM!$F$2:$F$5000=A44)*(ISNUMBER(SEARCH($J$1, IM!$AC$2:$AC$5000))))>0), $J$1, "")} -> +EDC | Y44: =A44 -> 4298 | Z44: =B44 -> 淡水後洲店
A45: 4529 | B45: =_xlfn.XLOOKUP(A45,'0919門市清單主檔'!B:B,'0919門市清單主檔'!C:C,"") -> 淡水新洲店 | C45: =_xlfn.XLOOKUP($A45,'0919門市清單主檔'!B:B,'0919門市清單主檔'!U:U,"") -> 新北市 | D45: =_xlfn.XLOOKUP($A45,'0919門市清單主檔'!B:B,'0919門市清單主檔'!V:V,"") -> 淡水區 | E45: =_xlfn.XLOOKUP(D45,門市狀態!G:G,門市狀態!H:H,"") -> 吳宗鴻 | F45: =IFERROR(IF(VLOOKUP(A45,門市狀態!A:D,4,FALSE)=0,"",VLOOKUP(A45,門市狀態!A:D,4,FALSE)),"") | H45: =IF(I45>0,(TEXT(I45,"yyyymmdd")&$V$2&A45&$V$2&B45&$S$2),"") -> PMQ2-4529-淡水新洲店(定保) | I45: {=IF(AND(SUMPRODUCT((IM!$F$2:$F$5000=A45)*(ISNUMBER(SEARCH($C$1, IM!$AC$2:$AC$5000))))>0), $C$1, "")} -> PMQ2 | J45: {=IFERROR(INDEX(IM!$AM$2:$AM$5000, MATCH(1, (IM!$F$2:$F$5000=A45) * (ISNUMBER(SEARCH($C$1, IM!$AC$2:$AC$5000))), 0)), "")} -> 46120 | K45: {=SUMPRODUCT((IM!$F$2:$F$5000=A45)*(IM!$AD$2:$AD$5000="O")*(ISNUMBER(SEARCH($C$1, IM!$AC$2:$AC$5000))))} -> 1 | L45: {=IF(K45>0,IFERROR(HYPERLINK("#'IM'!AC"&MATCH(1,(IM!$F$1:$F$5000=A45)*(ISNUMBER(SEARCH($C$1,IM!$AC$1:$AC$5000))),0),"檢核"),"未登錄"),"")} -> 檢核 | M45: =Q45&S45&U45&W45&X45 -> +EDC | N45: {=IF(AND( SUMPRODUCT( (IM!$F$2:$F$522=A45) * ISNUMBER(SEARCH("*HUB*", IM!$AC$2:$AC$522)) * (IM!$X$2:$X$522>=$A$1) * (IM!$X$2:$X$522<=$B$1)*(W45="HUB") ) > 0 ), "HUB", "")} | O45: =IF( IFERROR(VLOOKUP(A45,門市主檔!A:I,9,FALSE),"")<>$C$1, "未完工", IF( AND($D$1="--",$E$1="--",$F$1="--"), "已完工", IF( OR( AND($D$1<>"--", IFERROR(VLOOKUP(A45,'0919門市清單主檔'!B:AH,31,FALSE),"")=$D$1, IFERROR(VLOOKUP(A45,門市主檔!A:Q,17,FALSE),"")<>$D$1), AND($E$1<>"--", IFERROR(VLOOKUP(A45,'0919門市清單主檔'!B:AH,32,FALSE),"")=$E$1, IFERROR(VLOOKUP(A45,門市主檔!A:S,19,FALSE),"")<>$E$1), AND($F$1<>"--", IFERROR(VLOOKUP(A45,'0919門市清單主檔'!B:AH,33,FALSE),"")=$F$1, IFERROR(VLOOKUP(A45,門市主檔!A:U,21,FALSE),"")<>$F$1), AND( IFERROR(VLOOKUP(A45,'0919門市清單主檔'!B:AC,28,FALSE),"")="+HUB", IFERROR(VLOOKUP(A45,門市主檔!A:X,23,FALSE),"")<>"+HUB" ), AND( IFERROR(VLOOKUP(A45,'0919門市清單主檔'!B:AD,29,FALSE),"")="+EDC", IFERROR(VLOOKUP(A45,門市主檔!A:X,24,FALSE),"")<>"+EDC" ) ), _xlfn.TEXTJOIN( "，", TRUE, IF(AND($D$1<>"--", IFERROR(VLOOKUP(A45,'0919門市清單主檔'!B:AH,31,FALSE),"")=$D$1, IFERROR(VLOOKUP(A45,門市主檔!A:Q,17,FALSE),"")<>$D$1), $D$1, ""), IF(AND($E$1<>"--", IFERROR(VLOOKUP(A45,'0919門市清單主檔'!B:AH,32,FALSE),"")=$E$1, IFERROR(VLOOKUP(A45,門市主檔!A:S,19,FALSE),"")<>$E$1), $E$1, ""), IF(AND($F$1<>"--", IFERROR(VLOOKUP(A45,'0919門市清單主檔'!B:AH,33,FALSE),"")=$F$1, IFERROR(VLOOKUP(A45,門市主檔!A:U,21,FALSE),"")<>$F$1), $F$1, ""), IF(AND(IFERROR(VLOOKUP(A45,'0919門市清單主檔'!B:AC,28,FALSE),"")="+HUB", IFERROR(VLOOKUP(A45,門市主檔!A:X,23,FALSE),"")<>"+HUB"), "+HUB", ""), IF(AND(IFERROR(VLOOKUP(A45,'0919門市清單主檔'!B:AD,29,FALSE),"")="+EDC", IFERROR(VLOOKUP(A45,門市主檔!A:X,24,FALSE),"")<>"+EDC"), "+EDC", "") ) & "未完工", "已完工" ) ) ) -> +SC7未完工 | P45: =(TEXT(I45,"yyyymmdd"))&$V$2&A45&$V$2&B45&$S$2 -> PMQ2-4529-淡水新洲店(定保) | Q45: {=IF(AND(SUMPRODUCT((IM!$F$2:$F$5000=A45)*(ISNUMBER(SEARCH($D$1, IM!$AC$2:$AC$5000))))>0), $D$1, "")} | R45: {=IFERROR(INDEX(IM!$AM$2:$AM$5000, MATCH(1, (IM!$F$2:$F$5000=A45) * (ISNUMBER(SEARCH($D$1, IM!$AC$2:$AC$5000))), 0)), "")} | S45: {=IF(AND(SUMPRODUCT((IM!$F$2:$F$5000=A45)*(ISNUMBER(SEARCH($E$1, IM!$AC$2:$AC$5000))))>0), $E$1, "")} | T45: {=IFERROR(INDEX(IM!$AM$2:$AM$5000, MATCH(1, (IM!$F$2:$F$5000=A45) * (ISNUMBER(SEARCH($E$1, IM!$AC$2:$AC$5000))), 0)), "")} | U45: {=IF(AND(SUMPRODUCT((IM!$F$2:$F$5000=A45)*(ISNUMBER(SEARCH($F$1, IM!$AC$2:$AC$5000))))>0), $F$1, "")} | V45: {=IFERROR(INDEX(IM!$AM$2:$AM$5000, MATCH(1, (IM!$F$2:$F$5000=A45) * (ISNUMBER(SEARCH($F$1, IM!$AC$2:$AC$5000))), 0)), "")} | W45: {=IF( SUMPRODUCT( (IM!$F$2:$F$5000=A45)* (ISNUMBER(SEARCH($I$1,IM!$AC$2:$AC$5000)))* (IM!$X$2:$X$5000>=$A$1)* (IM!$X$2:$X$5000<=$B$1) )>0, $I$1, "" )} | X45: {=IF(AND(SUMPRODUCT((IM!$F$2:$F$5000=A45)*(ISNUMBER(SEARCH($J$1, IM!$AC$2:$AC$5000))))>0), $J$1, "")} -> +EDC | Y45: =A45 -> 4529 | Z45: =B45 -> 淡水新洲店
A46: 4218 | B46: =_xlfn.XLOOKUP(A46,'0919門市清單主檔'!B:B,'0919門市清單主檔'!C:C,"") -> 蘆洲湧蓮店 | C46: =_xlfn.XLOOKUP($A46,'0919門市清單主檔'!B:B,'0919門市清單主檔'!U:U,"") -> 新北市 | D46: =_xlfn.XLOOKUP($A46,'0919門市清單主檔'!B:B,'0919門市清單主檔'!V:V,"") -> 蘆洲區 | E46: =_xlfn.XLOOKUP(D46,門市狀態!G:G,門市狀態!H:H,"") -> 湯家瑋 | F46: =IFERROR(IF(VLOOKUP(A46,門市狀態!A:D,4,FALSE)=0,"",VLOOKUP(A46,門市狀態!A:D,4,FALSE)),"") | H46: =IF(I46>0,(TEXT(I46,"yyyymmdd")&$V$2&A46&$V$2&B46&$S$2),"") -> PMQ2-4218-蘆洲湧蓮店(定保) | I46: {=IF(AND(SUMPRODUCT((IM!$F$2:$F$5000=A46)*(ISNUMBER(SEARCH($C$1, IM!$AC$2:$AC$5000))))>0), $C$1, "")} -> PMQ2 | J46: {=IFERROR(INDEX(IM!$AM$2:$AM$5000, MATCH(1, (IM!$F$2:$F$5000=A46) * (ISNUMBER(SEARCH($C$1, IM!$AC$2:$AC$5000))), 0)), "")} -> 46120 | K46: {=SUMPRODUCT((IM!$F$2:$F$5000=A46)*(IM!$AD$2:$AD$5000="O")*(ISNUMBER(SEARCH($C$1, IM!$AC$2:$AC$5000))))} -> 1 | L46: {=IF(K46>0,IFERROR(HYPERLINK("#'IM'!AC"&MATCH(1,(IM!$F$1:$F$5000=A46)*(ISNUMBER(SEARCH($C$1,IM!$AC$1:$AC$5000))),0),"檢核"),"未登錄"),"")} -> 檢核 | M46: =Q46&S46&U46&W46&X46 -> +EDC | N46: {=IF(AND( SUMPRODUCT( (IM!$F$2:$F$522=A46) * ISNUMBER(SEARCH("*HUB*", IM!$AC$2:$AC$522)) * (IM!$X$2:$X$522>=$A$1) * (IM!$X$2:$X$522<=$B$1)*(W46="HUB") ) > 0 ), "HUB", "")} | O46: =IF( IFERROR(VLOOKUP(A46,門市主檔!A:I,9,FALSE),"")<>$C$1, "未完工", IF( AND($D$1="--",$E$1="--",$F$1="--"), "已完工", IF( OR( AND($D$1<>"--", IFERROR(VLOOKUP(A46,'0919門市清單主檔'!B:AH,31,FALSE),"")=$D$1, IFERROR(VLOOKUP(A46,門市主檔!A:Q,17,FALSE),"")<>$D$1), AND($E$1<>"--", IFERROR(VLOOKUP(A46,'0919門市清單主檔'!B:AH,32,FALSE),"")=$E$1, IFERROR(VLOOKUP(A46,門市主檔!A:S,19,FALSE),"")<>$E$1), AND($F$1<>"--", IFERROR(VLOOKUP(A46,'0919門市清單主檔'!B:AH,33,FALSE),"")=$F$1, IFERROR(VLOOKUP(A46,門市主檔!A:U,21,FALSE),"")<>$F$1), AND( IFERROR(VLOOKUP(A46,'0919門市清單主檔'!B:AC,28,FALSE),"")="+HUB", IFERROR(VLOOKUP(A46,門市主檔!A:X,23,FALSE),"")<>"+HUB" ), AND( IFERROR(VLOOKUP(A46,'0919門市清單主檔'!B:AD,29,FALSE),"")="+EDC", IFERROR(VLOOKUP(A46,門市主檔!A:X,24,FALSE),"")<>"+EDC" ) ), _xlfn.TEXTJOIN( "，", TRUE, IF(AND($D$1<>"--", IFERROR(VLOOKUP(A46,'0919門市清單主檔'!B:AH,31,FALSE),"")=$D$1, IFERROR(VLOOKUP(A46,門市主檔!A:Q,17,FALSE),"")<>$D$1), $D$1, ""), IF(AND($E$1<>"--", IFERROR(VLOOKUP(A46,'0919門市清單主檔'!B:AH,32,FALSE),"")=$E$1, IFERROR(VLOOKUP(A46,門市主檔!A:S,19,FALSE),"")<>$E$1), $E$1, ""), IF(AND($F$1<>"--", IFERROR(VLOOKUP(A46,'0919門市清單主檔'!B:AH,33,FALSE),"")=$F$1, IFERROR(VLOOKUP(A46,門市主檔!A:U,21,FALSE),"")<>$F$1), $F$1, ""), IF(AND(IFERROR(VLOOKUP(A46,'0919門市清單主檔'!B:AC,28,FALSE),"")="+HUB", IFERROR(VLOOKUP(A46,門市主檔!A:X,23,FALSE),"")<>"+HUB"), "+HUB", ""), IF(AND(IFERROR(VLOOKUP(A46,'0919門市清單主檔'!B:AD,29,FALSE),"")="+EDC", IFERROR(VLOOKUP(A46,門市主檔!A:X,24,FALSE),"")<>"+EDC"), "+EDC", "") ) & "未完工", "已完工" ) ) ) -> 已完工 | P46: =(TEXT(I46,"yyyymmdd"))&$V$2&A46&$V$2&B46&$S$2 -> PMQ2-4218-蘆洲湧蓮店(定保) | Q46: {=IF(AND(SUMPRODUCT((IM!$F$2:$F$5000=A46)*(ISNUMBER(SEARCH($D$1, IM!$AC$2:$AC$5000))))>0), $D$1, "")} | R46: {=IFERROR(INDEX(IM!$AM$2:$AM$5000, MATCH(1, (IM!$F$2:$F$5000=A46) * (ISNUMBER(SEARCH($D$1, IM!$AC$2:$AC$5000))), 0)), "")} | S46: {=IF(AND(SUMPRODUCT((IM!$F$2:$F$5000=A46)*(ISNUMBER(SEARCH($E$1, IM!$AC$2:$AC$5000))))>0), $E$1, "")} | T46: {=IFERROR(INDEX(IM!$AM$2:$AM$5000, MATCH(1, (IM!$F$2:$F$5000=A46) * (ISNUMBER(SEARCH($E$1, IM!$AC$2:$AC$5000))), 0)), "")} | U46: {=IF(AND(SUMPRODUCT((IM!$F$2:$F$5000=A46)*(ISNUMBER(SEARCH($F$1, IM!$AC$2:$AC$5000))))>0), $F$1, "")} | V46: {=IFERROR(INDEX(IM!$AM$2:$AM$5000, MATCH(1, (IM!$F$2:$F$5000=A46) * (ISNUMBER(SEARCH($F$1, IM!$AC$2:$AC$5000))), 0)), "")} | W46: {=IF( SUMPRODUCT( (IM!$F$2:$F$5000=A46)* (ISNUMBER(SEARCH($I$1,IM!$AC$2:$AC$5000)))* (IM!$X$2:$X$5000>=$A$1)* (IM!$X$2:$X$5000<=$B$1) )>0, $I$1, "" )} | X46: {=IF(AND(SUMPRODUCT((IM!$F$2:$F$5000=A46)*(ISNUMBER(SEARCH($J$1, IM!$AC$2:$AC$5000))))>0), $J$1, "")} -> +EDC | Y46: =A46 -> 4218 | Z46: =B46 -> 蘆洲湧蓮店
A47: 4316 | B47: =_xlfn.XLOOKUP(A47,'0919門市清單主檔'!B:B,'0919門市清單主檔'!C:C,"") -> 五股工商店 | C47: =_xlfn.XLOOKUP($A47,'0919門市清單主檔'!B:B,'0919門市清單主檔'!U:U,"") -> 新北市 | D47: =_xlfn.XLOOKUP($A47,'0919門市清單主檔'!B:B,'0919門市清單主檔'!V:V,"") -> 五股區 | E47: =_xlfn.XLOOKUP(D47,門市狀態!G:G,門市狀態!H:H,"") -> 湯家瑋 | F47: =IFERROR(IF(VLOOKUP(A47,門市狀態!A:D,4,FALSE)=0,"",VLOOKUP(A47,門市狀態!A:D,4,FALSE)),"") | H47: =IF(I47>0,(TEXT(I47,"yyyymmdd")&$V$2&A47&$V$2&B47&$S$2),"") -> PMQ2-4316-五股工商店(定保) | I47: {=IF(AND(SUMPRODUCT((IM!$F$2:$F$5000=A47)*(ISNUMBER(SEARCH($C$1, IM!$AC$2:$AC$5000))))>0), $C$1, "")} -> PMQ2 | J47: {=IFERROR(INDEX(IM!$AM$2:$AM$5000, MATCH(1, (IM!$F$2:$F$5000=A47) * (ISNUMBER(SEARCH($C$1, IM!$AC$2:$AC$5000))), 0)), "")} -> 46121 | K47: {=SUMPRODUCT((IM!$F$2:$F$5000=A47)*(IM!$AD$2:$AD$5000="O")*(ISNUMBER(SEARCH($C$1, IM!$AC$2:$AC$5000))))} -> 1 | L47: {=IF(K47>0,IFERROR(HYPERLINK("#'IM'!AC"&MATCH(1,(IM!$F$1:$F$5000=A47)*(ISNUMBER(SEARCH($C$1,IM!$AC$1:$AC$5000))),0),"檢核"),"未登錄"),"")} -> 檢核 | M47: =Q47&S47&U47&W47&X47 -> +EDC | N47: {=IF(AND( SUMPRODUCT( (IM!$F$2:$F$522=A47) * ISNUMBER(SEARCH("*HUB*", IM!$AC$2:$AC$522)) * (IM!$X$2:$X$522>=$A$1) * (IM!$X$2:$X$522<=$B$1)*(W47="HUB") ) > 0 ), "HUB", "")} | O47: =IF( IFERROR(VLOOKUP(A47,門市主檔!A:I,9,FALSE),"")<>$C$1, "未完工", IF( AND($D$1="--",$E$1="--",$F$1="--"), "已完工", IF( OR( AND($D$1<>"--", IFERROR(VLOOKUP(A47,'0919門市清單主檔'!B:AH,31,FALSE),"")=$D$1, IFERROR(VLOOKUP(A47,門市主檔!A:Q,17,FALSE),"")<>$D$1), AND($E$1<>"--", IFERROR(VLOOKUP(A47,'0919門市清單主檔'!B:AH,32,FALSE),"")=$E$1, IFERROR(VLOOKUP(A47,門市主檔!A:S,19,FALSE),"")<>$E$1), AND($F$1<>"--", IFERROR(VLOOKUP(A47,'0919門市清單主檔'!B:AH,33,FALSE),"")=$F$1, IFERROR(VLOOKUP(A47,門市主檔!A:U,21,FALSE),"")<>$F$1), AND( IFERROR(VLOOKUP(A47,'0919門市清單主檔'!B:AC,28,FALSE),"")="+HUB", IFERROR(VLOOKUP(A47,門市主檔!A:X,23,FALSE),"")<>"+HUB" ), AND( IFERROR(VLOOKUP(A47,'0919門市清單主檔'!B:AD,29,FALSE),"")="+EDC", IFERROR(VLOOKUP(A47,門市主檔!A:X,24,FALSE),"")<>"+EDC" ) ), _xlfn.TEXTJOIN( "，", TRUE, IF(AND($D$1<>"--", IFERROR(VLOOKUP(A47,'0919門市清單主檔'!B:AH,31,FALSE),"")=$D$1, IFERROR(VLOOKUP(A47,門市主檔!A:Q,17,FALSE),"")<>$D$1), $D$1, ""), IF(AND($E$1<>"--", IFERROR(VLOOKUP(A47,'0919門市清單主檔'!B:AH,32,FALSE),"")=$E$1, IFERROR(VLOOKUP(A47,門市主檔!A:S,19,FALSE),"")<>$E$1), $E$1, ""), IF(AND($F$1<>"--", IFERROR(VLOOKUP(A47,'0919門市清單主檔'!B:AH,33,FALSE),"")=$F$1, IFERROR(VLOOKUP(A47,門市主檔!A:U,21,FALSE),"")<>$F$1), $F$1, ""), IF(AND(IFERROR(VLOOKUP(A47,'0919門市清單主檔'!B:AC,28,FALSE),"")="+HUB", IFERROR(VLOOKUP(A47,門市主檔!A:X,23,FALSE),"")<>"+HUB"), "+HUB", ""), IF(AND(IFERROR(VLOOKUP(A47,'0919門市清單主檔'!B:AD,29,FALSE),"")="+EDC", IFERROR(VLOOKUP(A47,門市主檔!A:X,24,FALSE),"")<>"+EDC"), "+EDC", "") ) & "未完工", "已完工" ) ) ) -> 已完工 | P47: =(TEXT(I47,"yyyymmdd"))&$V$2&A47&$V$2&B47&$S$2 -> PMQ2-4316-五股工商店(定保) | Q47: {=IF(AND(SUMPRODUCT((IM!$F$2:$F$5000=A47)*(ISNUMBER(SEARCH($D$1, IM!$AC$2:$AC$5000))))>0), $D$1, "")} | R47: {=IFERROR(INDEX(IM!$AM$2:$AM$5000, MATCH(1, (IM!$F$2:$F$5000=A47) * (ISNUMBER(SEARCH($D$1, IM!$AC$2:$AC$5000))), 0)), "")} | S47: {=IF(AND(SUMPRODUCT((IM!$F$2:$F$5000=A47)*(ISNUMBER(SEARCH($E$1, IM!$AC$2:$AC$5000))))>0), $E$1, "")} | T47: {=IFERROR(INDEX(IM!$AM$2:$AM$5000, MATCH(1, (IM!$F$2:$F$5000=A47) * (ISNUMBER(SEARCH($E$1, IM!$AC$2:$AC$5000))), 0)), "")} | U47: {=IF(AND(SUMPRODUCT((IM!$F$2:$F$5000=A47)*(ISNUMBER(SEARCH($F$1, IM!$AC$2:$AC$5000))))>0), $F$1, "")} | V47: {=IFERROR(INDEX(IM!$AM$2:$AM$5000, MATCH(1, (IM!$F$2:$F$5000=A47) * (ISNUMBER(SEARCH($F$1, IM!$AC$2:$AC$5000))), 0)), "")} | W47: {=IF( SUMPRODUCT( (IM!$F$2:$F$5000=A47)* (ISNUMBER(SEARCH($I$1,IM!$AC$2:$AC$5000)))* (IM!$X$2:$X$5000>=$A$1)* (IM!$X$2:$X$5000<=$B$1) )>0, $I$1, "" )} | X47: {=IF(AND(SUMPRODUCT((IM!$F$2:$F$5000=A47)*(ISNUMBER(SEARCH($J$1, IM!$AC$2:$AC$5000))))>0), $J$1, "")} -> +EDC | Y47: =A47 -> 4316 | Z47: =B47 -> 五股工商店
A48: 3878 | B48: =_xlfn.XLOOKUP(A48,'0919門市清單主檔'!B:B,'0919門市清單主檔'!C:C,"") -> 林口清梅店 | C48: =_xlfn.XLOOKUP($A48,'0919門市清單主檔'!B:B,'0919門市清單主檔'!U:U,"") -> 新北市 | D48: =_xlfn.XLOOKUP($A48,'0919門市清單主檔'!B:B,'0919門市清單主檔'!V:V,"") -> 林口區 | E48: =_xlfn.XLOOKUP(D48,門市狀態!G:G,門市狀態!H:H,"") -> 吳宗鴻 | F48: =IFERROR(IF(VLOOKUP(A48,門市狀態!A:D,4,FALSE)=0,"",VLOOKUP(A48,門市狀態!A:D,4,FALSE)),"") | H48: =IF(I48>0,(TEXT(I48,"yyyymmdd")&$V$2&A48&$V$2&B48&$S$2),"") -> PMQ2-3878-林口清梅店(定保) | I48: {=IF(AND(SUMPRODUCT((IM!$F$2:$F$5000=A48)*(ISNUMBER(SEARCH($C$1, IM!$AC$2:$AC$5000))))>0), $C$1, "")} -> PMQ2 | J48: {=IFERROR(INDEX(IM!$AM$2:$AM$5000, MATCH(1, (IM!$F$2:$F$5000=A48) * (ISNUMBER(SEARCH($C$1, IM!$AC$2:$AC$5000))), 0)), "")} -> 46121 | K48: {=SUMPRODUCT((IM!$F$2:$F$5000=A48)*(IM!$AD$2:$AD$5000="O")*(ISNUMBER(SEARCH($C$1, IM!$AC$2:$AC$5000))))} -> 1 | L48: {=IF(K48>0,IFERROR(HYPERLINK("#'IM'!AC"&MATCH(1,(IM!$F$1:$F$5000=A48)*(ISNUMBER(SEARCH($C$1,IM!$AC$1:$AC$5000))),0),"檢核"),"未登錄"),"")} -> 檢核 | M48: =Q48&S48&U48&W48&X48 -> +EDC | N48: {=IF(AND( SUMPRODUCT( (IM!$F$2:$F$522=A48) * ISNUMBER(SEARCH("*HUB*", IM!$AC$2:$AC$522)) * (IM!$X$2:$X$522>=$A$1) * (IM!$X$2:$X$522<=$B$1)*(W48="HUB") ) > 0 ), "HUB", "")} | O48: =IF( IFERROR(VLOOKUP(A48,門市主檔!A:I,9,FALSE),"")<>$C$1, "未完工", IF( AND($D$1="--",$E$1="--",$F$1="--"), "已完工", IF( OR( AND($D$1<>"--", IFERROR(VLOOKUP(A48,'0919門市清單主檔'!B:AH,31,FALSE),"")=$D$1, IFERROR(VLOOKUP(A48,門市主檔!A:Q,17,FALSE),"")<>$D$1), AND($E$1<>"--", IFERROR(VLOOKUP(A48,'0919門市清單主檔'!B:AH,32,FALSE),"")=$E$1, IFERROR(VLOOKUP(A48,門市主檔!A:S,19,FALSE),"")<>$E$1), AND($F$1<>"--", IFERROR(VLOOKUP(A48,'0919門市清單主檔'!B:AH,33,FALSE),"")=$F$1, IFERROR(VLOOKUP(A48,門市主檔!A:U,21,FALSE),"")<>$F$1), AND( IFERROR(VLOOKUP(A48,'0919門市清單主檔'!B:AC,28,FALSE),"")="+HUB", IFERROR(VLOOKUP(A48,門市主檔!A:X,23,FALSE),"")<>"+HUB" ), AND( IFERROR(VLOOKUP(A48,'0919門市清單主檔'!B:AD,29,FALSE),"")="+EDC", IFERROR(VLOOKUP(A48,門市主檔!A:X,24,FALSE),"")<>"+EDC" ) ), _xlfn.TEXTJOIN( "，", TRUE, IF(AND($D$1<>"--", IFERROR(VLOOKUP(A48,'0919門市清單主檔'!B:AH,31,FALSE),"")=$D$1, IFERROR(VLOOKUP(A48,門市主檔!A:Q,17,FALSE),"")<>$D$1), $D$1, ""), IF(AND($E$1<>"--", IFERROR(VLOOKUP(A48,'0919門市清單主檔'!B:AH,32,FALSE),"")=$E$1, IFERROR(VLOOKUP(A48,門市主檔!A:S,19,FALSE),"")<>$E$1), $E$1, ""), IF(AND($F$1<>"--", IFERROR(VLOOKUP(A48,'0919門市清單主檔'!B:AH,33,FALSE),"")=$F$1, IFERROR(VLOOKUP(A48,門市主檔!A:U,21,FALSE),"")<>$F$1), $F$1, ""), IF(AND(IFERROR(VLOOKUP(A48,'0919門市清單主檔'!B:AC,28,FALSE),"")="+HUB", IFERROR(VLOOKUP(A48,門市主檔!A:X,23,FALSE),"")<>"+HUB"), "+HUB", ""), IF(AND(IFERROR(VLOOKUP(A48,'0919門市清單主檔'!B:AD,29,FALSE),"")="+EDC", IFERROR(VLOOKUP(A48,門市主檔!A:X,24,FALSE),"")<>"+EDC"), "+EDC", "") ) & "未完工", "已完工" ) ) ) -> 已完工 | P48: =(TEXT(I48,"yyyymmdd"))&$V$2&A48&$V$2&B48&$S$2 -> PMQ2-3878-林口清梅店(定保) | Q48: {=IF(AND(SUMPRODUCT((IM!$F$2:$F$5000=A48)*(ISNUMBER(SEARCH($D$1, IM!$AC$2:$AC$5000))))>0), $D$1, "")} | R48: {=IFERROR(INDEX(IM!$AM$2:$AM$5000, MATCH(1, (IM!$F$2:$F$5000=A48) * (ISNUMBER(SEARCH($D$1, IM!$AC$2:$AC$5000))), 0)), "")} | S48: {=IF(AND(SUMPRODUCT((IM!$F$2:$F$5000=A48)*(ISNUMBER(SEARCH($E$1, IM!$AC$2:$AC$5000))))>0), $E$1, "")} | T48: {=IFERROR(INDEX(IM!$AM$2:$AM$5000, MATCH(1, (IM!$F$2:$F$5000=A48) * (ISNUMBER(SEARCH($E$1, IM!$AC$2:$AC$5000))), 0)), "")} | U48: {=IF(AND(SUMPRODUCT((IM!$F$2:$F$5000=A48)*(ISNUMBER(SEARCH($F$1, IM!$AC$2:$AC$5000))))>0), $F$1, "")} | V48: {=IFERROR(INDEX(IM!$AM$2:$AM$5000, MATCH(1, (IM!$F$2:$F$5000=A48) * (ISNUMBER(SEARCH($F$1, IM!$AC$2:$AC$5000))), 0)), "")} | W48: {=IF( SUMPRODUCT( (IM!$F$2:$F$5000=A48)* (ISNUMBER(SEARCH($I$1,IM!$AC$2:$AC$5000)))* (IM!$X$2:$X$5000>=$A$1)* (IM!$X$2:$X$5000<=$B$1) )>0, $I$1, "" )} | X48: {=IF(AND(SUMPRODUCT((IM!$F$2:$F$5000=A48)*(ISNUMBER(SEARCH($J$1, IM!$AC$2:$AC$5000))))>0), $J$1, "")} -> +EDC | Y48: =A48 -> 3878 | Z48: =B48 -> 林口清梅店
A49: 4057 | B49: =_xlfn.XLOOKUP(A49,'0919門市清單主檔'!B:B,'0919門市清單主檔'!C:C,"") -> 林口香澄店 | C49: =_xlfn.XLOOKUP($A49,'0919門市清單主檔'!B:B,'0919門市清單主檔'!U:U,"") -> 新北市 | D49: =_xlfn.XLOOKUP($A49,'0919門市清單主檔'!B:B,'0919門市清單主檔'!V:V,"") -> 林口區 | E49: =_xlfn.XLOOKUP(D49,門市狀態!G:G,門市狀態!H:H,"") -> 吳宗鴻 | F49: =IFERROR(IF(VLOOKUP(A49,門市狀態!A:D,4,FALSE)=0,"",VLOOKUP(A49,門市狀態!A:D,4,FALSE)),"") | H49: =IF(I49>0,(TEXT(I49,"yyyymmdd")&$V$2&A49&$V$2&B49&$S$2),"") -> PMQ2-4057-林口香澄店(定保) | I49: {=IF(AND(SUMPRODUCT((IM!$F$2:$F$5000=A49)*(ISNUMBER(SEARCH($C$1, IM!$AC$2:$AC$5000))))>0), $C$1, "")} -> PMQ2 | J49: {=IFERROR(INDEX(IM!$AM$2:$AM$5000, MATCH(1, (IM!$F$2:$F$5000=A49) * (ISNUMBER(SEARCH($C$1, IM!$AC$2:$AC$5000))), 0)), "")} -> 46121 | K49: {=SUMPRODUCT((IM!$F$2:$F$5000=A49)*(IM!$AD$2:$AD$5000="O")*(ISNUMBER(SEARCH($C$1, IM!$AC$2:$AC$5000))))} -> 1 | L49: {=IF(K49>0,IFERROR(HYPERLINK("#'IM'!AC"&MATCH(1,(IM!$F$1:$F$5000=A49)*(ISNUMBER(SEARCH($C$1,IM!$AC$1:$AC$5000))),0),"檢核"),"未登錄"),"")} -> 檢核 | M49: =Q49&S49&U49&W49&X49 -> +EDC | N49: {=IF(AND( SUMPRODUCT( (IM!$F$2:$F$522=A49) * ISNUMBER(SEARCH("*HUB*", IM!$AC$2:$AC$522)) * (IM!$X$2:$X$522>=$A$1) * (IM!$X$2:$X$522<=$B$1)*(W49="HUB") ) > 0 ), "HUB", "")} | O49: =IF( IFERROR(VLOOKUP(A49,門市主檔!A:I,9,FALSE),"")<>$C$1, "未完工", IF( AND($D$1="--",$E$1="--",$F$1="--"), "已完工", IF( OR( AND($D$1<>"--", IFERROR(VLOOKUP(A49,'0919門市清單主檔'!B:AH,31,FALSE),"")=$D$1, IFERROR(VLOOKUP(A49,門市主檔!A:Q,17,FALSE),"")<>$D$1), AND($E$1<>"--", IFERROR(VLOOKUP(A49,'0919門市清單主檔'!B:AH,32,FALSE),"")=$E$1, IFERROR(VLOOKUP(A49,門市主檔!A:S,19,FALSE),"")<>$E$1), AND($F$1<>"--", IFERROR(VLOOKUP(A49,'0919門市清單主檔'!B:AH,33,FALSE),"")=$F$1, IFERROR(VLOOKUP(A49,門市主檔!A:U,21,FALSE),"")<>$F$1), AND( IFERROR(VLOOKUP(A49,'0919門市清單主檔'!B:AC,28,FALSE),"")="+HUB", IFERROR(VLOOKUP(A49,門市主檔!A:X,23,FALSE),"")<>"+HUB" ), AND( IFERROR(VLOOKUP(A49,'0919門市清單主檔'!B:AD,29,FALSE),"")="+EDC", IFERROR(VLOOKUP(A49,門市主檔!A:X,24,FALSE),"")<>"+EDC" ) ), _xlfn.TEXTJOIN( "，", TRUE, IF(AND($D$1<>"--", IFERROR(VLOOKUP(A49,'0919門市清單主檔'!B:AH,31,FALSE),"")=$D$1, IFERROR(VLOOKUP(A49,門市主檔!A:Q,17,FALSE),"")<>$D$1), $D$1, ""), IF(AND($E$1<>"--", IFERROR(VLOOKUP(A49,'0919門市清單主檔'!B:AH,32,FALSE),"")=$E$1, IFERROR(VLOOKUP(A49,門市主檔!A:S,19,FALSE),"")<>$E$1), $E$1, ""), IF(AND($F$1<>"--", IFERROR(VLOOKUP(A49,'0919門市清單主檔'!B:AH,33,FALSE),"")=$F$1, IFERROR(VLOOKUP(A49,門市主檔!A:U,21,FALSE),"")<>$F$1), $F$1, ""), IF(AND(IFERROR(VLOOKUP(A49,'0919門市清單主檔'!B:AC,28,FALSE),"")="+HUB", IFERROR(VLOOKUP(A49,門市主檔!A:X,23,FALSE),"")<>"+HUB"), "+HUB", ""), IF(AND(IFERROR(VLOOKUP(A49,'0919門市清單主檔'!B:AD,29,FALSE),"")="+EDC", IFERROR(VLOOKUP(A49,門市主檔!A:X,24,FALSE),"")<>"+EDC"), "+EDC", "") ) & "未完工", "已完工" ) ) ) -> 已完工 | P49: =(TEXT(I49,"yyyymmdd"))&$V$2&A49&$V$2&B49&$S$2 -> PMQ2-4057-林口香澄店(定保) | Q49: {=IF(AND(SUMPRODUCT((IM!$F$2:$F$5000=A49)*(ISNUMBER(SEARCH($D$1, IM!$AC$2:$AC$5000))))>0), $D$1, "")} | R49: {=IFERROR(INDEX(IM!$AM$2:$AM$5000, MATCH(1, (IM!$F$2:$F$5000=A49) * (ISNUMBER(SEARCH($D$1, IM!$AC$2:$AC$5000))), 0)), "")} | S49: {=IF(AND(SUMPRODUCT((IM!$F$2:$F$5000=A49)*(ISNUMBER(SEARCH($E$1, IM!$AC$2:$AC$5000))))>0), $E$1, "")} | T49: {=IFERROR(INDEX(IM!$AM$2:$AM$5000, MATCH(1, (IM!$F$2:$F$5000=A49) * (ISNUMBER(SEARCH($E$1, IM!$AC$2:$AC$5000))), 0)), "")} | U49: {=IF(AND(SUMPRODUCT((IM!$F$2:$F$5000=A49)*(ISNUMBER(SEARCH($F$1, IM!$AC$2:$AC$5000))))>0), $F$1, "")} | V49: {=IFERROR(INDEX(IM!$AM$2:$AM$5000, MATCH(1, (IM!$F$2:$F$5000=A49) * (ISNUMBER(SEARCH($F$1, IM!$AC$2:$AC$5000))), 0)), "")} | W49: {=IF( SUMPRODUCT( (IM!$F$2:$F$5000=A49)* (ISNUMBER(SEARCH($I$1,IM!$AC$2:$AC$5000)))* (IM!$X$2:$X$5000>=$A$1)* (IM!$X$2:$X$5000<=$B$1) )>0, $I$1, "" )} | X49: {=IF(AND(SUMPRODUCT((IM!$F$2:$F$5000=A49)*(ISNUMBER(SEARCH($J$1, IM!$AC$2:$AC$5000))))>0), $J$1, "")} -> +EDC | Y49: =A49 -> 4057 | Z49: =B49 -> 林口香澄店
A50: L519 | B50: =_xlfn.XLOOKUP(A50,'0919門市清單主檔'!B:B,'0919門市清單主檔'!C:C,"") -> 車麗屋林口店 | C50: =_xlfn.XLOOKUP($A50,'0919門市清單主檔'!B:B,'0919門市清單主檔'!U:U,"") -> 新北市 | D50: =_xlfn.XLOOKUP($A50,'0919門市清單主檔'!B:B,'0919門市清單主檔'!V:V,"") -> 林口區 | E50: =_xlfn.XLOOKUP(D50,門市狀態!G:G,門市狀態!H:H,"") -> 吳宗鴻 | F50: =IFERROR(IF(VLOOKUP(A50,門市狀態!A:D,4,FALSE)=0,"",VLOOKUP(A50,門市狀態!A:D,4,FALSE)),"") | G50: 萊到店 WebPOS | H50: =IF(I50>0,(TEXT(I50,"yyyymmdd")&$V$2&A50&$V$2&B50&$S$2),"") -> PMQ2-L519-車麗屋林口店(定保) | I50: {=IF(AND(SUMPRODUCT((IM!$F$2:$F$5000=A50)*(ISNUMBER(SEARCH($C$1, IM!$AC$2:$AC$5000))))>0), $C$1, "")} -> PMQ2 | J50: {=IFERROR(INDEX(IM!$AM$2:$AM$5000, MATCH(1, (IM!$F$2:$F$5000=A50) * (ISNUMBER(SEARCH($C$1, IM!$AC$2:$AC$5000))), 0)), "")} -> 46121 | K50: {=SUMPRODUCT((IM!$F$2:$F$5000=A50)*(IM!$AD$2:$AD$5000="O")*(ISNUMBER(SEARCH($C$1, IM!$AC$2:$AC$5000))))} -> 1 | L50: {=IF(K50>0,IFERROR(HYPERLINK("#'IM'!AC"&MATCH(1,(IM!$F$1:$F$5000=A50)*(ISNUMBER(SEARCH($C$1,IM!$AC$1:$AC$5000))),0),"檢核"),"未登錄"),"")} -> 檢核 | M50: =Q50&S50&U50&W50&X50 | N50: {=IF(AND( SUMPRODUCT( (IM!$F$2:$F$522=A50) * ISNUMBER(SEARCH("*HUB*", IM!$AC$2:$AC$522)) * (IM!$X$2:$X$522>=$A$1) * (IM!$X$2:$X$522<=$B$1)*(W50="HUB") ) > 0 ), "HUB", "")} | O50: =IF( IFERROR(VLOOKUP(A50,門市主檔!A:I,9,FALSE),"")<>$C$1, "未完工", IF( AND($D$1="--",$E$1="--",$F$1="--"), "已完工", IF( OR( AND($D$1<>"--", IFERROR(VLOOKUP(A50,'0919門市清單主檔'!B:AH,31,FALSE),"")=$D$1, IFERROR(VLOOKUP(A50,門市主檔!A:Q,17,FALSE),"")<>$D$1), AND($E$1<>"--", IFERROR(VLOOKUP(A50,'0919門市清單主檔'!B:AH,32,FALSE),"")=$E$1, IFERROR(VLOOKUP(A50,門市主檔!A:S,19,FALSE),"")<>$E$1), AND($F$1<>"--", IFERROR(VLOOKUP(A50,'0919門市清單主檔'!B:AH,33,FALSE),"")=$F$1, IFERROR(VLOOKUP(A50,門市主檔!A:U,21,FALSE),"")<>$F$1), AND( IFERROR(VLOOKUP(A50,'0919門市清單主檔'!B:AC,28,FALSE),"")="+HUB", IFERROR(VLOOKUP(A50,門市主檔!A:X,23,FALSE),"")<>"+HUB" ), AND( IFERROR(VLOOKUP(A50,'0919門市清單主檔'!B:AD,29,FALSE),"")="+EDC", IFERROR(VLOOKUP(A50,門市主檔!A:X,24,FALSE),"")<>"+EDC" ) ), _xlfn.TEXTJOIN( "，", TRUE, IF(AND($D$1<>"--", IFERROR(VLOOKUP(A50,'0919門市清單主檔'!B:AH,31,FALSE),"")=$D$1, IFERROR(VLOOKUP(A50,門市主檔!A:Q,17,FALSE),"")<>$D$1), $D$1, ""), IF(AND($E$1<>"--", IFERROR(VLOOKUP(A50,'0919門市清單主檔'!B:AH,32,FALSE),"")=$E$1, IFERROR(VLOOKUP(A50,門市主檔!A:S,19,FALSE),"")<>$E$1), $E$1, ""), IF(AND($F$1<>"--", IFERROR(VLOOKUP(A50,'0919門市清單主檔'!B:AH,33,FALSE),"")=$F$1, IFERROR(VLOOKUP(A50,門市主檔!A:U,21,FALSE),"")<>$F$1), $F$1, ""), IF(AND(IFERROR(VLOOKUP(A50,'0919門市清單主檔'!B:AC,28,FALSE),"")="+HUB", IFERROR(VLOOKUP(A50,門市主檔!A:X,23,FALSE),"")<>"+HUB"), "+HUB", ""), IF(AND(IFERROR(VLOOKUP(A50,'0919門市清單主檔'!B:AD,29,FALSE),"")="+EDC", IFERROR(VLOOKUP(A50,門市主檔!A:X,24,FALSE),"")<>"+EDC"), "+EDC", "") ) & "未完工", "已完工" ) ) ) -> 已完工 | P50: =(TEXT(I50,"yyyymmdd"))&$V$2&A50&$V$2&B50&$S$2 -> PMQ2-L519-車麗屋林口店(定保) | Q50: {=IF(AND(SUMPRODUCT((IM!$F$2:$F$5000=A50)*(ISNUMBER(SEARCH($D$1, IM!$AC$2:$AC$5000))))>0), $D$1, "")} | R50: {=IFERROR(INDEX(IM!$AM$2:$AM$5000, MATCH(1, (IM!$F$2:$F$5000=A50) * (ISNUMBER(SEARCH($D$1, IM!$AC$2:$AC$5000))), 0)), "")} | S50: {=IF(AND(SUMPRODUCT((IM!$F$2:$F$5000=A50)*(ISNUMBER(SEARCH($E$1, IM!$AC$2:$AC$5000))))>0), $E$1, "")} | T50: {=IFERROR(INDEX(IM!$AM$2:$AM$5000, MATCH(1, (IM!$F$2:$F$5000=A50) * (ISNUMBER(SEARCH($E$1, IM!$AC$2:$AC$5000))), 0)), "")} | U50: {=IF(AND(SUMPRODUCT((IM!$F$2:$F$5000=A50)*(ISNUMBER(SEARCH($F$1, IM!$AC$2:$AC$5000))))>0), $F$1, "")} | V50: {=IFERROR(INDEX(IM!$AM$2:$AM$5000, MATCH(1, (IM!$F$2:$F$5000=A50) * (ISNUMBER(SEARCH($F$1, IM!$AC$2:$AC$5000))), 0)), "")} | W50: {=IF( SUMPRODUCT( (IM!$F$2:$F$5000=A50)* (ISNUMBER(SEARCH($I$1,IM!$AC$2:$AC$5000)))* (IM!$X$2:$X$5000>=$A$1)* (IM!$X$2:$X$5000<=$B$1) )>0, $I$1, "" )} | X50: {=IF(AND(SUMPRODUCT((IM!$F$2:$F$5000=A50)*(ISNUMBER(SEARCH($J$1, IM!$AC$2:$AC$5000))))>0), $J$1, "")} | Y50: =A50 -> L519 | Z50: =B50 -> 車麗屋林口店 | AA50: 車麗屋
A51: 4538 | B51: =_xlfn.XLOOKUP(A51,'0919門市清單主檔'!B:B,'0919門市清單主檔'!C:C,"") -> 林口童樂店 | C51: =_xlfn.XLOOKUP($A51,'0919門市清單主檔'!B:B,'0919門市清單主檔'!U:U,"") -> 新北市 | D51: =_xlfn.XLOOKUP($A51,'0919門市清單主檔'!B:B,'0919門市清單主檔'!V:V,"") -> 林口區 | E51: =_xlfn.XLOOKUP(D51,門市狀態!G:G,門市狀態!H:H,"") -> 吳宗鴻 | F51: =IFERROR(IF(VLOOKUP(A51,門市狀態!A:D,4,FALSE)=0,"",VLOOKUP(A51,門市狀態!A:D,4,FALSE)),"") | H51: =IF(I51>0,(TEXT(I51,"yyyymmdd")&$V$2&A51&$V$2&B51&$S$2),"") -> PMQ2-4538-林口童樂店(定保) | I51: {=IF(AND(SUMPRODUCT((IM!$F$2:$F$5000=A51)*(ISNUMBER(SEARCH($C$1, IM!$AC$2:$AC$5000))))>0), $C$1, "")} -> PMQ2 | J51: {=IFERROR(INDEX(IM!$AM$2:$AM$5000, MATCH(1, (IM!$F$2:$F$5000=A51) * (ISNUMBER(SEARCH($C$1, IM!$AC$2:$AC$5000))), 0)), "")} -> 46121 | K51: {=SUMPRODUCT((IM!$F$2:$F$5000=A51)*(IM!$AD$2:$AD$5000="O")*(ISNUMBER(SEARCH($C$1, IM!$AC$2:$AC$5000))))} -> 1 | L51: {=IF(K51>0,IFERROR(HYPERLINK("#'IM'!AC"&MATCH(1,(IM!$F$1:$F$5000=A51)*(ISNUMBER(SEARCH($C$1,IM!$AC$1:$AC$5000))),0),"檢核"),"未登錄"),"")} -> 檢核 | M51: =Q51&S51&U51&W51&X51 -> +EDC | N51: {=IF(AND( SUMPRODUCT( (IM!$F$2:$F$522=A51) * ISNUMBER(SEARCH("*HUB*", IM!$AC$2:$AC$522)) * (IM!$X$2:$X$522>=$A$1) * (IM!$X$2:$X$522<=$B$1)*(W51="HUB") ) > 0 ), "HUB", "")} | O51: =IF( IFERROR(VLOOKUP(A51,門市主檔!A:I,9,FALSE),"")<>$C$1, "未完工", IF( AND($D$1="--",$E$1="--",$F$1="--"), "已完工", IF( OR( AND($D$1<>"--", IFERROR(VLOOKUP(A51,'0919門市清單主檔'!B:AH,31,FALSE),"")=$D$1, IFERROR(VLOOKUP(A51,門市主檔!A:Q,17,FALSE),"")<>$D$1), AND($E$1<>"--", IFERROR(VLOOKUP(A51,'0919門市清單主檔'!B:AH,32,FALSE),"")=$E$1, IFERROR(VLOOKUP(A51,門市主檔!A:S,19,FALSE),"")<>$E$1), AND($F$1<>"--", IFERROR(VLOOKUP(A51,'0919門市清單主檔'!B:AH,33,FALSE),"")=$F$1, IFERROR(VLOOKUP(A51,門市主檔!A:U,21,FALSE),"")<>$F$1), AND( IFERROR(VLOOKUP(A51,'0919門市清單主檔'!B:AC,28,FALSE),"")="+HUB", IFERROR(VLOOKUP(A51,門市主檔!A:X,23,FALSE),"")<>"+HUB" ), AND( IFERROR(VLOOKUP(A51,'0919門市清單主檔'!B:AD,29,FALSE),"")="+EDC", IFERROR(VLOOKUP(A51,門市主檔!A:X,24,FALSE),"")<>"+EDC" ) ), _xlfn.TEXTJOIN( "，", TRUE, IF(AND($D$1<>"--", IFERROR(VLOOKUP(A51,'0919門市清單主檔'!B:AH,31,FALSE),"")=$D$1, IFERROR(VLOOKUP(A51,門市主檔!A:Q,17,FALSE),"")<>$D$1), $D$1, ""), IF(AND($E$1<>"--", IFERROR(VLOOKUP(A51,'0919門市清單主檔'!B:AH,32,FALSE),"")=$E$1, IFERROR(VLOOKUP(A51,門市主檔!A:S,19,FALSE),"")<>$E$1), $E$1, ""), IF(AND($F$1<>"--", IFERROR(VLOOKUP(A51,'0919門市清單主檔'!B:AH,33,FALSE),"")=$F$1, IFERROR(VLOOKUP(A51,門市主檔!A:U,21,FALSE),"")<>$F$1), $F$1, ""), IF(AND(IFERROR(VLOOKUP(A51,'0919門市清單主檔'!B:AC,28,FALSE),"")="+HUB", IFERROR(VLOOKUP(A51,門市主檔!A:X,23,FALSE),"")<>"+HUB"), "+HUB", ""), IF(AND(IFERROR(VLOOKUP(A51,'0919門市清單主檔'!B:AD,29,FALSE),"")="+EDC", IFERROR(VLOOKUP(A51,門市主檔!A:X,24,FALSE),"")<>"+EDC"), "+EDC", "") ) & "未完工", "已完工" ) ) ) -> +SC7未完工 | P51: =(TEXT(I51,"yyyymmdd"))&$V$2&A51&$V$2&B51&$S$2 -> PMQ2-4538-林口童樂店(定保) | Q51: {=IF(AND(SUMPRODUCT((IM!$F$2:$F$5000=A51)*(ISNUMBER(SEARCH($D$1, IM!$AC$2:$AC$5000))))>0), $D$1, "")} | R51: {=IFERROR(INDEX(IM!$AM$2:$AM$5000, MATCH(1, (IM!$F$2:$F$5000=A51) * (ISNUMBER(SEARCH($D$1, IM!$AC$2:$AC$5000))), 0)), "")} | S51: {=IF(AND(SUMPRODUCT((IM!$F$2:$F$5000=A51)*(ISNUMBER(SEARCH($E$1, IM!$AC$2:$AC$5000))))>0), $E$1, "")} | T51: {=IFERROR(INDEX(IM!$AM$2:$AM$5000, MATCH(1, (IM!$F$2:$F$5000=A51) * (ISNUMBER(SEARCH($E$1, IM!$AC$2:$AC$5000))), 0)), "")} | U51: {=IF(AND(SUMPRODUCT((IM!$F$2:$F$5000=A51)*(ISNUMBER(SEARCH($F$1, IM!$AC$2:$AC$5000))))>0), $F$1, "")} | V51: {=IFERROR(INDEX(IM!$AM$2:$AM$5000, MATCH(1, (IM!$F$2:$F$5000=A51) * (ISNUMBER(SEARCH($F$1, IM!$AC$2:$AC$5000))), 0)), "")} | W51: {=IF( SUMPRODUCT( (IM!$F$2:$F$5000=A51)* (ISNUMBER(SEARCH($I$1,IM!$AC$2:$AC$5000)))* (IM!$X$2:$X$5000>=$A$1)* (IM!$X$2:$X$5000<=$B$1) )>0, $I$1, "" )} | X51: {=IF(AND(SUMPRODUCT((IM!$F$2:$F$5000=A51)*(ISNUMBER(SEARCH($J$1, IM!$AC$2:$AC$5000))))>0), $J$1, "")} -> +EDC | Y51: =A51 -> 4538 | Z51: =B51 -> 林口童樂店
A52: 5364 | B52: =_xlfn.XLOOKUP(A52,'0919門市清單主檔'!B:B,'0919門市清單主檔'!C:C,"") -> 林口舊街店 | C52: =_xlfn.XLOOKUP($A52,'0919門市清單主檔'!B:B,'0919門市清單主檔'!U:U,"") -> 新北市 | D52: =_xlfn.XLOOKUP($A52,'0919門市清單主檔'!B:B,'0919門市清單主檔'!V:V,"") -> 林口區 | E52: =_xlfn.XLOOKUP(D52,門市狀態!G:G,門市狀態!H:H,"") -> 吳宗鴻 | F52: =IFERROR(IF(VLOOKUP(A52,門市狀態!A:D,4,FALSE)=0,"",VLOOKUP(A52,門市狀態!A:D,4,FALSE)),"") | H52: =IF(I52>0,(TEXT(I52,"yyyymmdd")&$V$2&A52&$V$2&B52&$S$2),"") -> PMQ2-5364-林口舊街店(定保) | I52: {=IF(AND(SUMPRODUCT((IM!$F$2:$F$5000=A52)*(ISNUMBER(SEARCH($C$1, IM!$AC$2:$AC$5000))))>0), $C$1, "")} -> PMQ2 | J52: {=IFERROR(INDEX(IM!$AM$2:$AM$5000, MATCH(1, (IM!$F$2:$F$5000=A52) * (ISNUMBER(SEARCH($C$1, IM!$AC$2:$AC$5000))), 0)), "")} -> 46121 | K52: {=SUMPRODUCT((IM!$F$2:$F$5000=A52)*(IM!$AD$2:$AD$5000="O")*(ISNUMBER(SEARCH($C$1, IM!$AC$2:$AC$5000))))} -> 1 | L52: {=IF(K52>0,IFERROR(HYPERLINK("#'IM'!AC"&MATCH(1,(IM!$F$1:$F$5000=A52)*(ISNUMBER(SEARCH($C$1,IM!$AC$1:$AC$5000))),0),"檢核"),"未登錄"),"")} -> 檢核 | M52: =Q52&S52&U52&W52&X52 -> +EDC | N52: {=IF(AND( SUMPRODUCT( (IM!$F$2:$F$522=A52) * ISNUMBER(SEARCH("*HUB*", IM!$AC$2:$AC$522)) * (IM!$X$2:$X$522>=$A$1) * (IM!$X$2:$X$522<=$B$1)*(W52="HUB") ) > 0 ), "HUB", "")} | O52: =IF( IFERROR(VLOOKUP(A52,門市主檔!A:I,9,FALSE),"")<>$C$1, "未完工", IF( AND($D$1="--",$E$1="--",$F$1="--"), "已完工", IF( OR( AND($D$1<>"--", IFERROR(VLOOKUP(A52,'0919門市清單主檔'!B:AH,31,FALSE),"")=$D$1, IFERROR(VLOOKUP(A52,門市主檔!A:Q,17,FALSE),"")<>$D$1), AND($E$1<>"--", IFERROR(VLOOKUP(A52,'0919門市清單主檔'!B:AH,32,FALSE),"")=$E$1, IFERROR(VLOOKUP(A52,門市主檔!A:S,19,FALSE),"")<>$E$1), AND($F$1<>"--", IFERROR(VLOOKUP(A52,'0919門市清單主檔'!B:AH,33,FALSE),"")=$F$1, IFERROR(VLOOKUP(A52,門市主檔!A:U,21,FALSE),"")<>$F$1), AND( IFERROR(VLOOKUP(A52,'0919門市清單主檔'!B:AC,28,FALSE),"")="+HUB", IFERROR(VLOOKUP(A52,門市主檔!A:X,23,FALSE),"")<>"+HUB" ), AND( IFERROR(VLOOKUP(A52,'0919門市清單主檔'!B:AD,29,FALSE),"")="+EDC", IFERROR(VLOOKUP(A52,門市主檔!A:X,24,FALSE),"")<>"+EDC" ) ), _xlfn.TEXTJOIN( "，", TRUE, IF(AND($D$1<>"--", IFERROR(VLOOKUP(A52,'0919門市清單主檔'!B:AH,31,FALSE),"")=$D$1, IFERROR(VLOOKUP(A52,門市主檔!A:Q,17,FALSE),"")<>$D$1), $D$1, ""), IF(AND($E$1<>"--", IFERROR(VLOOKUP(A52,'0919門市清單主檔'!B:AH,32,FALSE),"")=$E$1, IFERROR(VLOOKUP(A52,門市主檔!A:S,19,FALSE),"")<>$E$1), $E$1, ""), IF(AND($F$1<>"--", IFERROR(VLOOKUP(A52,'0919門市清單主檔'!B:AH,33,FALSE),"")=$F$1, IFERROR(VLOOKUP(A52,門市主檔!A:U,21,FALSE),"")<>$F$1), $F$1, ""), IF(AND(IFERROR(VLOOKUP(A52,'0919門市清單主檔'!B:AC,28,FALSE),"")="+HUB", IFERROR(VLOOKUP(A52,門市主檔!A:X,23,FALSE),"")<>"+HUB"), "+HUB", ""), IF(AND(IFERROR(VLOOKUP(A52,'0919門市清單主檔'!B:AD,29,FALSE),"")="+EDC", IFERROR(VLOOKUP(A52,門市主檔!A:X,24,FALSE),"")<>"+EDC"), "+EDC", "") ) & "未完工", "已完工" ) ) ) -> 已完工 | P52: =(TEXT(I52,"yyyymmdd"))&$V$2&A52&$V$2&B52&$S$2 -> PMQ2-5364-林口舊街店(定保) | Q52: {=IF(AND(SUMPRODUCT((IM!$F$2:$F$5000=A52)*(ISNUMBER(SEARCH($D$1, IM!$AC$2:$AC$5000))))>0), $D$1, "")} | R52: {=IFERROR(INDEX(IM!$AM$2:$AM$5000, MATCH(1, (IM!$F$2:$F$5000=A52) * (ISNUMBER(SEARCH($D$1, IM!$AC$2:$AC$5000))), 0)), "")} | S52: {=IF(AND(SUMPRODUCT((IM!$F$2:$F$5000=A52)*(ISNUMBER(SEARCH($E$1, IM!$AC$2:$AC$5000))))>0), $E$1, "")} | T52: {=IFERROR(INDEX(IM!$AM$2:$AM$5000, MATCH(1, (IM!$F$2:$F$5000=A52) * (ISNUMBER(SEARCH($E$1, IM!$AC$2:$AC$5000))), 0)), "")} | U52: {=IF(AND(SUMPRODUCT((IM!$F$2:$F$5000=A52)*(ISNUMBER(SEARCH($F$1, IM!$AC$2:$AC$5000))))>0), $F$1, "")} | V52: {=IFERROR(INDEX(IM!$AM$2:$AM$5000, MATCH(1, (IM!$F$2:$F$5000=A52) * (ISNUMBER(SEARCH($F$1, IM!$AC$2:$AC$5000))), 0)), "")} | W52: {=IF( SUMPRODUCT( (IM!$F$2:$F$5000=A52)* (ISNUMBER(SEARCH($I$1,IM!$AC$2:$AC$5000)))* (IM!$X$2:$X$5000>=$A$1)* (IM!$X$2:$X$5000<=$B$1) )>0, $I$1, "" )} | X52: {=IF(AND(SUMPRODUCT((IM!$F$2:$F$5000=A52)*(ISNUMBER(SEARCH($J$1, IM!$AC$2:$AC$5000))))>0), $J$1, "")} -> +EDC | Y52: =A52 -> 5364 | Z52: =B52 -> 林口舊街店
A53: 4483 | B53: =_xlfn.XLOOKUP(A53,'0919門市清單主檔'!B:B,'0919門市清單主檔'!C:C,"") -> 林口築夢店 | C53: =_xlfn.XLOOKUP($A53,'0919門市清單主檔'!B:B,'0919門市清單主檔'!U:U,"") -> 新北市 | D53: =_xlfn.XLOOKUP($A53,'0919門市清單主檔'!B:B,'0919門市清單主檔'!V:V,"") -> 林口區 | E53: =_xlfn.XLOOKUP(D53,門市狀態!G:G,門市狀態!H:H,"") -> 吳宗鴻 | F53: =IFERROR(IF(VLOOKUP(A53,門市狀態!A:D,4,FALSE)=0,"",VLOOKUP(A53,門市狀態!A:D,4,FALSE)),"") | H53: =IF(I53>0,(TEXT(I53,"yyyymmdd")&$V$2&A53&$V$2&B53&$S$2),"") -> PMQ2-4483-林口築夢店(定保) | I53: {=IF(AND(SUMPRODUCT((IM!$F$2:$F$5000=A53)*(ISNUMBER(SEARCH($C$1, IM!$AC$2:$AC$5000))))>0), $C$1, "")} -> PMQ2 | J53: {=IFERROR(INDEX(IM!$AM$2:$AM$5000, MATCH(1, (IM!$F$2:$F$5000=A53) * (ISNUMBER(SEARCH($C$1, IM!$AC$2:$AC$5000))), 0)), "")} -> 46121 | K53: {=SUMPRODUCT((IM!$F$2:$F$5000=A53)*(IM!$AD$2:$AD$5000="O")*(ISNUMBER(SEARCH($C$1, IM!$AC$2:$AC$5000))))} -> 1 | L53: {=IF(K53>0,IFERROR(HYPERLINK("#'IM'!AC"&MATCH(1,(IM!$F$1:$F$5000=A53)*(ISNUMBER(SEARCH($C$1,IM!$AC$1:$AC$5000))),0),"檢核"),"未登錄"),"")} -> 檢核 | M53: =Q53&S53&U53&W53&X53 -> +EDC | N53: {=IF(AND( SUMPRODUCT( (IM!$F$2:$F$522=A53) * ISNUMBER(SEARCH("*HUB*", IM!$AC$2:$AC$522)) * (IM!$X$2:$X$522>=$A$1) * (IM!$X$2:$X$522<=$B$1)*(W53="HUB") ) > 0 ), "HUB", "")} | O53: =IF( IFERROR(VLOOKUP(A53,門市主檔!A:I,9,FALSE),"")<>$C$1, "未完工", IF( AND($D$1="--",$E$1="--",$F$1="--"), "已完工", IF( OR( AND($D$1<>"--", IFERROR(VLOOKUP(A53,'0919門市清單主檔'!B:AH,31,FALSE),"")=$D$1, IFERROR(VLOOKUP(A53,門市主檔!A:Q,17,FALSE),"")<>$D$1), AND($E$1<>"--", IFERROR(VLOOKUP(A53,'0919門市清單主檔'!B:AH,32,FALSE),"")=$E$1, IFERROR(VLOOKUP(A53,門市主檔!A:S,19,FALSE),"")<>$E$1), AND($F$1<>"--", IFERROR(VLOOKUP(A53,'0919門市清單主檔'!B:AH,33,FALSE),"")=$F$1, IFERROR(VLOOKUP(A53,門市主檔!A:U,21,FALSE),"")<>$F$1), AND( IFERROR(VLOOKUP(A53,'0919門市清單主檔'!B:AC,28,FALSE),"")="+HUB", IFERROR(VLOOKUP(A53,門市主檔!A:X,23,FALSE),"")<>"+HUB" ), AND( IFERROR(VLOOKUP(A53,'0919門市清單主檔'!B:AD,29,FALSE),"")="+EDC", IFERROR(VLOOKUP(A53,門市主檔!A:X,24,FALSE),"")<>"+EDC" ) ), _xlfn.TEXTJOIN( "，", TRUE, IF(AND($D$1<>"--", IFERROR(VLOOKUP(A53,'0919門市清單主檔'!B:AH,31,FALSE),"")=$D$1, IFERROR(VLOOKUP(A53,門市主檔!A:Q,17,FALSE),"")<>$D$1), $D$1, ""), IF(AND($E$1<>"--", IFERROR(VLOOKUP(A53,'0919門市清單主檔'!B:AH,32,FALSE),"")=$E$1, IFERROR(VLOOKUP(A53,門市主檔!A:S,19,FALSE),"")<>$E$1), $E$1, ""), IF(AND($F$1<>"--", IFERROR(VLOOKUP(A53,'0919門市清單主檔'!B:AH,33,FALSE),"")=$F$1, IFERROR(VLOOKUP(A53,門市主檔!A:U,21,FALSE),"")<>$F$1), $F$1, ""), IF(AND(IFERROR(VLOOKUP(A53,'0919門市清單主檔'!B:AC,28,FALSE),"")="+HUB", IFERROR(VLOOKUP(A53,門市主檔!A:X,23,FALSE),"")<>"+HUB"), "+HUB", ""), IF(AND(IFERROR(VLOOKUP(A53,'0919門市清單主檔'!B:AD,29,FALSE),"")="+EDC", IFERROR(VLOOKUP(A53,門市主檔!A:X,24,FALSE),"")<>"+EDC"), "+EDC", "") ) & "未完工", "已完工" ) ) ) -> 已完工 | P53: =(TEXT(I53,"yyyymmdd"))&$V$2&A53&$V$2&B53&$S$2 -> PMQ2-4483-林口築夢店(定保) | Q53: {=IF(AND(SUMPRODUCT((IM!$F$2:$F$5000=A53)*(ISNUMBER(SEARCH($D$1, IM!$AC$2:$AC$5000))))>0), $D$1, "")} | R53: {=IFERROR(INDEX(IM!$AM$2:$AM$5000, MATCH(1, (IM!$F$2:$F$5000=A53) * (ISNUMBER(SEARCH($D$1, IM!$AC$2:$AC$5000))), 0)), "")} | S53: {=IF(AND(SUMPRODUCT((IM!$F$2:$F$5000=A53)*(ISNUMBER(SEARCH($E$1, IM!$AC$2:$AC$5000))))>0), $E$1, "")} | T53: {=IFERROR(INDEX(IM!$AM$2:$AM$5000, MATCH(1, (IM!$F$2:$F$5000=A53) * (ISNUMBER(SEARCH($E$1, IM!$AC$2:$AC$5000))), 0)), "")} | U53: {=IF(AND(SUMPRODUCT((IM!$F$2:$F$5000=A53)*(ISNUMBER(SEARCH($F$1, IM!$AC$2:$AC$5000))))>0), $F$1, "")} | V53: {=IFERROR(INDEX(IM!$AM$2:$AM$5000, MATCH(1, (IM!$F$2:$F$5000=A53) * (ISNUMBER(SEARCH($F$1, IM!$AC$2:$AC$5000))), 0)), "")} | W53: {=IF( SUMPRODUCT( (IM!$F$2:$F$5000=A53)* (ISNUMBER(SEARCH($I$1,IM!$AC$2:$AC$5000)))* (IM!$X$2:$X$5000>=$A$1)* (IM!$X$2:$X$5000<=$B$1) )>0, $I$1, "" )} | X53: {=IF(AND(SUMPRODUCT((IM!$F$2:$F$5000=A53)*(ISNUMBER(SEARCH($J$1, IM!$AC$2:$AC$5000))))>0), $J$1, "")} -> +EDC | Y53: =A53 -> 4483 | Z53: =B53 -> 林口築夢店
A54: 4514 | B54: =_xlfn.XLOOKUP(A54,'0919門市清單主檔'!B:B,'0919門市清單主檔'!C:C,"") -> 林口老師店 | C54: =_xlfn.XLOOKUP($A54,'0919門市清單主檔'!B:B,'0919門市清單主檔'!U:U,"") -> 新北市 | D54: =_xlfn.XLOOKUP($A54,'0919門市清單主檔'!B:B,'0919門市清單主檔'!V:V,"") -> 林口區 | E54: =_xlfn.XLOOKUP(D54,門市狀態!G:G,門市狀態!H:H,"") -> 吳宗鴻 | F54: =IFERROR(IF(VLOOKUP(A54,門市狀態!A:D,4,FALSE)=0,"",VLOOKUP(A54,門市狀態!A:D,4,FALSE)),"") | H54: =IF(I54>0,(TEXT(I54,"yyyymmdd")&$V$2&A54&$V$2&B54&$S$2),"") -> PMQ2-4514-林口老師店(定保) | I54: {=IF(AND(SUMPRODUCT((IM!$F$2:$F$5000=A54)*(ISNUMBER(SEARCH($C$1, IM!$AC$2:$AC$5000))))>0), $C$1, "")} -> PMQ2 | J54: {=IFERROR(INDEX(IM!$AM$2:$AM$5000, MATCH(1, (IM!$F$2:$F$5000=A54) * (ISNUMBER(SEARCH($C$1, IM!$AC$2:$AC$5000))), 0)), "")} -> 46121 | K54: {=SUMPRODUCT((IM!$F$2:$F$5000=A54)*(IM!$AD$2:$AD$5000="O")*(ISNUMBER(SEARCH($C$1, IM!$AC$2:$AC$5000))))} -> 1 | L54: {=IF(K54>0,IFERROR(HYPERLINK("#'IM'!AC"&MATCH(1,(IM!$F$1:$F$5000=A54)*(ISNUMBER(SEARCH($C$1,IM!$AC$1:$AC$5000))),0),"檢核"),"未登錄"),"")} -> 檢核 | M54: =Q54&S54&U54&W54&X54 -> +EDC | N54: {=IF(AND( SUMPRODUCT( (IM!$F$2:$F$522=A54) * ISNUMBER(SEARCH("*HUB*", IM!$AC$2:$AC$522)) * (IM!$X$2:$X$522>=$A$1) * (IM!$X$2:$X$522<=$B$1)*(W54="HUB") ) > 0 ), "HUB", "")} | O54: =IF( IFERROR(VLOOKUP(A54,門市主檔!A:I,9,FALSE),"")<>$C$1, "未完工", IF( AND($D$1="--",$E$1="--",$F$1="--"), "已完工", IF( OR( AND($D$1<>"--", IFERROR(VLOOKUP(A54,'0919門市清單主檔'!B:AH,31,FALSE),"")=$D$1, IFERROR(VLOOKUP(A54,門市主檔!A:Q,17,FALSE),"")<>$D$1), AND($E$1<>"--", IFERROR(VLOOKUP(A54,'0919門市清單主檔'!B:AH,32,FALSE),"")=$E$1, IFERROR(VLOOKUP(A54,門市主檔!A:S,19,FALSE),"")<>$E$1), AND($F$1<>"--", IFERROR(VLOOKUP(A54,'0919門市清單主檔'!B:AH,33,FALSE),"")=$F$1, IFERROR(VLOOKUP(A54,門市主檔!A:U,21,FALSE),"")<>$F$1), AND( IFERROR(VLOOKUP(A54,'0919門市清單主檔'!B:AC,28,FALSE),"")="+HUB", IFERROR(VLOOKUP(A54,門市主檔!A:X,23,FALSE),"")<>"+HUB" ), AND( IFERROR(VLOOKUP(A54,'0919門市清單主檔'!B:AD,29,FALSE),"")="+EDC", IFERROR(VLOOKUP(A54,門市主檔!A:X,24,FALSE),"")<>"+EDC" ) ), _xlfn.TEXTJOIN( "，", TRUE, IF(AND($D$1<>"--", IFERROR(VLOOKUP(A54,'0919門市清單主檔'!B:AH,31,FALSE),"")=$D$1, IFERROR(VLOOKUP(A54,門市主檔!A:Q,17,FALSE),"")<>$D$1), $D$1, ""), IF(AND($E$1<>"--", IFERROR(VLOOKUP(A54,'0919門市清單主檔'!B:AH,32,FALSE),"")=$E$1, IFERROR(VLOOKUP(A54,門市主檔!A:S,19,FALSE),"")<>$E$1), $E$1, ""), IF(AND($F$1<>"--", IFERROR(VLOOKUP(A54,'0919門市清單主檔'!B:AH,33,FALSE),"")=$F$1, IFERROR(VLOOKUP(A54,門市主檔!A:U,21,FALSE),"")<>$F$1), $F$1, ""), IF(AND(IFERROR(VLOOKUP(A54,'0919門市清單主檔'!B:AC,28,FALSE),"")="+HUB", IFERROR(VLOOKUP(A54,門市主檔!A:X,23,FALSE),"")<>"+HUB"), "+HUB", ""), IF(AND(IFERROR(VLOOKUP(A54,'0919門市清單主檔'!B:AD,29,FALSE),"")="+EDC", IFERROR(VLOOKUP(A54,門市主檔!A:X,24,FALSE),"")<>"+EDC"), "+EDC", "") ) & "未完工", "已完工" ) ) ) -> 已完工 | P54: =(TEXT(I54,"yyyymmdd"))&$V$2&A54&$V$2&B54&$S$2 -> PMQ2-4514-林口老師店(定保) | Q54: {=IF(AND(SUMPRODUCT((IM!$F$2:$F$5000=A54)*(ISNUMBER(SEARCH($D$1, IM!$AC$2:$AC$5000))))>0), $D$1, "")} | R54: {=IFERROR(INDEX(IM!$AM$2:$AM$5000, MATCH(1, (IM!$F$2:$F$5000=A54) * (ISNUMBER(SEARCH($D$1, IM!$AC$2:$AC$5000))), 0)), "")} | S54: {=IF(AND(SUMPRODUCT((IM!$F$2:$F$5000=A54)*(ISNUMBER(SEARCH($E$1, IM!$AC$2:$AC$5000))))>0), $E$1, "")} | T54: {=IFERROR(INDEX(IM!$AM$2:$AM$5000, MATCH(1, (IM!$F$2:$F$5000=A54) * (ISNUMBER(SEARCH($E$1, IM!$AC$2:$AC$5000))), 0)), "")} | U54: {=IF(AND(SUMPRODUCT((IM!$F$2:$F$5000=A54)*(ISNUMBER(SEARCH($F$1, IM!$AC$2:$AC$5000))))>0), $F$1, "")} | V54: {=IFERROR(INDEX(IM!$AM$2:$AM$5000, MATCH(1, (IM!$F$2:$F$5000=A54) * (ISNUMBER(SEARCH($F$1, IM!$AC$2:$AC$5000))), 0)), "")} | W54: {=IF( SUMPRODUCT( (IM!$F$2:$F$5000=A54)* (ISNUMBER(SEARCH($I$1,IM!$AC$2:$AC$5000)))* (IM!$X$2:$X$5000>=$A$1)* (IM!$X$2:$X$5000<=$B$1) )>0, $I$1, "" )} | X54: {=IF(AND(SUMPRODUCT((IM!$F$2:$F$5000=A54)*(ISNUMBER(SEARCH($J$1, IM!$AC$2:$AC$5000))))>0), $J$1, "")} -> +EDC | Y54: =A54 -> 4514 | Z54: =B54 -> 林口老師店
A55: 4020 | B55: =_xlfn.XLOOKUP(A55,'0919門市清單主檔'!B:B,'0919門市清單主檔'!C:C,"") -> 中和連勝店 | C55: =_xlfn.XLOOKUP($A55,'0919門市清單主檔'!B:B,'0919門市清單主檔'!U:U,"") -> 新北市 | D55: =_xlfn.XLOOKUP($A55,'0919門市清單主檔'!B:B,'0919門市清單主檔'!V:V,"") -> 中和區 | E55: =_xlfn.XLOOKUP(D55,門市狀態!G:G,門市狀態!H:H,"") -> 劉柏均 | F55: =IFERROR(IF(VLOOKUP(A55,門市狀態!A:D,4,FALSE)=0,"",VLOOKUP(A55,門市狀態!A:D,4,FALSE)),"") | H55: =IF(I55>0,(TEXT(I55,"yyyymmdd")&$V$2&A55&$V$2&B55&$S$2),"") -> PMQ2-4020-中和連勝店(定保) | I55: {=IF(AND(SUMPRODUCT((IM!$F$2:$F$5000=A55)*(ISNUMBER(SEARCH($C$1, IM!$AC$2:$AC$5000))))>0), $C$1, "")} -> PMQ2 | J55: {=IFERROR(INDEX(IM!$AM$2:$AM$5000, MATCH(1, (IM!$F$2:$F$5000=A55) * (ISNUMBER(SEARCH($C$1, IM!$AC$2:$AC$5000))), 0)), "")} -> 46121 | K55: {=SUMPRODUCT((IM!$F$2:$F$5000=A55)*(IM!$AD$2:$AD$5000="O")*(ISNUMBER(SEARCH($C$1, IM!$AC$2:$AC$5000))))} -> 1 | L55: {=IF(K55>0,IFERROR(HYPERLINK("#'IM'!AC"&MATCH(1,(IM!$F$1:$F$5000=A55)*(ISNUMBER(SEARCH($C$1,IM!$AC$1:$AC$5000))),0),"檢核"),"未登錄"),"")} -> 檢核 | M55: =Q55&S55&U55&W55&X55 -> +EDC | N55: {=IF(AND( SUMPRODUCT( (IM!$F$2:$F$522=A55) * ISNUMBER(SEARCH("*HUB*", IM!$AC$2:$AC$522)) * (IM!$X$2:$X$522>=$A$1) * (IM!$X$2:$X$522<=$B$1)*(W55="HUB") ) > 0 ), "HUB", "")} | O55: =IF( IFERROR(VLOOKUP(A55,門市主檔!A:I,9,FALSE),"")<>$C$1, "未完工", IF( AND($D$1="--",$E$1="--",$F$1="--"), "已完工", IF( OR( AND($D$1<>"--", IFERROR(VLOOKUP(A55,'0919門市清單主檔'!B:AH,31,FALSE),"")=$D$1, IFERROR(VLOOKUP(A55,門市主檔!A:Q,17,FALSE),"")<>$D$1), AND($E$1<>"--", IFERROR(VLOOKUP(A55,'0919門市清單主檔'!B:AH,32,FALSE),"")=$E$1, IFERROR(VLOOKUP(A55,門市主檔!A:S,19,FALSE),"")<>$E$1), AND($F$1<>"--", IFERROR(VLOOKUP(A55,'0919門市清單主檔'!B:AH,33,FALSE),"")=$F$1, IFERROR(VLOOKUP(A55,門市主檔!A:U,21,FALSE),"")<>$F$1), AND( IFERROR(VLOOKUP(A55,'0919門市清單主檔'!B:AC,28,FALSE),"")="+HUB", IFERROR(VLOOKUP(A55,門市主檔!A:X,23,FALSE),"")<>"+HUB" ), AND( IFERROR(VLOOKUP(A55,'0919門市清單主檔'!B:AD,29,FALSE),"")="+EDC", IFERROR(VLOOKUP(A55,門市主檔!A:X,24,FALSE),"")<>"+EDC" ) ), _xlfn.TEXTJOIN( "，", TRUE, IF(AND($D$1<>"--", IFERROR(VLOOKUP(A55,'0919門市清單主檔'!B:AH,31,FALSE),"")=$D$1, IFERROR(VLOOKUP(A55,門市主檔!A:Q,17,FALSE),"")<>$D$1), $D$1, ""), IF(AND($E$1<>"--", IFERROR(VLOOKUP(A55,'0919門市清單主檔'!B:AH,32,FALSE),"")=$E$1, IFERROR(VLOOKUP(A55,門市主檔!A:S,19,FALSE),"")<>$E$1), $E$1, ""), IF(AND($F$1<>"--", IFERROR(VLOOKUP(A55,'0919門市清單主檔'!B:AH,33,FALSE),"")=$F$1, IFERROR(VLOOKUP(A55,門市主檔!A:U,21,FALSE),"")<>$F$1), $F$1, ""), IF(AND(IFERROR(VLOOKUP(A55,'0919門市清單主檔'!B:AC,28,FALSE),"")="+HUB", IFERROR(VLOOKUP(A55,門市主檔!A:X,23,FALSE),"")<>"+HUB"), "+HUB", ""), IF(AND(IFERROR(VLOOKUP(A55,'0919門市清單主檔'!B:AD,29,FALSE),"")="+EDC", IFERROR(VLOOKUP(A55,門市主檔!A:X,24,FALSE),"")<>"+EDC"), "+EDC", "") ) & "未完工", "已完工" ) ) ) -> 已完工 | P55: =(TEXT(I55,"yyyymmdd"))&$V$2&A55&$V$2&B55&$S$2 -> PMQ2-4020-中和連勝店(定保) | Q55: {=IF(AND(SUMPRODUCT((IM!$F$2:$F$5000=A55)*(ISNUMBER(SEARCH($D$1, IM!$AC$2:$AC$5000))))>0), $D$1, "")} | R55: {=IFERROR(INDEX(IM!$AM$2:$AM$5000, MATCH(1, (IM!$F$2:$F$5000=A55) * (ISNUMBER(SEARCH($D$1, IM!$AC$2:$AC$5000))), 0)), "")} | S55: {=IF(AND(SUMPRODUCT((IM!$F$2:$F$5000=A55)*(ISNUMBER(SEARCH($E$1, IM!$AC$2:$AC$5000))))>0), $E$1, "")} | T55: {=IFERROR(INDEX(IM!$AM$2:$AM$5000, MATCH(1, (IM!$F$2:$F$5000=A55) * (ISNUMBER(SEARCH($E$1, IM!$AC$2:$AC$5000))), 0)), "")} | U55: {=IF(AND(SUMPRODUCT((IM!$F$2:$F$5000=A55)*(ISNUMBER(SEARCH($F$1, IM!$AC$2:$AC$5000))))>0), $F$1, "")} | V55: {=IFERROR(INDEX(IM!$AM$2:$AM$5000, MATCH(1, (IM!$F$2:$F$5000=A55) * (ISNUMBER(SEARCH($F$1, IM!$AC$2:$AC$5000))), 0)), "")} | W55: {=IF( SUMPRODUCT( (IM!$F$2:$F$5000=A55)* (ISNUMBER(SEARCH($I$1,IM!$AC$2:$AC$5000)))* (IM!$X$2:$X$5000>=$A$1)* (IM!$X$2:$X$5000<=$B$1) )>0, $I$1, "" )} | X55: {=IF(AND(SUMPRODUCT((IM!$F$2:$F$5000=A55)*(ISNUMBER(SEARCH($J$1, IM!$AC$2:$AC$5000))))>0), $J$1, "")} -> +EDC | Y55: =A55 -> 4020 | Z55: =B55 -> 中和連勝店 | AA55: L90未執行
A56: 4125 | B56: =_xlfn.XLOOKUP(A56,'0919門市清單主檔'!B:B,'0919門市清單主檔'!C:C,"") -> 蘆洲長樂店 | C56: =_xlfn.XLOOKUP($A56,'0919門市清單主檔'!B:B,'0919門市清單主檔'!U:U,"") -> 新北市 | D56: =_xlfn.XLOOKUP($A56,'0919門市清單主檔'!B:B,'0919門市清單主檔'!V:V,"") -> 蘆洲區 | E56: =_xlfn.XLOOKUP(D56,門市狀態!G:G,門市狀態!H:H,"") -> 湯家瑋 | F56: =IFERROR(IF(VLOOKUP(A56,門市狀態!A:D,4,FALSE)=0,"",VLOOKUP(A56,門市狀態!A:D,4,FALSE)),"") | H56: =IF(I56>0,(TEXT(I56,"yyyymmdd")&$V$2&A56&$V$2&B56&$S$2),"") -> PMQ2-4125-蘆洲長樂店(定保) | I56: {=IF(AND(SUMPRODUCT((IM!$F$2:$F$5000=A56)*(ISNUMBER(SEARCH($C$1, IM!$AC$2:$AC$5000))))>0), $C$1, "")} -> PMQ2 | J56: {=IFERROR(INDEX(IM!$AM$2:$AM$5000, MATCH(1, (IM!$F$2:$F$5000=A56) * (ISNUMBER(SEARCH($C$1, IM!$AC$2:$AC$5000))), 0)), "")} -> 46122 | K56: {=SUMPRODUCT((IM!$F$2:$F$5000=A56)*(IM!$AD$2:$AD$5000="O")*(ISNUMBER(SEARCH($C$1, IM!$AC$2:$AC$5000))))} -> 1 | L56: {=IF(K56>0,IFERROR(HYPERLINK("#'IM'!AC"&MATCH(1,(IM!$F$1:$F$5000=A56)*(ISNUMBER(SEARCH($C$1,IM!$AC$1:$AC$5000))),0),"檢核"),"未登錄"),"")} -> 檢核 | M56: =Q56&S56&U56&W56&X56 -> +EDC | N56: {=IF(AND( SUMPRODUCT( (IM!$F$2:$F$522=A56) * ISNUMBER(SEARCH("*HUB*", IM!$AC$2:$AC$522)) * (IM!$X$2:$X$522>=$A$1) * (IM!$X$2:$X$522<=$B$1)*(W56="HUB") ) > 0 ), "HUB", "")} | O56: =IF( IFERROR(VLOOKUP(A56,門市主檔!A:I,9,FALSE),"")<>$C$1, "未完工", IF( AND($D$1="--",$E$1="--",$F$1="--"), "已完工", IF( OR( AND($D$1<>"--", IFERROR(VLOOKUP(A56,'0919門市清單主檔'!B:AH,31,FALSE),"")=$D$1, IFERROR(VLOOKUP(A56,門市主檔!A:Q,17,FALSE),"")<>$D$1), AND($E$1<>"--", IFERROR(VLOOKUP(A56,'0919門市清單主檔'!B:AH,32,FALSE),"")=$E$1, IFERROR(VLOOKUP(A56,門市主檔!A:S,19,FALSE),"")<>$E$1), AND($F$1<>"--", IFERROR(VLOOKUP(A56,'0919門市清單主檔'!B:AH,33,FALSE),"")=$F$1, IFERROR(VLOOKUP(A56,門市主檔!A:U,21,FALSE),"")<>$F$1), AND( IFERROR(VLOOKUP(A56,'0919門市清單主檔'!B:AC,28,FALSE),"")="+HUB", IFERROR(VLOOKUP(A56,門市主檔!A:X,23,FALSE),"")<>"+HUB" ), AND( IFERROR(VLOOKUP(A56,'0919門市清單主檔'!B:AD,29,FALSE),"")="+EDC", IFERROR(VLOOKUP(A56,門市主檔!A:X,24,FALSE),"")<>"+EDC" ) ), _xlfn.TEXTJOIN( "，", TRUE, IF(AND($D$1<>"--", IFERROR(VLOOKUP(A56,'0919門市清單主檔'!B:AH,31,FALSE),"")=$D$1, IFERROR(VLOOKUP(A56,門市主檔!A:Q,17,FALSE),"")<>$D$1), $D$1, ""), IF(AND($E$1<>"--", IFERROR(VLOOKUP(A56,'0919門市清單主檔'!B:AH,32,FALSE),"")=$E$1, IFERROR(VLOOKUP(A56,門市主檔!A:S,19,FALSE),"")<>$E$1), $E$1, ""), IF(AND($F$1<>"--", IFERROR(VLOOKUP(A56,'0919門市清單主檔'!B:AH,33,FALSE),"")=$F$1, IFERROR(VLOOKUP(A56,門市主檔!A:U,21,FALSE),"")<>$F$1), $F$1, ""), IF(AND(IFERROR(VLOOKUP(A56,'0919門市清單主檔'!B:AC,28,FALSE),"")="+HUB", IFERROR(VLOOKUP(A56,門市主檔!A:X,23,FALSE),"")<>"+HUB"), "+HUB", ""), IF(AND(IFERROR(VLOOKUP(A56,'0919門市清單主檔'!B:AD,29,FALSE),"")="+EDC", IFERROR(VLOOKUP(A56,門市主檔!A:X,24,FALSE),"")<>"+EDC"), "+EDC", "") ) & "未完工", "已完工" ) ) ) -> 已完工 | P56: =(TEXT(I56,"yyyymmdd"))&$V$2&A56&$V$2&B56&$S$2 -> PMQ2-4125-蘆洲長樂店(定保) | Q56: {=IF(AND(SUMPRODUCT((IM!$F$2:$F$5000=A56)*(ISNUMBER(SEARCH($D$1, IM!$AC$2:$AC$5000))))>0), $D$1, "")} | R56: {=IFERROR(INDEX(IM!$AM$2:$AM$5000, MATCH(1, (IM!$F$2:$F$5000=A56) * (ISNUMBER(SEARCH($D$1, IM!$AC$2:$AC$5000))), 0)), "")} | S56: {=IF(AND(SUMPRODUCT((IM!$F$2:$F$5000=A56)*(ISNUMBER(SEARCH($E$1, IM!$AC$2:$AC$5000))))>0), $E$1, "")} | T56: {=IFERROR(INDEX(IM!$AM$2:$AM$5000, MATCH(1, (IM!$F$2:$F$5000=A56) * (ISNUMBER(SEARCH($E$1, IM!$AC$2:$AC$5000))), 0)), "")} | U56: {=IF(AND(SUMPRODUCT((IM!$F$2:$F$5000=A56)*(ISNUMBER(SEARCH($F$1, IM!$AC$2:$AC$5000))))>0), $F$1, "")} | V56: {=IFERROR(INDEX(IM!$AM$2:$AM$5000, MATCH(1, (IM!$F$2:$F$5000=A56) * (ISNUMBER(SEARCH($F$1, IM!$AC$2:$AC$5000))), 0)), "")} | W56: {=IF( SUMPRODUCT( (IM!$F$2:$F$5000=A56)* (ISNUMBER(SEARCH($I$1,IM!$AC$2:$AC$5000)))* (IM!$X$2:$X$5000>=$A$1)* (IM!$X$2:$X$5000<=$B$1) )>0, $I$1, "" )} | X56: {=IF(AND(SUMPRODUCT((IM!$F$2:$F$5000=A56)*(ISNUMBER(SEARCH($J$1, IM!$AC$2:$AC$5000))))>0), $J$1, "")} -> +EDC | Y56: =A56 -> 4125 | Z56: =B56 -> 蘆洲長樂店
A57: 2042 | B57: =_xlfn.XLOOKUP(A57,'0919門市清單主檔'!B:B,'0919門市清單主檔'!C:C,"") -> 三重中央北店 | C57: =_xlfn.XLOOKUP($A57,'0919門市清單主檔'!B:B,'0919門市清單主檔'!U:U,"") -> 新北市 | D57: =_xlfn.XLOOKUP($A57,'0919門市清單主檔'!B:B,'0919門市清單主檔'!V:V,"") -> 三重區 | E57: =_xlfn.XLOOKUP(D57,門市狀態!G:G,門市狀態!H:H,"") -> 劉柏均 | F57: =IFERROR(IF(VLOOKUP(A57,門市狀態!A:D,4,FALSE)=0,"",VLOOKUP(A57,門市狀態!A:D,4,FALSE)),"") | H57: =IF(I57>0,(TEXT(I57,"yyyymmdd")&$V$2&A57&$V$2&B57&$S$2),"") -> PMQ2-2042-三重中央北店(定保) | I57: {=IF(AND(SUMPRODUCT((IM!$F$2:$F$5000=A57)*(ISNUMBER(SEARCH($C$1, IM!$AC$2:$AC$5000))))>0), $C$1, "")} -> PMQ2 | J57: {=IFERROR(INDEX(IM!$AM$2:$AM$5000, MATCH(1, (IM!$F$2:$F$5000=A57) * (ISNUMBER(SEARCH($C$1, IM!$AC$2:$AC$5000))), 0)), "")} -> 46122 | K57: {=SUMPRODUCT((IM!$F$2:$F$5000=A57)*(IM!$AD$2:$AD$5000="O")*(ISNUMBER(SEARCH($C$1, IM!$AC$2:$AC$5000))))} -> 1 | L57: {=IF(K57>0,IFERROR(HYPERLINK("#'IM'!AC"&MATCH(1,(IM!$F$1:$F$5000=A57)*(ISNUMBER(SEARCH($C$1,IM!$AC$1:$AC$5000))),0),"檢核"),"未登錄"),"")} -> 檢核 | M57: =Q57&S57&U57&W57&X57 -> +EDC | N57: {=IF(AND( SUMPRODUCT( (IM!$F$2:$F$522=A57) * ISNUMBER(SEARCH("*HUB*", IM!$AC$2:$AC$522)) * (IM!$X$2:$X$522>=$A$1) * (IM!$X$2:$X$522<=$B$1)*(W57="HUB") ) > 0 ), "HUB", "")} | O57: =IF( IFERROR(VLOOKUP(A57,門市主檔!A:I,9,FALSE),"")<>$C$1, "未完工", IF( AND($D$1="--",$E$1="--",$F$1="--"), "已完工", IF( OR( AND($D$1<>"--", IFERROR(VLOOKUP(A57,'0919門市清單主檔'!B:AH,31,FALSE),"")=$D$1, IFERROR(VLOOKUP(A57,門市主檔!A:Q,17,FALSE),"")<>$D$1), AND($E$1<>"--", IFERROR(VLOOKUP(A57,'0919門市清單主檔'!B:AH,32,FALSE),"")=$E$1, IFERROR(VLOOKUP(A57,門市主檔!A:S,19,FALSE),"")<>$E$1), AND($F$1<>"--", IFERROR(VLOOKUP(A57,'0919門市清單主檔'!B:AH,33,FALSE),"")=$F$1, IFERROR(VLOOKUP(A57,門市主檔!A:U,21,FALSE),"")<>$F$1), AND( IFERROR(VLOOKUP(A57,'0919門市清單主檔'!B:AC,28,FALSE),"")="+HUB", IFERROR(VLOOKUP(A57,門市主檔!A:X,23,FALSE),"")<>"+HUB" ), AND( IFERROR(VLOOKUP(A57,'0919門市清單主檔'!B:AD,29,FALSE),"")="+EDC", IFERROR(VLOOKUP(A57,門市主檔!A:X,24,FALSE),"")<>"+EDC" ) ), _xlfn.TEXTJOIN( "，", TRUE, IF(AND($D$1<>"--", IFERROR(VLOOKUP(A57,'0919門市清單主檔'!B:AH,31,FALSE),"")=$D$1, IFERROR(VLOOKUP(A57,門市主檔!A:Q,17,FALSE),"")<>$D$1), $D$1, ""), IF(AND($E$1<>"--", IFERROR(VLOOKUP(A57,'0919門市清單主檔'!B:AH,32,FALSE),"")=$E$1, IFERROR(VLOOKUP(A57,門市主檔!A:S,19,FALSE),"")<>$E$1), $E$1, ""), IF(AND($F$1<>"--", IFERROR(VLOOKUP(A57,'0919門市清單主檔'!B:AH,33,FALSE),"")=$F$1, IFERROR(VLOOKUP(A57,門市主檔!A:U,21,FALSE),"")<>$F$1), $F$1, ""), IF(AND(IFERROR(VLOOKUP(A57,'0919門市清單主檔'!B:AC,28,FALSE),"")="+HUB", IFERROR(VLOOKUP(A57,門市主檔!A:X,23,FALSE),"")<>"+HUB"), "+HUB", ""), IF(AND(IFERROR(VLOOKUP(A57,'0919門市清單主檔'!B:AD,29,FALSE),"")="+EDC", IFERROR(VLOOKUP(A57,門市主檔!A:X,24,FALSE),"")<>"+EDC"), "+EDC", "") ) & "未完工", "已完工" ) ) ) -> 已完工 | P57: =(TEXT(I57,"yyyymmdd"))&$V$2&A57&$V$2&B57&$S$2 -> PMQ2-2042-三重中央北店(定保) | Q57: {=IF(AND(SUMPRODUCT((IM!$F$2:$F$5000=A57)*(ISNUMBER(SEARCH($D$1, IM!$AC$2:$AC$5000))))>0), $D$1, "")} | R57: {=IFERROR(INDEX(IM!$AM$2:$AM$5000, MATCH(1, (IM!$F$2:$F$5000=A57) * (ISNUMBER(SEARCH($D$1, IM!$AC$2:$AC$5000))), 0)), "")} | S57: {=IF(AND(SUMPRODUCT((IM!$F$2:$F$5000=A57)*(ISNUMBER(SEARCH($E$1, IM!$AC$2:$AC$5000))))>0), $E$1, "")} | T57: {=IFERROR(INDEX(IM!$AM$2:$AM$5000, MATCH(1, (IM!$F$2:$F$5000=A57) * (ISNUMBER(SEARCH($E$1, IM!$AC$2:$AC$5000))), 0)), "")} | U57: {=IF(AND(SUMPRODUCT((IM!$F$2:$F$5000=A57)*(ISNUMBER(SEARCH($F$1, IM!$AC$2:$AC$5000))))>0), $F$1, "")} | V57: {=IFERROR(INDEX(IM!$AM$2:$AM$5000, MATCH(1, (IM!$F$2:$F$5000=A57) * (ISNUMBER(SEARCH($F$1, IM!$AC$2:$AC$5000))), 0)), "")} | W57: {=IF( SUMPRODUCT( (IM!$F$2:$F$5000=A57)* (ISNUMBER(SEARCH($I$1,IM!$AC$2:$AC$5000)))* (IM!$X$2:$X$5000>=$A$1)* (IM!$X$2:$X$5000<=$B$1) )>0, $I$1, "" )} | X57: {=IF(AND(SUMPRODUCT((IM!$F$2:$F$5000=A57)*(ISNUMBER(SEARCH($J$1, IM!$AC$2:$AC$5000))))>0), $J$1, "")} -> +EDC | Y57: =A57 -> 2042 | Z57: =B57 -> 三重中央北店
A58: 2259 | B58: =_xlfn.XLOOKUP(A58,'0919門市清單主檔'!B:B,'0919門市清單主檔'!C:C,"") -> 三重興華店 | C58: =_xlfn.XLOOKUP($A58,'0919門市清單主檔'!B:B,'0919門市清單主檔'!U:U,"") -> 新北市 | D58: =_xlfn.XLOOKUP($A58,'0919門市清單主檔'!B:B,'0919門市清單主檔'!V:V,"") -> 三重區 | E58: =_xlfn.XLOOKUP(D58,門市狀態!G:G,門市狀態!H:H,"") -> 劉柏均 | F58: =IFERROR(IF(VLOOKUP(A58,門市狀態!A:D,4,FALSE)=0,"",VLOOKUP(A58,門市狀態!A:D,4,FALSE)),"") | H58: =IF(I58>0,(TEXT(I58,"yyyymmdd")&$V$2&A58&$V$2&B58&$S$2),"") -> PMQ2-2259-三重興華店(定保) | I58: {=IF(AND(SUMPRODUCT((IM!$F$2:$F$5000=A58)*(ISNUMBER(SEARCH($C$1, IM!$AC$2:$AC$5000))))>0), $C$1, "")} -> PMQ2 | J58: {=IFERROR(INDEX(IM!$AM$2:$AM$5000, MATCH(1, (IM!$F$2:$F$5000=A58) * (ISNUMBER(SEARCH($C$1, IM!$AC$2:$AC$5000))), 0)), "")} -> 46122 | K58: {=SUMPRODUCT((IM!$F$2:$F$5000=A58)*(IM!$AD$2:$AD$5000="O")*(ISNUMBER(SEARCH($C$1, IM!$AC$2:$AC$5000))))} -> 1 | L58: {=IF(K58>0,IFERROR(HYPERLINK("#'IM'!AC"&MATCH(1,(IM!$F$1:$F$5000=A58)*(ISNUMBER(SEARCH($C$1,IM!$AC$1:$AC$5000))),0),"檢核"),"未登錄"),"")} -> 檢核 | M58: =Q58&S58&U58&W58&X58 -> +EDC | N58: {=IF(AND( SUMPRODUCT( (IM!$F$2:$F$522=A58) * ISNUMBER(SEARCH("*HUB*", IM!$AC$2:$AC$522)) * (IM!$X$2:$X$522>=$A$1) * (IM!$X$2:$X$522<=$B$1)*(W58="HUB") ) > 0 ), "HUB", "")} | O58: =IF( IFERROR(VLOOKUP(A58,門市主檔!A:I,9,FALSE),"")<>$C$1, "未完工", IF( AND($D$1="--",$E$1="--",$F$1="--"), "已完工", IF( OR( AND($D$1<>"--", IFERROR(VLOOKUP(A58,'0919門市清單主檔'!B:AH,31,FALSE),"")=$D$1, IFERROR(VLOOKUP(A58,門市主檔!A:Q,17,FALSE),"")<>$D$1), AND($E$1<>"--", IFERROR(VLOOKUP(A58,'0919門市清單主檔'!B:AH,32,FALSE),"")=$E$1, IFERROR(VLOOKUP(A58,門市主檔!A:S,19,FALSE),"")<>$E$1), AND($F$1<>"--", IFERROR(VLOOKUP(A58,'0919門市清單主檔'!B:AH,33,FALSE),"")=$F$1, IFERROR(VLOOKUP(A58,門市主檔!A:U,21,FALSE),"")<>$F$1), AND( IFERROR(VLOOKUP(A58,'0919門市清單主檔'!B:AC,28,FALSE),"")="+HUB", IFERROR(VLOOKUP(A58,門市主檔!A:X,23,FALSE),"")<>"+HUB" ), AND( IFERROR(VLOOKUP(A58,'0919門市清單主檔'!B:AD,29,FALSE),"")="+EDC", IFERROR(VLOOKUP(A58,門市主檔!A:X,24,FALSE),"")<>"+EDC" ) ), _xlfn.TEXTJOIN( "，", TRUE, IF(AND($D$1<>"--", IFERROR(VLOOKUP(A58,'0919門市清單主檔'!B:AH,31,FALSE),"")=$D$1, IFERROR(VLOOKUP(A58,門市主檔!A:Q,17,FALSE),"")<>$D$1), $D$1, ""), IF(AND($E$1<>"--", IFERROR(VLOOKUP(A58,'0919門市清單主檔'!B:AH,32,FALSE),"")=$E$1, IFERROR(VLOOKUP(A58,門市主檔!A:S,19,FALSE),"")<>$E$1), $E$1, ""), IF(AND($F$1<>"--", IFERROR(VLOOKUP(A58,'0919門市清單主檔'!B:AH,33,FALSE),"")=$F$1, IFERROR(VLOOKUP(A58,門市主檔!A:U,21,FALSE),"")<>$F$1), $F$1, ""), IF(AND(IFERROR(VLOOKUP(A58,'0919門市清單主檔'!B:AC,28,FALSE),"")="+HUB", IFERROR(VLOOKUP(A58,門市主檔!A:X,23,FALSE),"")<>"+HUB"), "+HUB", ""), IF(AND(IFERROR(VLOOKUP(A58,'0919門市清單主檔'!B:AD,29,FALSE),"")="+EDC", IFERROR(VLOOKUP(A58,門市主檔!A:X,24,FALSE),"")<>"+EDC"), "+EDC", "") ) & "未完工", "已完工" ) ) ) -> 已完工 | P58: =(TEXT(I58,"yyyymmdd"))&$V$2&A58&$V$2&B58&$S$2 -> PMQ2-2259-三重興華店(定保) | Q58: {=IF(AND(SUMPRODUCT((IM!$F$2:$F$5000=A58)*(ISNUMBER(SEARCH($D$1, IM!$AC$2:$AC$5000))))>0), $D$1, "")} | R58: {=IFERROR(INDEX(IM!$AM$2:$AM$5000, MATCH(1, (IM!$F$2:$F$5000=A58) * (ISNUMBER(SEARCH($D$1, IM!$AC$2:$AC$5000))), 0)), "")} | S58: {=IF(AND(SUMPRODUCT((IM!$F$2:$F$5000=A58)*(ISNUMBER(SEARCH($E$1, IM!$AC$2:$AC$5000))))>0), $E$1, "")} | T58: {=IFERROR(INDEX(IM!$AM$2:$AM$5000, MATCH(1, (IM!$F$2:$F$5000=A58) * (ISNUMBER(SEARCH($E$1, IM!$AC$2:$AC$5000))), 0)), "")} | U58: {=IF(AND(SUMPRODUCT((IM!$F$2:$F$5000=A58)*(ISNUMBER(SEARCH($F$1, IM!$AC$2:$AC$5000))))>0), $F$1, "")} | V58: {=IFERROR(INDEX(IM!$AM$2:$AM$5000, MATCH(1, (IM!$F$2:$F$5000=A58) * (ISNUMBER(SEARCH($F$1, IM!$AC$2:$AC$5000))), 0)), "")} | W58: {=IF( SUMPRODUCT( (IM!$F$2:$F$5000=A58)* (ISNUMBER(SEARCH($I$1,IM!$AC$2:$AC$5000)))* (IM!$X$2:$X$5000>=$A$1)* (IM!$X$2:$X$5000<=$B$1) )>0, $I$1, "" )} | X58: {=IF(AND(SUMPRODUCT((IM!$F$2:$F$5000=A58)*(ISNUMBER(SEARCH($J$1, IM!$AC$2:$AC$5000))))>0), $J$1, "")} -> +EDC | Y58: =A58 -> 2259 | Z58: =B58 -> 三重興華店
A59: 2935 | B59: =_xlfn.XLOOKUP(A59,'0919門市清單主檔'!B:B,'0919門市清單主檔'!C:C,"") -> 三重夜市口 | C59: =_xlfn.XLOOKUP($A59,'0919門市清單主檔'!B:B,'0919門市清單主檔'!U:U,"") -> 新北市 | D59: =_xlfn.XLOOKUP($A59,'0919門市清單主檔'!B:B,'0919門市清單主檔'!V:V,"") -> 三重區 | E59: =_xlfn.XLOOKUP(D59,門市狀態!G:G,門市狀態!H:H,"") -> 劉柏均 | F59: =IFERROR(IF(VLOOKUP(A59,門市狀態!A:D,4,FALSE)=0,"",VLOOKUP(A59,門市狀態!A:D,4,FALSE)),"") | H59: =IF(I59>0,(TEXT(I59,"yyyymmdd")&$V$2&A59&$V$2&B59&$S$2),"") -> PMQ2-2935-三重夜市口(定保) | I59: {=IF(AND(SUMPRODUCT((IM!$F$2:$F$5000=A59)*(ISNUMBER(SEARCH($C$1, IM!$AC$2:$AC$5000))))>0), $C$1, "")} -> PMQ2 | J59: {=IFERROR(INDEX(IM!$AM$2:$AM$5000, MATCH(1, (IM!$F$2:$F$5000=A59) * (ISNUMBER(SEARCH($C$1, IM!$AC$2:$AC$5000))), 0)), "")} -> 46122 | K59: {=SUMPRODUCT((IM!$F$2:$F$5000=A59)*(IM!$AD$2:$AD$5000="O")*(ISNUMBER(SEARCH($C$1, IM!$AC$2:$AC$5000))))} -> 1 | L59: {=IF(K59>0,IFERROR(HYPERLINK("#'IM'!AC"&MATCH(1,(IM!$F$1:$F$5000=A59)*(ISNUMBER(SEARCH($C$1,IM!$AC$1:$AC$5000))),0),"檢核"),"未登錄"),"")} -> 檢核 | M59: =Q59&S59&U59&W59&X59 -> +EDC | N59: {=IF(AND( SUMPRODUCT( (IM!$F$2:$F$522=A59) * ISNUMBER(SEARCH("*HUB*", IM!$AC$2:$AC$522)) * (IM!$X$2:$X$522>=$A$1) * (IM!$X$2:$X$522<=$B$1)*(W59="HUB") ) > 0 ), "HUB", "")} | O59: =IF( IFERROR(VLOOKUP(A59,門市主檔!A:I,9,FALSE),"")<>$C$1, "未完工", IF( AND($D$1="--",$E$1="--",$F$1="--"), "已完工", IF( OR( AND($D$1<>"--", IFERROR(VLOOKUP(A59,'0919門市清單主檔'!B:AH,31,FALSE),"")=$D$1, IFERROR(VLOOKUP(A59,門市主檔!A:Q,17,FALSE),"")<>$D$1), AND($E$1<>"--", IFERROR(VLOOKUP(A59,'0919門市清單主檔'!B:AH,32,FALSE),"")=$E$1, IFERROR(VLOOKUP(A59,門市主檔!A:S,19,FALSE),"")<>$E$1), AND($F$1<>"--", IFERROR(VLOOKUP(A59,'0919門市清單主檔'!B:AH,33,FALSE),"")=$F$1, IFERROR(VLOOKUP(A59,門市主檔!A:U,21,FALSE),"")<>$F$1), AND( IFERROR(VLOOKUP(A59,'0919門市清單主檔'!B:AC,28,FALSE),"")="+HUB", IFERROR(VLOOKUP(A59,門市主檔!A:X,23,FALSE),"")<>"+HUB" ), AND( IFERROR(VLOOKUP(A59,'0919門市清單主檔'!B:AD,29,FALSE),"")="+EDC", IFERROR(VLOOKUP(A59,門市主檔!A:X,24,FALSE),"")<>"+EDC" ) ), _xlfn.TEXTJOIN( "，", TRUE, IF(AND($D$1<>"--", IFERROR(VLOOKUP(A59,'0919門市清單主檔'!B:AH,31,FALSE),"")=$D$1, IFERROR(VLOOKUP(A59,門市主檔!A:Q,17,FALSE),"")<>$D$1), $D$1, ""), IF(AND($E$1<>"--", IFERROR(VLOOKUP(A59,'0919門市清單主檔'!B:AH,32,FALSE),"")=$E$1, IFERROR(VLOOKUP(A59,門市主檔!A:S,19,FALSE),"")<>$E$1), $E$1, ""), IF(AND($F$1<>"--", IFERROR(VLOOKUP(A59,'0919門市清單主檔'!B:AH,33,FALSE),"")=$F$1, IFERROR(VLOOKUP(A59,門市主檔!A:U,21,FALSE),"")<>$F$1), $F$1, ""), IF(AND(IFERROR(VLOOKUP(A59,'0919門市清單主檔'!B:AC,28,FALSE),"")="+HUB", IFERROR(VLOOKUP(A59,門市主檔!A:X,23,FALSE),"")<>"+HUB"), "+HUB", ""), IF(AND(IFERROR(VLOOKUP(A59,'0919門市清單主檔'!B:AD,29,FALSE),"")="+EDC", IFERROR(VLOOKUP(A59,門市主檔!A:X,24,FALSE),"")<>"+EDC"), "+EDC", "") ) & "未完工", "已完工" ) ) ) -> 已完工 | P59: =(TEXT(I59,"yyyymmdd"))&$V$2&A59&$V$2&B59&$S$2 -> PMQ2-2935-三重夜市口(定保) | Q59: {=IF(AND(SUMPRODUCT((IM!$F$2:$F$5000=A59)*(ISNUMBER(SEARCH($D$1, IM!$AC$2:$AC$5000))))>0), $D$1, "")} | R59: {=IFERROR(INDEX(IM!$AM$2:$AM$5000, MATCH(1, (IM!$F$2:$F$5000=A59) * (ISNUMBER(SEARCH($D$1, IM!$AC$2:$AC$5000))), 0)), "")} | S59: {=IF(AND(SUMPRODUCT((IM!$F$2:$F$5000=A59)*(ISNUMBER(SEARCH($E$1, IM!$AC$2:$AC$5000))))>0), $E$1, "")} | T59: {=IFERROR(INDEX(IM!$AM$2:$AM$5000, MATCH(1, (IM!$F$2:$F$5000=A59) * (ISNUMBER(SEARCH($E$1, IM!$AC$2:$AC$5000))), 0)), "")} | U59: {=IF(AND(SUMPRODUCT((IM!$F$2:$F$5000=A59)*(ISNUMBER(SEARCH($F$1, IM!$AC$2:$AC$5000))))>0), $F$1, "")} | V59: {=IFERROR(INDEX(IM!$AM$2:$AM$5000, MATCH(1, (IM!$F$2:$F$5000=A59) * (ISNUMBER(SEARCH($F$1, IM!$AC$2:$AC$5000))), 0)), "")} | W59: {=IF( SUMPRODUCT( (IM!$F$2:$F$5000=A59)* (ISNUMBER(SEARCH($I$1,IM!$AC$2:$AC$5000)))* (IM!$X$2:$X$5000>=$A$1)* (IM!$X$2:$X$5000<=$B$1) )>0, $I$1, "" )} | X59: {=IF(AND(SUMPRODUCT((IM!$F$2:$F$5000=A59)*(ISNUMBER(SEARCH($J$1, IM!$AC$2:$AC$5000))))>0), $J$1, "")} -> +EDC | Y59: =A59 -> 2935 | Z59: =B59 -> 三重夜市口
A60: 4259 | B60: =_xlfn.XLOOKUP(A60,'0919門市清單主檔'!B:B,'0919門市清單主檔'!C:C,"") -> 八里水灣店 | C60: =_xlfn.XLOOKUP($A60,'0919門市清單主檔'!B:B,'0919門市清單主檔'!U:U,"") -> 新北市 | D60: =_xlfn.XLOOKUP($A60,'0919門市清單主檔'!B:B,'0919門市清單主檔'!V:V,"") -> 八里區 | E60: =_xlfn.XLOOKUP(D60,門市狀態!G:G,門市狀態!H:H,"") -> 吳宗鴻 | F60: =IFERROR(IF(VLOOKUP(A60,門市狀態!A:D,4,FALSE)=0,"",VLOOKUP(A60,門市狀態!A:D,4,FALSE)),"") | H60: =IF(I60>0,(TEXT(I60,"yyyymmdd")&$V$2&A60&$V$2&B60&$S$2),"") -> PMQ2-4259-八里水灣店(定保) | I60: {=IF(AND(SUMPRODUCT((IM!$F$2:$F$5000=A60)*(ISNUMBER(SEARCH($C$1, IM!$AC$2:$AC$5000))))>0), $C$1, "")} -> PMQ2 | J60: {=IFERROR(INDEX(IM!$AM$2:$AM$5000, MATCH(1, (IM!$F$2:$F$5000=A60) * (ISNUMBER(SEARCH($C$1, IM!$AC$2:$AC$5000))), 0)), "")} -> 46125 | K60: {=SUMPRODUCT((IM!$F$2:$F$5000=A60)*(IM!$AD$2:$AD$5000="O")*(ISNUMBER(SEARCH($C$1, IM!$AC$2:$AC$5000))))} -> 1 | L60: {=IF(K60>0,IFERROR(HYPERLINK("#'IM'!AC"&MATCH(1,(IM!$F$1:$F$5000=A60)*(ISNUMBER(SEARCH($C$1,IM!$AC$1:$AC$5000))),0),"檢核"),"未登錄"),"")} -> 檢核 | M60: =Q60&S60&U60&W60&X60 -> +EDC | N60: {=IF(AND( SUMPRODUCT( (IM!$F$2:$F$522=A60) * ISNUMBER(SEARCH("*HUB*", IM!$AC$2:$AC$522)) * (IM!$X$2:$X$522>=$A$1) * (IM!$X$2:$X$522<=$B$1)*(W60="HUB") ) > 0 ), "HUB", "")} | O60: =IF( IFERROR(VLOOKUP(A60,門市主檔!A:I,9,FALSE),"")<>$C$1, "未完工", IF( AND($D$1="--",$E$1="--",$F$1="--"), "已完工", IF( OR( AND($D$1<>"--", IFERROR(VLOOKUP(A60,'0919門市清單主檔'!B:AH,31,FALSE),"")=$D$1, IFERROR(VLOOKUP(A60,門市主檔!A:Q,17,FALSE),"")<>$D$1), AND($E$1<>"--", IFERROR(VLOOKUP(A60,'0919門市清單主檔'!B:AH,32,FALSE),"")=$E$1, IFERROR(VLOOKUP(A60,門市主檔!A:S,19,FALSE),"")<>$E$1), AND($F$1<>"--", IFERROR(VLOOKUP(A60,'0919門市清單主檔'!B:AH,33,FALSE),"")=$F$1, IFERROR(VLOOKUP(A60,門市主檔!A:U,21,FALSE),"")<>$F$1), AND( IFERROR(VLOOKUP(A60,'0919門市清單主檔'!B:AC,28,FALSE),"")="+HUB", IFERROR(VLOOKUP(A60,門市主檔!A:X,23,FALSE),"")<>"+HUB" ), AND( IFERROR(VLOOKUP(A60,'0919門市清單主檔'!B:AD,29,FALSE),"")="+EDC", IFERROR(VLOOKUP(A60,門市主檔!A:X,24,FALSE),"")<>"+EDC" ) ), _xlfn.TEXTJOIN( "，", TRUE, IF(AND($D$1<>"--", IFERROR(VLOOKUP(A60,'0919門市清單主檔'!B:AH,31,FALSE),"")=$D$1, IFERROR(VLOOKUP(A60,門市主檔!A:Q,17,FALSE),"")<>$D$1), $D$1, ""), IF(AND($E$1<>"--", IFERROR(VLOOKUP(A60,'0919門市清單主檔'!B:AH,32,FALSE),"")=$E$1, IFERROR(VLOOKUP(A60,門市主檔!A:S,19,FALSE),"")<>$E$1), $E$1, ""), IF(AND($F$1<>"--", IFERROR(VLOOKUP(A60,'0919門市清單主檔'!B:AH,33,FALSE),"")=$F$1, IFERROR(VLOOKUP(A60,門市主檔!A:U,21,FALSE),"")<>$F$1), $F$1, ""), IF(AND(IFERROR(VLOOKUP(A60,'0919門市清單主檔'!B:AC,28,FALSE),"")="+HUB", IFERROR(VLOOKUP(A60,門市主檔!A:X,23,FALSE),"")<>"+HUB"), "+HUB", ""), IF(AND(IFERROR(VLOOKUP(A60,'0919門市清單主檔'!B:AD,29,FALSE),"")="+EDC", IFERROR(VLOOKUP(A60,門市主檔!A:X,24,FALSE),"")<>"+EDC"), "+EDC", "") ) & "未完工", "已完工" ) ) ) -> +SC7未完工 | P60: =(TEXT(I60,"yyyymmdd"))&$V$2&A60&$V$2&B60&$S$2 -> PMQ2-4259-八里水灣店(定保) | Q60: {=IF(AND(SUMPRODUCT((IM!$F$2:$F$5000=A60)*(ISNUMBER(SEARCH($D$1, IM!$AC$2:$AC$5000))))>0), $D$1, "")} | R60: {=IFERROR(INDEX(IM!$AM$2:$AM$5000, MATCH(1, (IM!$F$2:$F$5000=A60) * (ISNUMBER(SEARCH($D$1, IM!$AC$2:$AC$5000))), 0)), "")} | S60: {=IF(AND(SUMPRODUCT((IM!$F$2:$F$5000=A60)*(ISNUMBER(SEARCH($E$1, IM!$AC$2:$AC$5000))))>0), $E$1, "")} | T60: {=IFERROR(INDEX(IM!$AM$2:$AM$5000, MATCH(1, (IM!$F$2:$F$5000=A60) * (ISNUMBER(SEARCH($E$1, IM!$AC$2:$AC$5000))), 0)), "")} | U60: {=IF(AND(SUMPRODUCT((IM!$F$2:$F$5000=A60)*(ISNUMBER(SEARCH($F$1, IM!$AC$2:$AC$5000))))>0), $F$1, "")} | V60: {=IFERROR(INDEX(IM!$AM$2:$AM$5000, MATCH(1, (IM!$F$2:$F$5000=A60) * (ISNUMBER(SEARCH($F$1, IM!$AC$2:$AC$5000))), 0)), "")} | W60: {=IF( SUMPRODUCT( (IM!$F$2:$F$5000=A60)* (ISNUMBER(SEARCH($I$1,IM!$AC$2:$AC$5000)))* (IM!$X$2:$X$5000>=$A$1)* (IM!$X$2:$X$5000<=$B$1) )>0, $I$1, "" )} | X60: {=IF(AND(SUMPRODUCT((IM!$F$2:$F$5000=A60)*(ISNUMBER(SEARCH($J$1, IM!$AC$2:$AC$5000))))>0), $J$1, "")} -> +EDC | Y60: =A60 -> 4259 | Z60: =B60 -> 八里水灣店
A61: 2306 | B61: =_xlfn.XLOOKUP(A61,'0919門市清單主檔'!B:B,'0919門市清單主檔'!C:C,"") -> 八里凱旋門 | C61: =_xlfn.XLOOKUP($A61,'0919門市清單主檔'!B:B,'0919門市清單主檔'!U:U,"") -> 新北市 | D61: =_xlfn.XLOOKUP($A61,'0919門市清單主檔'!B:B,'0919門市清單主檔'!V:V,"") -> 八里區 | E61: =_xlfn.XLOOKUP(D61,門市狀態!G:G,門市狀態!H:H,"") -> 吳宗鴻 | F61: =IFERROR(IF(VLOOKUP(A61,門市狀態!A:D,4,FALSE)=0,"",VLOOKUP(A61,門市狀態!A:D,4,FALSE)),"") | H61: =IF(I61>0,(TEXT(I61,"yyyymmdd")&$V$2&A61&$V$2&B61&$S$2),"") -> PMQ2-2306-八里凱旋門(定保) | I61: {=IF(AND(SUMPRODUCT((IM!$F$2:$F$5000=A61)*(ISNUMBER(SEARCH($C$1, IM!$AC$2:$AC$5000))))>0), $C$1, "")} -> PMQ2 | J61: {=IFERROR(INDEX(IM!$AM$2:$AM$5000, MATCH(1, (IM!$F$2:$F$5000=A61) * (ISNUMBER(SEARCH($C$1, IM!$AC$2:$AC$5000))), 0)), "")} -> 46125 | K61: {=SUMPRODUCT((IM!$F$2:$F$5000=A61)*(IM!$AD$2:$AD$5000="O")*(ISNUMBER(SEARCH($C$1, IM!$AC$2:$AC$5000))))} -> 1 | L61: {=IF(K61>0,IFERROR(HYPERLINK("#'IM'!AC"&MATCH(1,(IM!$F$1:$F$5000=A61)*(ISNUMBER(SEARCH($C$1,IM!$AC$1:$AC$5000))),0),"檢核"),"未登錄"),"")} -> 檢核 | M61: =Q61&S61&U61&W61&X61 -> +EDC | N61: {=IF(AND( SUMPRODUCT( (IM!$F$2:$F$522=A61) * ISNUMBER(SEARCH("*HUB*", IM!$AC$2:$AC$522)) * (IM!$X$2:$X$522>=$A$1) * (IM!$X$2:$X$522<=$B$1)*(W61="HUB") ) > 0 ), "HUB", "")} | O61: =IF( IFERROR(VLOOKUP(A61,門市主檔!A:I,9,FALSE),"")<>$C$1, "未完工", IF( AND($D$1="--",$E$1="--",$F$1="--"), "已完工", IF( OR( AND($D$1<>"--", IFERROR(VLOOKUP(A61,'0919門市清單主檔'!B:AH,31,FALSE),"")=$D$1, IFERROR(VLOOKUP(A61,門市主檔!A:Q,17,FALSE),"")<>$D$1), AND($E$1<>"--", IFERROR(VLOOKUP(A61,'0919門市清單主檔'!B:AH,32,FALSE),"")=$E$1, IFERROR(VLOOKUP(A61,門市主檔!A:S,19,FALSE),"")<>$E$1), AND($F$1<>"--", IFERROR(VLOOKUP(A61,'0919門市清單主檔'!B:AH,33,FALSE),"")=$F$1, IFERROR(VLOOKUP(A61,門市主檔!A:U,21,FALSE),"")<>$F$1), AND( IFERROR(VLOOKUP(A61,'0919門市清單主檔'!B:AC,28,FALSE),"")="+HUB", IFERROR(VLOOKUP(A61,門市主檔!A:X,23,FALSE),"")<>"+HUB" ), AND( IFERROR(VLOOKUP(A61,'0919門市清單主檔'!B:AD,29,FALSE),"")="+EDC", IFERROR(VLOOKUP(A61,門市主檔!A:X,24,FALSE),"")<>"+EDC" ) ), _xlfn.TEXTJOIN( "，", TRUE, IF(AND($D$1<>"--", IFERROR(VLOOKUP(A61,'0919門市清單主檔'!B:AH,31,FALSE),"")=$D$1, IFERROR(VLOOKUP(A61,門市主檔!A:Q,17,FALSE),"")<>$D$1), $D$1, ""), IF(AND($E$1<>"--", IFERROR(VLOOKUP(A61,'0919門市清單主檔'!B:AH,32,FALSE),"")=$E$1, IFERROR(VLOOKUP(A61,門市主檔!A:S,19,FALSE),"")<>$E$1), $E$1, ""), IF(AND($F$1<>"--", IFERROR(VLOOKUP(A61,'0919門市清單主檔'!B:AH,33,FALSE),"")=$F$1, IFERROR(VLOOKUP(A61,門市主檔!A:U,21,FALSE),"")<>$F$1), $F$1, ""), IF(AND(IFERROR(VLOOKUP(A61,'0919門市清單主檔'!B:AC,28,FALSE),"")="+HUB", IFERROR(VLOOKUP(A61,門市主檔!A:X,23,FALSE),"")<>"+HUB"), "+HUB", ""), IF(AND(IFERROR(VLOOKUP(A61,'0919門市清單主檔'!B:AD,29,FALSE),"")="+EDC", IFERROR(VLOOKUP(A61,門市主檔!A:X,24,FALSE),"")<>"+EDC"), "+EDC", "") ) & "未完工", "已完工" ) ) ) -> 已完工 | P61: =(TEXT(I61,"yyyymmdd"))&$V$2&A61&$V$2&B61&$S$2 -> PMQ2-2306-八里凱旋門(定保) | Q61: {=IF(AND(SUMPRODUCT((IM!$F$2:$F$5000=A61)*(ISNUMBER(SEARCH($D$1, IM!$AC$2:$AC$5000))))>0), $D$1, "")} | R61: {=IFERROR(INDEX(IM!$AM$2:$AM$5000, MATCH(1, (IM!$F$2:$F$5000=A61) * (ISNUMBER(SEARCH($D$1, IM!$AC$2:$AC$5000))), 0)), "")} | S61: {=IF(AND(SUMPRODUCT((IM!$F$2:$F$5000=A61)*(ISNUMBER(SEARCH($E$1, IM!$AC$2:$AC$5000))))>0), $E$1, "")} | T61: {=IFERROR(INDEX(IM!$AM$2:$AM$5000, MATCH(1, (IM!$F$2:$F$5000=A61) * (ISNUMBER(SEARCH($E$1, IM!$AC$2:$AC$5000))), 0)), "")} | U61: {=IF(AND(SUMPRODUCT((IM!$F$2:$F$5000=A61)*(ISNUMBER(SEARCH($F$1, IM!$AC$2:$AC$5000))))>0), $F$1, "")} | V61: {=IFERROR(INDEX(IM!$AM$2:$AM$5000, MATCH(1, (IM!$F$2:$F$5000=A61) * (ISNUMBER(SEARCH($F$1, IM!$AC$2:$AC$5000))), 0)), "")} | W61: {=IF( SUMPRODUCT( (IM!$F$2:$F$5000=A61)* (ISNUMBER(SEARCH($I$1,IM!$AC$2:$AC$5000)))* (IM!$X$2:$X$5000>=$A$1)* (IM!$X$2:$X$5000<=$B$1) )>0, $I$1, "" )} | X61: {=IF(AND(SUMPRODUCT((IM!$F$2:$F$5000=A61)*(ISNUMBER(SEARCH($J$1, IM!$AC$2:$AC$5000))))>0), $J$1, "")} -> +EDC | Y61: =A61 -> 2306 | Z61: =B61 -> 八里凱旋門
A62: 4764 | B62: =_xlfn.XLOOKUP(A62,'0919門市清單主檔'!B:B,'0919門市清單主檔'!C:C,"") -> 八里大船店 | C62: =_xlfn.XLOOKUP($A62,'0919門市清單主檔'!B:B,'0919門市清單主檔'!U:U,"") -> 新北市 | D62: =_xlfn.XLOOKUP($A62,'0919門市清單主檔'!B:B,'0919門市清單主檔'!V:V,"") -> 八里區 | E62: =_xlfn.XLOOKUP(D62,門市狀態!G:G,門市狀態!H:H,"") -> 吳宗鴻 | F62: =IFERROR(IF(VLOOKUP(A62,門市狀態!A:D,4,FALSE)=0,"",VLOOKUP(A62,門市狀態!A:D,4,FALSE)),"") | H62: =IF(I62>0,(TEXT(I62,"yyyymmdd")&$V$2&A62&$V$2&B62&$S$2),"") -> PMQ2-4764-八里大船店(定保) | I62: {=IF(AND(SUMPRODUCT((IM!$F$2:$F$5000=A62)*(ISNUMBER(SEARCH($C$1, IM!$AC$2:$AC$5000))))>0), $C$1, "")} -> PMQ2 | J62: {=IFERROR(INDEX(IM!$AM$2:$AM$5000, MATCH(1, (IM!$F$2:$F$5000=A62) * (ISNUMBER(SEARCH($C$1, IM!$AC$2:$AC$5000))), 0)), "")} -> 46125 | K62: {=SUMPRODUCT((IM!$F$2:$F$5000=A62)*(IM!$AD$2:$AD$5000="O")*(ISNUMBER(SEARCH($C$1, IM!$AC$2:$AC$5000))))} -> 1 | L62: {=IF(K62>0,IFERROR(HYPERLINK("#'IM'!AC"&MATCH(1,(IM!$F$1:$F$5000=A62)*(ISNUMBER(SEARCH($C$1,IM!$AC$1:$AC$5000))),0),"檢核"),"未登錄"),"")} -> 檢核 | M62: =Q62&S62&U62&W62&X62 -> +EDC | N62: {=IF(AND( SUMPRODUCT( (IM!$F$2:$F$522=A62) * ISNUMBER(SEARCH("*HUB*", IM!$AC$2:$AC$522)) * (IM!$X$2:$X$522>=$A$1) * (IM!$X$2:$X$522<=$B$1)*(W62="HUB") ) > 0 ), "HUB", "")} | O62: =IF( IFERROR(VLOOKUP(A62,門市主檔!A:I,9,FALSE),"")<>$C$1, "未完工", IF( AND($D$1="--",$E$1="--",$F$1="--"), "已完工", IF( OR( AND($D$1<>"--", IFERROR(VLOOKUP(A62,'0919門市清單主檔'!B:AH,31,FALSE),"")=$D$1, IFERROR(VLOOKUP(A62,門市主檔!A:Q,17,FALSE),"")<>$D$1), AND($E$1<>"--", IFERROR(VLOOKUP(A62,'0919門市清單主檔'!B:AH,32,FALSE),"")=$E$1, IFERROR(VLOOKUP(A62,門市主檔!A:S,19,FALSE),"")<>$E$1), AND($F$1<>"--", IFERROR(VLOOKUP(A62,'0919門市清單主檔'!B:AH,33,FALSE),"")=$F$1, IFERROR(VLOOKUP(A62,門市主檔!A:U,21,FALSE),"")<>$F$1), AND( IFERROR(VLOOKUP(A62,'0919門市清單主檔'!B:AC,28,FALSE),"")="+HUB", IFERROR(VLOOKUP(A62,門市主檔!A:X,23,FALSE),"")<>"+HUB" ), AND( IFERROR(VLOOKUP(A62,'0919門市清單主檔'!B:AD,29,FALSE),"")="+EDC", IFERROR(VLOOKUP(A62,門市主檔!A:X,24,FALSE),"")<>"+EDC" ) ), _xlfn.TEXTJOIN( "，", TRUE, IF(AND($D$1<>"--", IFERROR(VLOOKUP(A62,'0919門市清單主檔'!B:AH,31,FALSE),"")=$D$1, IFERROR(VLOOKUP(A62,門市主檔!A:Q,17,FALSE),"")<>$D$1), $D$1, ""), IF(AND($E$1<>"--", IFERROR(VLOOKUP(A62,'0919門市清單主檔'!B:AH,32,FALSE),"")=$E$1, IFERROR(VLOOKUP(A62,門市主檔!A:S,19,FALSE),"")<>$E$1), $E$1, ""), IF(AND($F$1<>"--", IFERROR(VLOOKUP(A62,'0919門市清單主檔'!B:AH,33,FALSE),"")=$F$1, IFERROR(VLOOKUP(A62,門市主檔!A:U,21,FALSE),"")<>$F$1), $F$1, ""), IF(AND(IFERROR(VLOOKUP(A62,'0919門市清單主檔'!B:AC,28,FALSE),"")="+HUB", IFERROR(VLOOKUP(A62,門市主檔!A:X,23,FALSE),"")<>"+HUB"), "+HUB", ""), IF(AND(IFERROR(VLOOKUP(A62,'0919門市清單主檔'!B:AD,29,FALSE),"")="+EDC", IFERROR(VLOOKUP(A62,門市主檔!A:X,24,FALSE),"")<>"+EDC"), "+EDC", "") ) & "未完工", "已完工" ) ) ) -> 已完工 | P62: =(TEXT(I62,"yyyymmdd"))&$V$2&A62&$V$2&B62&$S$2 -> PMQ2-4764-八里大船店(定保) | Q62: {=IF(AND(SUMPRODUCT((IM!$F$2:$F$5000=A62)*(ISNUMBER(SEARCH($D$1, IM!$AC$2:$AC$5000))))>0), $D$1, "")} | R62: {=IFERROR(INDEX(IM!$AM$2:$AM$5000, MATCH(1, (IM!$F$2:$F$5000=A62) * (ISNUMBER(SEARCH($D$1, IM!$AC$2:$AC$5000))), 0)), "")} | S62: {=IF(AND(SUMPRODUCT((IM!$F$2:$F$5000=A62)*(ISNUMBER(SEARCH($E$1, IM!$AC$2:$AC$5000))))>0), $E$1, "")} | T62: {=IFERROR(INDEX(IM!$AM$2:$AM$5000, MATCH(1, (IM!$F$2:$F$5000=A62) * (ISNUMBER(SEARCH($E$1, IM!$AC$2:$AC$5000))), 0)), "")} | U62: {=IF(AND(SUMPRODUCT((IM!$F$2:$F$5000=A62)*(ISNUMBER(SEARCH($F$1, IM!$AC$2:$AC$5000))))>0), $F$1, "")} | V62: {=IFERROR(INDEX(IM!$AM$2:$AM$5000, MATCH(1, (IM!$F$2:$F$5000=A62) * (ISNUMBER(SEARCH($F$1, IM!$AC$2:$AC$5000))), 0)), "")} | W62: {=IF( SUMPRODUCT( (IM!$F$2:$F$5000=A62)* (ISNUMBER(SEARCH($I$1,IM!$AC$2:$AC$5000)))* (IM!$X$2:$X$5000>=$A$1)* (IM!$X$2:$X$5000<=$B$1) )>0, $I$1, "" )} | X62: {=IF(AND(SUMPRODUCT((IM!$F$2:$F$5000=A62)*(ISNUMBER(SEARCH($J$1, IM!$AC$2:$AC$5000))))>0), $J$1, "")} -> +EDC | Y62: =A62 -> 4764 | Z62: =B62 -> 八里大船店
A63: 5074 | B63: =_xlfn.XLOOKUP(A63,'0919門市清單主檔'!B:B,'0919門市清單主檔'!C:C,"") -> 八里福德新村 | C63: =_xlfn.XLOOKUP($A63,'0919門市清單主檔'!B:B,'0919門市清單主檔'!U:U,"") -> 新北市 | D63: =_xlfn.XLOOKUP($A63,'0919門市清單主檔'!B:B,'0919門市清單主檔'!V:V,"") -> 八里區 | E63: =_xlfn.XLOOKUP(D63,門市狀態!G:G,門市狀態!H:H,"") -> 吳宗鴻 | F63: =IFERROR(IF(VLOOKUP(A63,門市狀態!A:D,4,FALSE)=0,"",VLOOKUP(A63,門市狀態!A:D,4,FALSE)),"") | H63: =IF(I63>0,(TEXT(I63,"yyyymmdd")&$V$2&A63&$V$2&B63&$S$2),"") -> PMQ2-5074-八里福德新村(定保) | I63: {=IF(AND(SUMPRODUCT((IM!$F$2:$F$5000=A63)*(ISNUMBER(SEARCH($C$1, IM!$AC$2:$AC$5000))))>0), $C$1, "")} -> PMQ2 | J63: {=IFERROR(INDEX(IM!$AM$2:$AM$5000, MATCH(1, (IM!$F$2:$F$5000=A63) * (ISNUMBER(SEARCH($C$1, IM!$AC$2:$AC$5000))), 0)), "")} -> 46125 | K63: {=SUMPRODUCT((IM!$F$2:$F$5000=A63)*(IM!$AD$2:$AD$5000="O")*(ISNUMBER(SEARCH($C$1, IM!$AC$2:$AC$5000))))} -> 1 | L63: {=IF(K63>0,IFERROR(HYPERLINK("#'IM'!AC"&MATCH(1,(IM!$F$1:$F$5000=A63)*(ISNUMBER(SEARCH($C$1,IM!$AC$1:$AC$5000))),0),"檢核"),"未登錄"),"")} -> 檢核 | M63: =Q63&S63&U63&W63&X63 -> +EDC | N63: {=IF(AND( SUMPRODUCT( (IM!$F$2:$F$522=A63) * ISNUMBER(SEARCH("*HUB*", IM!$AC$2:$AC$522)) * (IM!$X$2:$X$522>=$A$1) * (IM!$X$2:$X$522<=$B$1)*(W63="HUB") ) > 0 ), "HUB", "")} | O63: =IF( IFERROR(VLOOKUP(A63,門市主檔!A:I,9,FALSE),"")<>$C$1, "未完工", IF( AND($D$1="--",$E$1="--",$F$1="--"), "已完工", IF( OR( AND($D$1<>"--", IFERROR(VLOOKUP(A63,'0919門市清單主檔'!B:AH,31,FALSE),"")=$D$1, IFERROR(VLOOKUP(A63,門市主檔!A:Q,17,FALSE),"")<>$D$1), AND($E$1<>"--", IFERROR(VLOOKUP(A63,'0919門市清單主檔'!B:AH,32,FALSE),"")=$E$1, IFERROR(VLOOKUP(A63,門市主檔!A:S,19,FALSE),"")<>$E$1), AND($F$1<>"--", IFERROR(VLOOKUP(A63,'0919門市清單主檔'!B:AH,33,FALSE),"")=$F$1, IFERROR(VLOOKUP(A63,門市主檔!A:U,21,FALSE),"")<>$F$1), AND( IFERROR(VLOOKUP(A63,'0919門市清單主檔'!B:AC,28,FALSE),"")="+HUB", IFERROR(VLOOKUP(A63,門市主檔!A:X,23,FALSE),"")<>"+HUB" ), AND( IFERROR(VLOOKUP(A63,'0919門市清單主檔'!B:AD,29,FALSE),"")="+EDC", IFERROR(VLOOKUP(A63,門市主檔!A:X,24,FALSE),"")<>"+EDC" ) ), _xlfn.TEXTJOIN( "，", TRUE, IF(AND($D$1<>"--", IFERROR(VLOOKUP(A63,'0919門市清單主檔'!B:AH,31,FALSE),"")=$D$1, IFERROR(VLOOKUP(A63,門市主檔!A:Q,17,FALSE),"")<>$D$1), $D$1, ""), IF(AND($E$1<>"--", IFERROR(VLOOKUP(A63,'0919門市清單主檔'!B:AH,32,FALSE),"")=$E$1, IFERROR(VLOOKUP(A63,門市主檔!A:S,19,FALSE),"")<>$E$1), $E$1, ""), IF(AND($F$1<>"--", IFERROR(VLOOKUP(A63,'0919門市清單主檔'!B:AH,33,FALSE),"")=$F$1, IFERROR(VLOOKUP(A63,門市主檔!A:U,21,FALSE),"")<>$F$1), $F$1, ""), IF(AND(IFERROR(VLOOKUP(A63,'0919門市清單主檔'!B:AC,28,FALSE),"")="+HUB", IFERROR(VLOOKUP(A63,門市主檔!A:X,23,FALSE),"")<>"+HUB"), "+HUB", ""), IF(AND(IFERROR(VLOOKUP(A63,'0919門市清單主檔'!B:AD,29,FALSE),"")="+EDC", IFERROR(VLOOKUP(A63,門市主檔!A:X,24,FALSE),"")<>"+EDC"), "+EDC", "") ) & "未完工", "已完工" ) ) ) -> 已完工 | P63: =(TEXT(I63,"yyyymmdd"))&$V$2&A63&$V$2&B63&$S$2 -> PMQ2-5074-八里福德新村(定保) | Q63: {=IF(AND(SUMPRODUCT((IM!$F$2:$F$5000=A63)*(ISNUMBER(SEARCH($D$1, IM!$AC$2:$AC$5000))))>0), $D$1, "")} | R63: {=IFERROR(INDEX(IM!$AM$2:$AM$5000, MATCH(1, (IM!$F$2:$F$5000=A63) * (ISNUMBER(SEARCH($D$1, IM!$AC$2:$AC$5000))), 0)), "")} | S63: {=IF(AND(SUMPRODUCT((IM!$F$2:$F$5000=A63)*(ISNUMBER(SEARCH($E$1, IM!$AC$2:$AC$5000))))>0), $E$1, "")} | T63: {=IFERROR(INDEX(IM!$AM$2:$AM$5000, MATCH(1, (IM!$F$2:$F$5000=A63) * (ISNUMBER(SEARCH($E$1, IM!$AC$2:$AC$5000))), 0)), "")} | U63: {=IF(AND(SUMPRODUCT((IM!$F$2:$F$5000=A63)*(ISNUMBER(SEARCH($F$1, IM!$AC$2:$AC$5000))))>0), $F$1, "")} | V63: {=IFERROR(INDEX(IM!$AM$2:$AM$5000, MATCH(1, (IM!$F$2:$F$5000=A63) * (ISNUMBER(SEARCH($F$1, IM!$AC$2:$AC$5000))), 0)), "")} | W63: {=IF( SUMPRODUCT( (IM!$F$2:$F$5000=A63)* (ISNUMBER(SEARCH($I$1,IM!$AC$2:$AC$5000)))* (IM!$X$2:$X$5000>=$A$1)* (IM!$X$2:$X$5000<=$B$1) )>0, $I$1, "" )} | X63: {=IF(AND(SUMPRODUCT((IM!$F$2:$F$5000=A63)*(ISNUMBER(SEARCH($J$1, IM!$AC$2:$AC$5000))))>0), $J$1, "")} -> +EDC | Y63: =A63 -> 5074 | Z63: =B63 -> 八里福德新村
A64: 2442 | B64: =_xlfn.XLOOKUP(A64,'0919門市清單主檔'!B:B,'0919門市清單主檔'!C:C,"") -> 北縣商港店 | C64: =_xlfn.XLOOKUP($A64,'0919門市清單主檔'!B:B,'0919門市清單主檔'!U:U,"") -> 新北市 | D64: =_xlfn.XLOOKUP($A64,'0919門市清單主檔'!B:B,'0919門市清單主檔'!V:V,"") -> 八里區 | E64: =_xlfn.XLOOKUP(D64,門市狀態!G:G,門市狀態!H:H,"") -> 吳宗鴻 | F64: =IFERROR(IF(VLOOKUP(A64,門市狀態!A:D,4,FALSE)=0,"",VLOOKUP(A64,門市狀態!A:D,4,FALSE)),"") -> 裝潢中 | H64: =IF(I64>0,(TEXT(I64,"yyyymmdd")&$V$2&A64&$V$2&B64&$S$2),"") -> PMQ2-2442-北縣商港店(定保) | I64: {=IF(AND(SUMPRODUCT((IM!$F$2:$F$5000=A64)*(ISNUMBER(SEARCH($C$1, IM!$AC$2:$AC$5000))))>0), $C$1, "")} -> PMQ2 | J64: {=IFERROR(INDEX(IM!$AM$2:$AM$5000, MATCH(1, (IM!$F$2:$F$5000=A64) * (ISNUMBER(SEARCH($C$1, IM!$AC$2:$AC$5000))), 0)), "")} -> 46125 | K64: {=SUMPRODUCT((IM!$F$2:$F$5000=A64)*(IM!$AD$2:$AD$5000="O")*(ISNUMBER(SEARCH($C$1, IM!$AC$2:$AC$5000))))} -> 1 | L64: {=IF(K64>0,IFERROR(HYPERLINK("#'IM'!AC"&MATCH(1,(IM!$F$1:$F$5000=A64)*(ISNUMBER(SEARCH($C$1,IM!$AC$1:$AC$5000))),0),"檢核"),"未登錄"),"")} -> 檢核 | M64: =Q64&S64&U64&W64&X64 -> +EDC | N64: {=IF(AND( SUMPRODUCT( (IM!$F$2:$F$522=A64) * ISNUMBER(SEARCH("*HUB*", IM!$AC$2:$AC$522)) * (IM!$X$2:$X$522>=$A$1) * (IM!$X$2:$X$522<=$B$1)*(W64="HUB") ) > 0 ), "HUB", "")} | O64: =IF( IFERROR(VLOOKUP(A64,門市主檔!A:I,9,FALSE),"")<>$C$1, "未完工", IF( AND($D$1="--",$E$1="--",$F$1="--"), "已完工", IF( OR( AND($D$1<>"--", IFERROR(VLOOKUP(A64,'0919門市清單主檔'!B:AH,31,FALSE),"")=$D$1, IFERROR(VLOOKUP(A64,門市主檔!A:Q,17,FALSE),"")<>$D$1), AND($E$1<>"--", IFERROR(VLOOKUP(A64,'0919門市清單主檔'!B:AH,32,FALSE),"")=$E$1, IFERROR(VLOOKUP(A64,門市主檔!A:S,19,FALSE),"")<>$E$1), AND($F$1<>"--", IFERROR(VLOOKUP(A64,'0919門市清單主檔'!B:AH,33,FALSE),"")=$F$1, IFERROR(VLOOKUP(A64,門市主檔!A:U,21,FALSE),"")<>$F$1), AND( IFERROR(VLOOKUP(A64,'0919門市清單主檔'!B:AC,28,FALSE),"")="+HUB", IFERROR(VLOOKUP(A64,門市主檔!A:X,23,FALSE),"")<>"+HUB" ), AND( IFERROR(VLOOKUP(A64,'0919門市清單主檔'!B:AD,29,FALSE),"")="+EDC", IFERROR(VLOOKUP(A64,門市主檔!A:X,24,FALSE),"")<>"+EDC" ) ), _xlfn.TEXTJOIN( "，", TRUE, IF(AND($D$1<>"--", IFERROR(VLOOKUP(A64,'0919門市清單主檔'!B:AH,31,FALSE),"")=$D$1, IFERROR(VLOOKUP(A64,門市主檔!A:Q,17,FALSE),"")<>$D$1), $D$1, ""), IF(AND($E$1<>"--", IFERROR(VLOOKUP(A64,'0919門市清單主檔'!B:AH,32,FALSE),"")=$E$1, IFERROR(VLOOKUP(A64,門市主檔!A:S,19,FALSE),"")<>$E$1), $E$1, ""), IF(AND($F$1<>"--", IFERROR(VLOOKUP(A64,'0919門市清單主檔'!B:AH,33,FALSE),"")=$F$1, IFERROR(VLOOKUP(A64,門市主檔!A:U,21,FALSE),"")<>$F$1), $F$1, ""), IF(AND(IFERROR(VLOOKUP(A64,'0919門市清單主檔'!B:AC,28,FALSE),"")="+HUB", IFERROR(VLOOKUP(A64,門市主檔!A:X,23,FALSE),"")<>"+HUB"), "+HUB", ""), IF(AND(IFERROR(VLOOKUP(A64,'0919門市清單主檔'!B:AD,29,FALSE),"")="+EDC", IFERROR(VLOOKUP(A64,門市主檔!A:X,24,FALSE),"")<>"+EDC"), "+EDC", "") ) & "未完工", "已完工" ) ) ) -> 已完工 | P64: =(TEXT(I64,"yyyymmdd"))&$V$2&A64&$V$2&B64&$S$2 -> PMQ2-2442-北縣商港店(定保) | Q64: {=IF(AND(SUMPRODUCT((IM!$F$2:$F$5000=A64)*(ISNUMBER(SEARCH($D$1, IM!$AC$2:$AC$5000))))>0), $D$1, "")} | R64: {=IFERROR(INDEX(IM!$AM$2:$AM$5000, MATCH(1, (IM!$F$2:$F$5000=A64) * (ISNUMBER(SEARCH($D$1, IM!$AC$2:$AC$5000))), 0)), "")} | S64: {=IF(AND(SUMPRODUCT((IM!$F$2:$F$5000=A64)*(ISNUMBER(SEARCH($E$1, IM!$AC$2:$AC$5000))))>0), $E$1, "")} | T64: {=IFERROR(INDEX(IM!$AM$2:$AM$5000, MATCH(1, (IM!$F$2:$F$5000=A64) * (ISNUMBER(SEARCH($E$1, IM!$AC$2:$AC$5000))), 0)), "")} | U64: {=IF(AND(SUMPRODUCT((IM!$F$2:$F$5000=A64)*(ISNUMBER(SEARCH($F$1, IM!$AC$2:$AC$5000))))>0), $F$1, "")} | V64: {=IFERROR(INDEX(IM!$AM$2:$AM$5000, MATCH(1, (IM!$F$2:$F$5000=A64) * (ISNUMBER(SEARCH($F$1, IM!$AC$2:$AC$5000))), 0)), "")} | W64: {=IF( SUMPRODUCT( (IM!$F$2:$F$5000=A64)* (ISNUMBER(SEARCH($I$1,IM!$AC$2:$AC$5000)))* (IM!$X$2:$X$5000>=$A$1)* (IM!$X$2:$X$5000<=$B$1) )>0, $I$1, "" )} | X64: {=IF(AND(SUMPRODUCT((IM!$F$2:$F$5000=A64)*(ISNUMBER(SEARCH($J$1, IM!$AC$2:$AC$5000))))>0), $J$1, "")} -> +EDC | Y64: =A64 -> 2442 | Z64: =B64 -> 北縣商港店
A65: 3741 | B65: =_xlfn.XLOOKUP(A65,'0919門市清單主檔'!B:B,'0919門市清單主檔'!C:C,"") -> 三重重新三 | C65: =_xlfn.XLOOKUP($A65,'0919門市清單主檔'!B:B,'0919門市清單主檔'!U:U,"") -> 新北市 | D65: =_xlfn.XLOOKUP($A65,'0919門市清單主檔'!B:B,'0919門市清單主檔'!V:V,"") -> 三重區 | E65: =_xlfn.XLOOKUP(D65,門市狀態!G:G,門市狀態!H:H,"") -> 劉柏均 | F65: =IFERROR(IF(VLOOKUP(A65,門市狀態!A:D,4,FALSE)=0,"",VLOOKUP(A65,門市狀態!A:D,4,FALSE)),"") | H65: =IF(I65>0,(TEXT(I65,"yyyymmdd")&$V$2&A65&$V$2&B65&$S$2),"") -> PMQ2-3741-三重重新三(定保) | I65: {=IF(AND(SUMPRODUCT((IM!$F$2:$F$5000=A65)*(ISNUMBER(SEARCH($C$1, IM!$AC$2:$AC$5000))))>0), $C$1, "")} -> PMQ2 | J65: {=IFERROR(INDEX(IM!$AM$2:$AM$5000, MATCH(1, (IM!$F$2:$F$5000=A65) * (ISNUMBER(SEARCH($C$1, IM!$AC$2:$AC$5000))), 0)), "")} -> 46126 | K65: {=SUMPRODUCT((IM!$F$2:$F$5000=A65)*(IM!$AD$2:$AD$5000="O")*(ISNUMBER(SEARCH($C$1, IM!$AC$2:$AC$5000))))} -> 1 | L65: {=IF(K65>0,IFERROR(HYPERLINK("#'IM'!AC"&MATCH(1,(IM!$F$1:$F$5000=A65)*(ISNUMBER(SEARCH($C$1,IM!$AC$1:$AC$5000))),0),"檢核"),"未登錄"),"")} -> 檢核 | M65: =Q65&S65&U65&W65&X65 -> +EDC | N65: {=IF(AND( SUMPRODUCT( (IM!$F$2:$F$522=A65) * ISNUMBER(SEARCH("*HUB*", IM!$AC$2:$AC$522)) * (IM!$X$2:$X$522>=$A$1) * (IM!$X$2:$X$522<=$B$1)*(W65="HUB") ) > 0 ), "HUB", "")} | O65: =IF( IFERROR(VLOOKUP(A65,門市主檔!A:I,9,FALSE),"")<>$C$1, "未完工", IF( AND($D$1="--",$E$1="--",$F$1="--"), "已完工", IF( OR( AND($D$1<>"--", IFERROR(VLOOKUP(A65,'0919門市清單主檔'!B:AH,31,FALSE),"")=$D$1, IFERROR(VLOOKUP(A65,門市主檔!A:Q,17,FALSE),"")<>$D$1), AND($E$1<>"--", IFERROR(VLOOKUP(A65,'0919門市清單主檔'!B:AH,32,FALSE),"")=$E$1, IFERROR(VLOOKUP(A65,門市主檔!A:S,19,FALSE),"")<>$E$1), AND($F$1<>"--", IFERROR(VLOOKUP(A65,'0919門市清單主檔'!B:AH,33,FALSE),"")=$F$1, IFERROR(VLOOKUP(A65,門市主檔!A:U,21,FALSE),"")<>$F$1), AND( IFERROR(VLOOKUP(A65,'0919門市清單主檔'!B:AC,28,FALSE),"")="+HUB", IFERROR(VLOOKUP(A65,門市主檔!A:X,23,FALSE),"")<>"+HUB" ), AND( IFERROR(VLOOKUP(A65,'0919門市清單主檔'!B:AD,29,FALSE),"")="+EDC", IFERROR(VLOOKUP(A65,門市主檔!A:X,24,FALSE),"")<>"+EDC" ) ), _xlfn.TEXTJOIN( "，", TRUE, IF(AND($D$1<>"--", IFERROR(VLOOKUP(A65,'0919門市清單主檔'!B:AH,31,FALSE),"")=$D$1, IFERROR(VLOOKUP(A65,門市主檔!A:Q,17,FALSE),"")<>$D$1), $D$1, ""), IF(AND($E$1<>"--", IFERROR(VLOOKUP(A65,'0919門市清單主檔'!B:AH,32,FALSE),"")=$E$1, IFERROR(VLOOKUP(A65,門市主檔!A:S,19,FALSE),"")<>$E$1), $E$1, ""), IF(AND($F$1<>"--", IFERROR(VLOOKUP(A65,'0919門市清單主檔'!B:AH,33,FALSE),"")=$F$1, IFERROR(VLOOKUP(A65,門市主檔!A:U,21,FALSE),"")<>$F$1), $F$1, ""), IF(AND(IFERROR(VLOOKUP(A65,'0919門市清單主檔'!B:AC,28,FALSE),"")="+HUB", IFERROR(VLOOKUP(A65,門市主檔!A:X,23,FALSE),"")<>"+HUB"), "+HUB", ""), IF(AND(IFERROR(VLOOKUP(A65,'0919門市清單主檔'!B:AD,29,FALSE),"")="+EDC", IFERROR(VLOOKUP(A65,門市主檔!A:X,24,FALSE),"")<>"+EDC"), "+EDC", "") ) & "未完工", "已完工" ) ) ) -> 已完工 | P65: =(TEXT(I65,"yyyymmdd"))&$V$2&A65&$V$2&B65&$S$2 -> PMQ2-3741-三重重新三(定保) | Q65: {=IF(AND(SUMPRODUCT((IM!$F$2:$F$5000=A65)*(ISNUMBER(SEARCH($D$1, IM!$AC$2:$AC$5000))))>0), $D$1, "")} | R65: {=IFERROR(INDEX(IM!$AM$2:$AM$5000, MATCH(1, (IM!$F$2:$F$5000=A65) * (ISNUMBER(SEARCH($D$1, IM!$AC$2:$AC$5000))), 0)), "")} | S65: {=IF(AND(SUMPRODUCT((IM!$F$2:$F$5000=A65)*(ISNUMBER(SEARCH($E$1, IM!$AC$2:$AC$5000))))>0), $E$1, "")} | T65: {=IFERROR(INDEX(IM!$AM$2:$AM$5000, MATCH(1, (IM!$F$2:$F$5000=A65) * (ISNUMBER(SEARCH($E$1, IM!$AC$2:$AC$5000))), 0)), "")} | U65: {=IF(AND(SUMPRODUCT((IM!$F$2:$F$5000=A65)*(ISNUMBER(SEARCH($F$1, IM!$AC$2:$AC$5000))))>0), $F$1, "")} | V65: {=IFERROR(INDEX(IM!$AM$2:$AM$5000, MATCH(1, (IM!$F$2:$F$5000=A65) * (ISNUMBER(SEARCH($F$1, IM!$AC$2:$AC$5000))), 0)), "")} | W65: {=IF( SUMPRODUCT( (IM!$F$2:$F$5000=A65)* (ISNUMBER(SEARCH($I$1,IM!$AC$2:$AC$5000)))* (IM!$X$2:$X$5000>=$A$1)* (IM!$X$2:$X$5000<=$B$1) )>0, $I$1, "" )} | X65: {=IF(AND(SUMPRODUCT((IM!$F$2:$F$5000=A65)*(ISNUMBER(SEARCH($J$1, IM!$AC$2:$AC$5000))))>0), $J$1, "")} -> +EDC | Y65: =A65 -> 3741 | Z65: =B65 -> 三重重新三
A66: 4036 | B66: =_xlfn.XLOOKUP(A66,'0919門市清單主檔'!B:B,'0919門市清單主檔'!C:C,"") -> 蘆洲永樂店 | C66: =_xlfn.XLOOKUP($A66,'0919門市清單主檔'!B:B,'0919門市清單主檔'!U:U,"") -> 新北市 | D66: =_xlfn.XLOOKUP($A66,'0919門市清單主檔'!B:B,'0919門市清單主檔'!V:V,"") -> 蘆洲區 | E66: =_xlfn.XLOOKUP(D66,門市狀態!G:G,門市狀態!H:H,"") -> 湯家瑋 | F66: =IFERROR(IF(VLOOKUP(A66,門市狀態!A:D,4,FALSE)=0,"",VLOOKUP(A66,門市狀態!A:D,4,FALSE)),"") | H66: =IF(I66>0,(TEXT(I66,"yyyymmdd")&$V$2&A66&$V$2&B66&$S$2),"") -> PMQ2-4036-蘆洲永樂店(定保) | I66: {=IF(AND(SUMPRODUCT((IM!$F$2:$F$5000=A66)*(ISNUMBER(SEARCH($C$1, IM!$AC$2:$AC$5000))))>0), $C$1, "")} -> PMQ2 | J66: {=IFERROR(INDEX(IM!$AM$2:$AM$5000, MATCH(1, (IM!$F$2:$F$5000=A66) * (ISNUMBER(SEARCH($C$1, IM!$AC$2:$AC$5000))), 0)), "")} -> 46126 | K66: {=SUMPRODUCT((IM!$F$2:$F$5000=A66)*(IM!$AD$2:$AD$5000="O")*(ISNUMBER(SEARCH($C$1, IM!$AC$2:$AC$5000))))} -> 1 | L66: {=IF(K66>0,IFERROR(HYPERLINK("#'IM'!AC"&MATCH(1,(IM!$F$1:$F$5000=A66)*(ISNUMBER(SEARCH($C$1,IM!$AC$1:$AC$5000))),0),"檢核"),"未登錄"),"")} -> 檢核 | M66: =Q66&S66&U66&W66&X66 -> +EDC | N66: {=IF(AND( SUMPRODUCT( (IM!$F$2:$F$522=A66) * ISNUMBER(SEARCH("*HUB*", IM!$AC$2:$AC$522)) * (IM!$X$2:$X$522>=$A$1) * (IM!$X$2:$X$522<=$B$1)*(W66="HUB") ) > 0 ), "HUB", "")} | O66: =IF( IFERROR(VLOOKUP(A66,門市主檔!A:I,9,FALSE),"")<>$C$1, "未完工", IF( AND($D$1="--",$E$1="--",$F$1="--"), "已完工", IF( OR( AND($D$1<>"--", IFERROR(VLOOKUP(A66,'0919門市清單主檔'!B:AH,31,FALSE),"")=$D$1, IFERROR(VLOOKUP(A66,門市主檔!A:Q,17,FALSE),"")<>$D$1), AND($E$1<>"--", IFERROR(VLOOKUP(A66,'0919門市清單主檔'!B:AH,32,FALSE),"")=$E$1, IFERROR(VLOOKUP(A66,門市主檔!A:S,19,FALSE),"")<>$E$1), AND($F$1<>"--", IFERROR(VLOOKUP(A66,'0919門市清單主檔'!B:AH,33,FALSE),"")=$F$1, IFERROR(VLOOKUP(A66,門市主檔!A:U,21,FALSE),"")<>$F$1), AND( IFERROR(VLOOKUP(A66,'0919門市清單主檔'!B:AC,28,FALSE),"")="+HUB", IFERROR(VLOOKUP(A66,門市主檔!A:X,23,FALSE),"")<>"+HUB" ), AND( IFERROR(VLOOKUP(A66,'0919門市清單主檔'!B:AD,29,FALSE),"")="+EDC", IFERROR(VLOOKUP(A66,門市主檔!A:X,24,FALSE),"")<>"+EDC" ) ), _xlfn.TEXTJOIN( "，", TRUE, IF(AND($D$1<>"--", IFERROR(VLOOKUP(A66,'0919門市清單主檔'!B:AH,31,FALSE),"")=$D$1, IFERROR(VLOOKUP(A66,門市主檔!A:Q,17,FALSE),"")<>$D$1), $D$1, ""), IF(AND($E$1<>"--", IFERROR(VLOOKUP(A66,'0919門市清單主檔'!B:AH,32,FALSE),"")=$E$1, IFERROR(VLOOKUP(A66,門市主檔!A:S,19,FALSE),"")<>$E$1), $E$1, ""), IF(AND($F$1<>"--", IFERROR(VLOOKUP(A66,'0919門市清單主檔'!B:AH,33,FALSE),"")=$F$1, IFERROR(VLOOKUP(A66,門市主檔!A:U,21,FALSE),"")<>$F$1), $F$1, ""), IF(AND(IFERROR(VLOOKUP(A66,'0919門市清單主檔'!B:AC,28,FALSE),"")="+HUB", IFERROR(VLOOKUP(A66,門市主檔!A:X,23,FALSE),"")<>"+HUB"), "+HUB", ""), IF(AND(IFERROR(VLOOKUP(A66,'0919門市清單主檔'!B:AD,29,FALSE),"")="+EDC", IFERROR(VLOOKUP(A66,門市主檔!A:X,24,FALSE),"")<>"+EDC"), "+EDC", "") ) & "未完工", "已完工" ) ) ) -> 已完工 | P66: =(TEXT(I66,"yyyymmdd"))&$V$2&A66&$V$2&B66&$S$2 -> PMQ2-4036-蘆洲永樂店(定保) | Q66: {=IF(AND(SUMPRODUCT((IM!$F$2:$F$5000=A66)*(ISNUMBER(SEARCH($D$1, IM!$AC$2:$AC$5000))))>0), $D$1, "")} | R66: {=IFERROR(INDEX(IM!$AM$2:$AM$5000, MATCH(1, (IM!$F$2:$F$5000=A66) * (ISNUMBER(SEARCH($D$1, IM!$AC$2:$AC$5000))), 0)), "")} | S66: {=IF(AND(SUMPRODUCT((IM!$F$2:$F$5000=A66)*(ISNUMBER(SEARCH($E$1, IM!$AC$2:$AC$5000))))>0), $E$1, "")} | T66: {=IFERROR(INDEX(IM!$AM$2:$AM$5000, MATCH(1, (IM!$F$2:$F$5000=A66) * (ISNUMBER(SEARCH($E$1, IM!$AC$2:$AC$5000))), 0)), "")} | U66: {=IF(AND(SUMPRODUCT((IM!$F$2:$F$5000=A66)*(ISNUMBER(SEARCH($F$1, IM!$AC$2:$AC$5000))))>0), $F$1, "")} | V66: {=IFERROR(INDEX(IM!$AM$2:$AM$5000, MATCH(1, (IM!$F$2:$F$5000=A66) * (ISNUMBER(SEARCH($F$1, IM!$AC$2:$AC$5000))), 0)), "")} | W66: {=IF( SUMPRODUCT( (IM!$F$2:$F$5000=A66)* (ISNUMBER(SEARCH($I$1,IM!$AC$2:$AC$5000)))* (IM!$X$2:$X$5000>=$A$1)* (IM!$X$2:$X$5000<=$B$1) )>0, $I$1, "" )} | X66: {=IF(AND(SUMPRODUCT((IM!$F$2:$F$5000=A66)*(ISNUMBER(SEARCH($J$1, IM!$AC$2:$AC$5000))))>0), $J$1, "")} -> +EDC | Y66: =A66 -> 4036 | Z66: =B66 -> 蘆洲永樂店
A67: 3749 | B67: =_xlfn.XLOOKUP(A67,'0919門市清單主檔'!B:B,'0919門市清單主檔'!C:C,"") -> 龜山長庚科大 | C67: =_xlfn.XLOOKUP($A67,'0919門市清單主檔'!B:B,'0919門市清單主檔'!U:U,"") -> 桃園市 | D67: =_xlfn.XLOOKUP($A67,'0919門市清單主檔'!B:B,'0919門市清單主檔'!V:V,"") -> 龜山區 | E67: =_xlfn.XLOOKUP(D67,門市狀態!G:G,門市狀態!H:H,"") -> 吳宗鴻 | F67: =IFERROR(IF(VLOOKUP(A67,門市狀態!A:D,4,FALSE)=0,"",VLOOKUP(A67,門市狀態!A:D,4,FALSE)),"") | H67: =IF(I67>0,(TEXT(I67,"yyyymmdd")&$V$2&A67&$V$2&B67&$S$2),"") -> PMQ2-3749-龜山長庚科大(定保) | I67: {=IF(AND(SUMPRODUCT((IM!$F$2:$F$5000=A67)*(ISNUMBER(SEARCH($C$1, IM!$AC$2:$AC$5000))))>0), $C$1, "")} -> PMQ2 | J67: {=IFERROR(INDEX(IM!$AM$2:$AM$5000, MATCH(1, (IM!$F$2:$F$5000=A67) * (ISNUMBER(SEARCH($C$1, IM!$AC$2:$AC$5000))), 0)), "")} -> 46126 | K67: {=SUMPRODUCT((IM!$F$2:$F$5000=A67)*(IM!$AD$2:$AD$5000="O")*(ISNUMBER(SEARCH($C$1, IM!$AC$2:$AC$5000))))} -> 1 | L67: {=IF(K67>0,IFERROR(HYPERLINK("#'IM'!AC"&MATCH(1,(IM!$F$1:$F$5000=A67)*(ISNUMBER(SEARCH($C$1,IM!$AC$1:$AC$5000))),0),"檢核"),"未登錄"),"")} -> 檢核 | M67: =Q67&S67&U67&W67&X67 -> +EDC | N67: {=IF(AND( SUMPRODUCT( (IM!$F$2:$F$522=A67) * ISNUMBER(SEARCH("*HUB*", IM!$AC$2:$AC$522)) * (IM!$X$2:$X$522>=$A$1) * (IM!$X$2:$X$522<=$B$1)*(W67="HUB") ) > 0 ), "HUB", "")} | O67: =IF( IFERROR(VLOOKUP(A67,門市主檔!A:I,9,FALSE),"")<>$C$1, "未完工", IF( AND($D$1="--",$E$1="--",$F$1="--"), "已完工", IF( OR( AND($D$1<>"--", IFERROR(VLOOKUP(A67,'0919門市清單主檔'!B:AH,31,FALSE),"")=$D$1, IFERROR(VLOOKUP(A67,門市主檔!A:Q,17,FALSE),"")<>$D$1), AND($E$1<>"--", IFERROR(VLOOKUP(A67,'0919門市清單主檔'!B:AH,32,FALSE),"")=$E$1, IFERROR(VLOOKUP(A67,門市主檔!A:S,19,FALSE),"")<>$E$1), AND($F$1<>"--", IFERROR(VLOOKUP(A67,'0919門市清單主檔'!B:AH,33,FALSE),"")=$F$1, IFERROR(VLOOKUP(A67,門市主檔!A:U,21,FALSE),"")<>$F$1), AND( IFERROR(VLOOKUP(A67,'0919門市清單主檔'!B:AC,28,FALSE),"")="+HUB", IFERROR(VLOOKUP(A67,門市主檔!A:X,23,FALSE),"")<>"+HUB" ), AND( IFERROR(VLOOKUP(A67,'0919門市清單主檔'!B:AD,29,FALSE),"")="+EDC", IFERROR(VLOOKUP(A67,門市主檔!A:X,24,FALSE),"")<>"+EDC" ) ), _xlfn.TEXTJOIN( "，", TRUE, IF(AND($D$1<>"--", IFERROR(VLOOKUP(A67,'0919門市清單主檔'!B:AH,31,FALSE),"")=$D$1, IFERROR(VLOOKUP(A67,門市主檔!A:Q,17,FALSE),"")<>$D$1), $D$1, ""), IF(AND($E$1<>"--", IFERROR(VLOOKUP(A67,'0919門市清單主檔'!B:AH,32,FALSE),"")=$E$1, IFERROR(VLOOKUP(A67,門市主檔!A:S,19,FALSE),"")<>$E$1), $E$1, ""), IF(AND($F$1<>"--", IFERROR(VLOOKUP(A67,'0919門市清單主檔'!B:AH,33,FALSE),"")=$F$1, IFERROR(VLOOKUP(A67,門市主檔!A:U,21,FALSE),"")<>$F$1), $F$1, ""), IF(AND(IFERROR(VLOOKUP(A67,'0919門市清單主檔'!B:AC,28,FALSE),"")="+HUB", IFERROR(VLOOKUP(A67,門市主檔!A:X,23,FALSE),"")<>"+HUB"), "+HUB", ""), IF(AND(IFERROR(VLOOKUP(A67,'0919門市清單主檔'!B:AD,29,FALSE),"")="+EDC", IFERROR(VLOOKUP(A67,門市主檔!A:X,24,FALSE),"")<>"+EDC"), "+EDC", "") ) & "未完工", "已完工" ) ) ) -> 已完工 | P67: =(TEXT(I67,"yyyymmdd"))&$V$2&A67&$V$2&B67&$S$2 -> PMQ2-3749-龜山長庚科大(定保) | Q67: {=IF(AND(SUMPRODUCT((IM!$F$2:$F$5000=A67)*(ISNUMBER(SEARCH($D$1, IM!$AC$2:$AC$5000))))>0), $D$1, "")} | R67: {=IFERROR(INDEX(IM!$AM$2:$AM$5000, MATCH(1, (IM!$F$2:$F$5000=A67) * (ISNUMBER(SEARCH($D$1, IM!$AC$2:$AC$5000))), 0)), "")} | S67: {=IF(AND(SUMPRODUCT((IM!$F$2:$F$5000=A67)*(ISNUMBER(SEARCH($E$1, IM!$AC$2:$AC$5000))))>0), $E$1, "")} | T67: {=IFERROR(INDEX(IM!$AM$2:$AM$5000, MATCH(1, (IM!$F$2:$F$5000=A67) * (ISNUMBER(SEARCH($E$1, IM!$AC$2:$AC$5000))), 0)), "")} | U67: {=IF(AND(SUMPRODUCT((IM!$F$2:$F$5000=A67)*(ISNUMBER(SEARCH($F$1, IM!$AC$2:$AC$5000))))>0), $F$1, "")} | V67: {=IFERROR(INDEX(IM!$AM$2:$AM$5000, MATCH(1, (IM!$F$2:$F$5000=A67) * (ISNUMBER(SEARCH($F$1, IM!$AC$2:$AC$5000))), 0)), "")} | W67: {=IF( SUMPRODUCT( (IM!$F$2:$F$5000=A67)* (ISNUMBER(SEARCH($I$1,IM!$AC$2:$AC$5000)))* (IM!$X$2:$X$5000>=$A$1)* (IM!$X$2:$X$5000<=$B$1) )>0, $I$1, "" )} | X67: {=IF(AND(SUMPRODUCT((IM!$F$2:$F$5000=A67)*(ISNUMBER(SEARCH($J$1, IM!$AC$2:$AC$5000))))>0), $J$1, "")} -> +EDC | Y67: =A67 -> 3749 | Z67: =B67 -> 龜山長庚科大
... A73: 4923 | B73: =_xlfn.XLOOKUP(A73,'0919門市清單主檔'!B:B,'0919門市清單主檔'!C:C,"") -> 蘆洲永平店 | C73: =_xlfn.XLOOKUP($A73,'0919門市清單主檔'!B:B,'0919門市清單主檔'!U:U,"") -> 新北市 | D73: =_xlfn.XLOOKUP($A73,'0919門市清單主檔'!B:B,'0919門市清單主檔'!V:V,"") -> 蘆洲區 | E73: =_xlfn.XLOOKUP(D73,門市狀態!G:G,門市狀態!H:H,"") -> 湯家瑋 | F73: =IFERROR(IF(VLOOKUP(A73,門市狀態!A:D,4,FALSE)=0,"",VLOOKUP(A73,門市狀態!A:D,4,FALSE)),"") | H73: =IF(I73>0,(TEXT(I73,"yyyymmdd")&$V$2&A73&$V$2&B73&$S$2),"") -> PMQ2-4923-蘆洲永平店(定保) | I73: {=IF(AND(SUMPRODUCT((IM!$F$2:$F$5000=A73)*(ISNUMBER(SEARCH($C$1, IM!$AC$2:$AC$5000))))>0), $C$1, "")} -> PMQ2 | J73: {=IFERROR(INDEX(IM!$AM$2:$AM$5000, MATCH(1, (IM!$F$2:$F$5000=A73) * (ISNUMBER(SEARCH($C$1, IM!$AC$2:$AC$5000))), 0)), "")} -> 46126 | K73: {=SUMPRODUCT((IM!$F$2:$F$5000=A73)*(IM!$AD$2:$AD$5000="O")*(ISNUMBER(SEARCH($C$1, IM!$AC$2:$AC$5000))))} -> 1 | L73: {=IF(K73>0,IFERROR(HYPERLINK("#'IM'!AC"&MATCH(1,(IM!$F$1:$F$5000=A73)*(ISNUMBER(SEARCH($C$1,IM!$AC$1:$AC$5000))),0),"檢核"),"未登錄"),"")} -> 檢核 | M73: =Q73&S73&U73&W73&X73 -> +EDC | N73: {=IF(AND( SUMPRODUCT( (IM!$F$2:$F$522=A73) * ISNUMBER(SEARCH("*HUB*", IM!$AC$2:$AC$522)) * (IM!$X$2:$X$522>=$A$1) * (IM!$X$2:$X$522<=$B$1)*(W73="HUB") ) > 0 ), "HUB", "")} | O73: =IF( IFERROR(VLOOKUP(A73,門市主檔!A:I,9,FALSE),"")<>$C$1, "未完工", IF( AND($D$1="--",$E$1="--",$F$1="--"), "已完工", IF( OR( AND($D$1<>"--", IFERROR(VLOOKUP(A73,'0919門市清單主檔'!B:AH,31,FALSE),"")=$D$1, IFERROR(VLOOKUP(A73,門市主檔!A:Q,17,FALSE),"")<>$D$1), AND($E$1<>"--", IFERROR(VLOOKUP(A73,'0919門市清單主檔'!B:AH,32,FALSE),"")=$E$1, IFERROR(VLOOKUP(A73,門市主檔!A:S,19,FALSE),"")<>$E$1), AND($F$1<>"--", IFERROR(VLOOKUP(A73,'0919門市清單主檔'!B:AH,33,FALSE),"")=$F$1, IFERROR(VLOOKUP(A73,門市主檔!A:U,21,FALSE),"")<>$F$1), AND( IFERROR(VLOOKUP(A73,'0919門市清單主檔'!B:AC,28,FALSE),"")="+HUB", IFERROR(VLOOKUP(A73,門市主檔!A:X,23,FALSE),"")<>"+HUB" ), AND( IFERROR(VLOOKUP(A73,'0919門市清單主檔'!B:AD,29,FALSE),"")="+EDC", IFERROR(VLOOKUP(A73,門市主檔!A:X,24,FALSE),"")<>"+EDC" ) ), _xlfn.TEXTJOIN( "，", TRUE, IF(AND($D$1<>"--", IFERROR(VLOOKUP(A73,'0919門市清單主檔'!B:AH,31,FALSE),"")=$D$1, IFERROR(VLOOKUP(A73,門市主檔!A:Q,17,FALSE),"")<>$D$1), $D$1, ""), IF(AND($E$1<>"--", IFERROR(VLOOKUP(A73,'0919門市清單主檔'!B:AH,32,FALSE),"")=$E$1, IFERROR(VLOOKUP(A73,門市主檔!A:S,19,FALSE),"")<>$E$1), $E$1, ""), IF(AND($F$1<>"--", IFERROR(VLOOKUP(A73,'0919門市清單主檔'!B:AH,33,FALSE),"")=$F$1, IFERROR(VLOOKUP(A73,門市主檔!A:U,21,FALSE),"")<>$F$1), $F$1, ""), IF(AND(IFERROR(VLOOKUP(A73,'0919門市清單主檔'!B:AC,28,FALSE),"")="+HUB", IFERROR(VLOOKUP(A73,門市主檔!A:X,23,FALSE),"")<>"+HUB"), "+HUB", ""), IF(AND(IFERROR(VLOOKUP(A73,'0919門市清單主檔'!B:AD,29,FALSE),"")="+EDC", IFERROR(VLOOKUP(A73,門市主檔!A:X,24,FALSE),"")<>"+EDC"), "+EDC", "") ) & "未完工", "已完工" ) ) ) -> 已完工 | P73: =(TEXT(I73,"yyyymmdd"))&$V$2&A73&$V$2&B73&$S$2 -> PMQ2-4923-蘆洲永平店(定保) | Q73: {=IF(AND(SUMPRODUCT((IM!$F$2:$F$5000=A73)*(ISNUMBER(SEARCH($D$1, IM!$AC$2:$AC$5000))))>0), $D$1, "")} | R73: {=IFERROR(INDEX(IM!$AM$2:$AM$5000, MATCH(1, (IM!$F$2:$F$5000=A73) * (ISNUMBER(SEARCH($D$1, IM!$AC$2:$AC$5000))), 0)), "")} | S73: {=IF(AND(SUMPRODUCT((IM!$F$2:$F$5000=A73)*(ISNUMBER(SEARCH($E$1, IM!$AC$2:$AC$5000))))>0), $E$1, "")} | T73: {=IFERROR(INDEX(IM!$AM$2:$AM$5000, MATCH(1, (IM!$F$2:$F$5000=A73) * (ISNUMBER(SEARCH($E$1, IM!$AC$2:$AC$5000))), 0)), "")} | U73: {=IF(AND(SUMPRODUCT((IM!$F$2:$F$5000=A73)*(ISNUMBER(SEARCH($F$1, IM!$AC$2:$AC$5000))))>0), $F$1, "")} | V73: {=IFERROR(INDEX(IM!$AM$2:$AM$5000, MATCH(1, (IM!$F$2:$F$5000=A73) * (ISNUMBER(SEARCH($F$1, IM!$AC$2:$AC$5000))), 0)), "")} | W73: {=IF( SUMPRODUCT( (IM!$F$2:$F$5000=A73)* (ISNUMBER(SEARCH($I$1,IM!$AC$2:$AC$5000)))* (IM!$X$2:$X$5000>=$A$1)* (IM!$X$2:$X$5000<=$B$1) )>0, $I$1, "" )} | X73: {=IF(AND(SUMPRODUCT((IM!$F$2:$F$5000=A73)*(ISNUMBER(SEARCH($J$1, IM!$AC$2:$AC$5000))))>0), $J$1, "")} -> +EDC | Y73: =A73 -> 4923 | Z73: =B73 -> 蘆洲永平店
A74: 3137 | B74: =_xlfn.XLOOKUP(A74,'0919門市清單主檔'!B:B,'0919門市清單主檔'!C:C,"") -> 北縣黎明店 | C74: =_xlfn.XLOOKUP($A74,'0919門市清單主檔'!B:B,'0919門市清單主檔'!U:U,"") -> 新北市 | D74: =_xlfn.XLOOKUP($A74,'0919門市清單主檔'!B:B,'0919門市清單主檔'!V:V,"") -> 泰山區 | E74: =_xlfn.XLOOKUP(D74,門市狀態!G:G,門市狀態!H:H,"") -> 吳宗鴻 | F74: =IFERROR(IF(VLOOKUP(A74,門市狀態!A:D,4,FALSE)=0,"",VLOOKUP(A74,門市狀態!A:D,4,FALSE)),"") | G74: 學校 | H74: =IF(I74>0,(TEXT(I74,"yyyymmdd")&$V$2&A74&$V$2&B74&$S$2),"") -> PMQ2-3137-北縣黎明店(定保) | I74: {=IF(AND(SUMPRODUCT((IM!$F$2:$F$5000=A74)*(ISNUMBER(SEARCH($C$1, IM!$AC$2:$AC$5000))))>0), $C$1, "")} -> PMQ2 | J74: {=IFERROR(INDEX(IM!$AM$2:$AM$5000, MATCH(1, (IM!$F$2:$F$5000=A74) * (ISNUMBER(SEARCH($C$1, IM!$AC$2:$AC$5000))), 0)), "")} -> 46127 | K74: {=SUMPRODUCT((IM!$F$2:$F$5000=A74)*(IM!$AD$2:$AD$5000="O")*(ISNUMBER(SEARCH($C$1, IM!$AC$2:$AC$5000))))} -> 1 | L74: {=IF(K74>0,IFERROR(HYPERLINK("#'IM'!AC"&MATCH(1,(IM!$F$1:$F$5000=A74)*(ISNUMBER(SEARCH($C$1,IM!$AC$1:$AC$5000))),0),"檢核"),"未登錄"),"")} -> 檢核 | M74: =Q74&S74&U74&W74&X74 -> +EDC | N74: {=IF(AND( SUMPRODUCT( (IM!$F$2:$F$522=A74) * ISNUMBER(SEARCH("*HUB*", IM!$AC$2:$AC$522)) * (IM!$X$2:$X$522>=$A$1) * (IM!$X$2:$X$522<=$B$1)*(W74="HUB") ) > 0 ), "HUB", "")} | O74: =IF( IFERROR(VLOOKUP(A74,門市主檔!A:I,9,FALSE),"")<>$C$1, "未完工", IF( AND($D$1="--",$E$1="--",$F$1="--"), "已完工", IF( OR( AND($D$1<>"--", IFERROR(VLOOKUP(A74,'0919門市清單主檔'!B:AH,31,FALSE),"")=$D$1, IFERROR(VLOOKUP(A74,門市主檔!A:Q,17,FALSE),"")<>$D$1), AND($E$1<>"--", IFERROR(VLOOKUP(A74,'0919門市清單主檔'!B:AH,32,FALSE),"")=$E$1, IFERROR(VLOOKUP(A74,門市主檔!A:S,19,FALSE),"")<>$E$1), AND($F$1<>"--", IFERROR(VLOOKUP(A74,'0919門市清單主檔'!B:AH,33,FALSE),"")=$F$1, IFERROR(VLOOKUP(A74,門市主檔!A:U,21,FALSE),"")<>$F$1), AND( IFERROR(VLOOKUP(A74,'0919門市清單主檔'!B:AC,28,FALSE),"")="+HUB", IFERROR(VLOOKUP(A74,門市主檔!A:X,23,FALSE),"")<>"+HUB" ), AND( IFERROR(VLOOKUP(A74,'0919門市清單主檔'!B:AD,29,FALSE),"")="+EDC", IFERROR(VLOOKUP(A74,門市主檔!A:X,24,FALSE),"")<>"+EDC" ) ), _xlfn.TEXTJOIN( "，", TRUE, IF(AND($D$1<>"--", IFERROR(VLOOKUP(A74,'0919門市清單主檔'!B:AH,31,FALSE),"")=$D$1, IFERROR(VLOOKUP(A74,門市主檔!A:Q,17,FALSE),"")<>$D$1), $D$1, ""), IF(AND($E$1<>"--", IFERROR(VLOOKUP(A74,'0919門市清單主檔'!B:AH,32,FALSE),"")=$E$1, IFERROR(VLOOKUP(A74,門市主檔!A:S,19,FALSE),"")<>$E$1), $E$1, ""), IF(AND($F$1<>"--", IFERROR(VLOOKUP(A74,'0919門市清單主檔'!B:AH,33,FALSE),"")=$F$1, IFERROR(VLOOKUP(A74,門市主檔!A:U,21,FALSE),"")<>$F$1), $F$1, ""), IF(AND(IFERROR(VLOOKUP(A74,'0919門市清單主檔'!B:AC,28,FALSE),"")="+HUB", IFERROR(VLOOKUP(A74,門市主檔!A:X,23,FALSE),"")<>"+HUB"), "+HUB", ""), IF(AND(IFERROR(VLOOKUP(A74,'0919門市清單主檔'!B:AD,29,FALSE),"")="+EDC", IFERROR(VLOOKUP(A74,門市主檔!A:X,24,FALSE),"")<>"+EDC"), "+EDC", "") ) & "未完工", "已完工" ) ) ) -> 已完工 | P74: =(TEXT(I74,"yyyymmdd"))&$V$2&A74&$V$2&B74&$S$2 -> PMQ2-3137-北縣黎明店(定保) | Q74: {=IF(AND(SUMPRODUCT((IM!$F$2:$F$5000=A74)*(ISNUMBER(SEARCH($D$1, IM!$AC$2:$AC$5000))))>0), $D$1, "")} | R74: {=IFERROR(INDEX(IM!$AM$2:$AM$5000, MATCH(1, (IM!$F$2:$F$5000=A74) * (ISNUMBER(SEARCH($D$1, IM!$AC$2:$AC$5000))), 0)), "")} | S74: {=IF(AND(SUMPRODUCT((IM!$F$2:$F$5000=A74)*(ISNUMBER(SEARCH($E$1, IM!$AC$2:$AC$5000))))>0), $E$1, "")} | T74: {=IFERROR(INDEX(IM!$AM$2:$AM$5000, MATCH(1, (IM!$F$2:$F$5000=A74) * (ISNUMBER(SEARCH($E$1, IM!$AC$2:$AC$5000))), 0)), "")} | U74: {=IF(AND(SUMPRODUCT((IM!$F$2:$F$5000=A74)*(ISNUMBER(SEARCH($F$1, IM!$AC$2:$AC$5000))))>0), $F$1, "")} | V74: {=IFERROR(INDEX(IM!$AM$2:$AM$5000, MATCH(1, (IM!$F$2:$F$5000=A74) * (ISNUMBER(SEARCH($F$1, IM!$AC$2:$AC$5000))), 0)), "")} | W74: {=IF( SUMPRODUCT( (IM!$F$2:$F$5000=A74)* (ISNUMBER(SEARCH($I$1,IM!$AC$2:$AC$5000)))* (IM!$X$2:$X$5000>=$A$1)* (IM!$X$2:$X$5000<=$B$1) )>0, $I$1, "" )} | X74: {=IF(AND(SUMPRODUCT((IM!$F$2:$F$5000=A74)*(ISNUMBER(SEARCH($J$1, IM!$AC$2:$AC$5000))))>0), $J$1, "")} -> +EDC | Y74: =A74 -> 3137 | Z74: =B74 -> 北縣黎明店
A75: 3243 | B75: =_xlfn.XLOOKUP(A75,'0919門市清單主檔'!B:B,'0919門市清單主檔'!C:C,"") -> 北縣醒吾店 | C75: =_xlfn.XLOOKUP($A75,'0919門市清單主檔'!B:B,'0919門市清單主檔'!U:U,"") -> 新北市 | D75: =_xlfn.XLOOKUP($A75,'0919門市清單主檔'!B:B,'0919門市清單主檔'!V:V,"") -> 林口區 | E75: =_xlfn.XLOOKUP(D75,門市狀態!G:G,門市狀態!H:H,"") -> 吳宗鴻 | F75: =IFERROR(IF(VLOOKUP(A75,門市狀態!A:D,4,FALSE)=0,"",VLOOKUP(A75,門市狀態!A:D,4,FALSE)),"") -> 閉店不保養 | G75: 學校 | H75: =IF(I75>0,(TEXT(I75,"yyyymmdd")&$V$2&A75&$V$2&B75&$S$2),"") -> PMQ2-3243-北縣醒吾店(定保) | I75: {=IF(AND(SUMPRODUCT((IM!$F$2:$F$5000=A75)*(ISNUMBER(SEARCH($C$1, IM!$AC$2:$AC$5000))))>0), $C$1, "")} -> PMQ2 | J75: {=IFERROR(INDEX(IM!$AM$2:$AM$5000, MATCH(1, (IM!$F$2:$F$5000=A75) * (ISNUMBER(SEARCH($C$1, IM!$AC$2:$AC$5000))), 0)), "")} -> 46127 | K75: {=SUMPRODUCT((IM!$F$2:$F$5000=A75)*(IM!$AD$2:$AD$5000="O")*(ISNUMBER(SEARCH($C$1, IM!$AC$2:$AC$5000))))} -> 1 | L75: {=IF(K75>0,IFERROR(HYPERLINK("#'IM'!AC"&MATCH(1,(IM!$F$1:$F$5000=A75)*(ISNUMBER(SEARCH($C$1,IM!$AC$1:$AC$5000))),0),"檢核"),"未登錄"),"")} -> 檢核 | M75: =Q75&S75&U75&W75&X75 -> +EDC | N75: {=IF(AND( SUMPRODUCT( (IM!$F$2:$F$522=A75) * ISNUMBER(SEARCH("*HUB*", IM!$AC$2:$AC$522)) * (IM!$X$2:$X$522>=$A$1) * (IM!$X$2:$X$522<=$B$1)*(W75="HUB") ) > 0 ), "HUB", "")} | O75: =IF( IFERROR(VLOOKUP(A75,門市主檔!A:I,9,FALSE),"")<>$C$1, "未完工", IF( AND($D$1="--",$E$1="--",$F$1="--"), "已完工", IF( OR( AND($D$1<>"--", IFERROR(VLOOKUP(A75,'0919門市清單主檔'!B:AH,31,FALSE),"")=$D$1, IFERROR(VLOOKUP(A75,門市主檔!A:Q,17,FALSE),"")<>$D$1), AND($E$1<>"--", IFERROR(VLOOKUP(A75,'0919門市清單主檔'!B:AH,32,FALSE),"")=$E$1, IFERROR(VLOOKUP(A75,門市主檔!A:S,19,FALSE),"")<>$E$1), AND($F$1<>"--", IFERROR(VLOOKUP(A75,'0919門市清單主檔'!B:AH,33,FALSE),"")=$F$1, IFERROR(VLOOKUP(A75,門市主檔!A:U,21,FALSE),"")<>$F$1), AND( IFERROR(VLOOKUP(A75,'0919門市清單主檔'!B:AC,28,FALSE),"")="+HUB", IFERROR(VLOOKUP(A75,門市主檔!A:X,23,FALSE),"")<>"+HUB" ), AND( IFERROR(VLOOKUP(A75,'0919門市清單主檔'!B:AD,29,FALSE),"")="+EDC", IFERROR(VLOOKUP(A75,門市主檔!A:X,24,FALSE),"")<>"+EDC" ) ), _xlfn.TEXTJOIN( "，", TRUE, IF(AND($D$1<>"--", IFERROR(VLOOKUP(A75,'0919門市清單主檔'!B:AH,31,FALSE),"")=$D$1, IFERROR(VLOOKUP(A75,門市主檔!A:Q,17,FALSE),"")<>$D$1), $D$1, ""), IF(AND($E$1<>"--", IFERROR(VLOOKUP(A75,'0919門市清單主檔'!B:AH,32,FALSE),"")=$E$1, IFERROR(VLOOKUP(A75,門市主檔!A:S,19,FALSE),"")<>$E$1), $E$1, ""), IF(AND($F$1<>"--", IFERROR(VLOOKUP(A75,'0919門市清單主檔'!B:AH,33,FALSE),"")=$F$1, IFERROR(VLOOKUP(A75,門市主檔!A:U,21,FALSE),"")<>$F$1), $F$1, ""), IF(AND(IFERROR(VLOOKUP(A75,'0919門市清單主檔'!B:AC,28,FALSE),"")="+HUB", IFERROR(VLOOKUP(A75,門市主檔!A:X,23,FALSE),"")<>"+HUB"), "+HUB", ""), IF(AND(IFERROR(VLOOKUP(A75,'0919門市清單主檔'!B:AD,29,FALSE),"")="+EDC", IFERROR(VLOOKUP(A75,門市主檔!A:X,24,FALSE),"")<>"+EDC"), "+EDC", "") ) & "未完工", "已完工" ) ) ) -> 已完工 | P75: =(TEXT(I75,"yyyymmdd"))&$V$2&A75&$V$2&B75&$S$2 -> PMQ2-3243-北縣醒吾店(定保) | Q75: {=IF(AND(SUMPRODUCT((IM!$F$2:$F$5000=A75)*(ISNUMBER(SEARCH($D$1, IM!$AC$2:$AC$5000))))>0), $D$1, "")} | R75: {=IFERROR(INDEX(IM!$AM$2:$AM$5000, MATCH(1, (IM!$F$2:$F$5000=A75) * (ISNUMBER(SEARCH($D$1, IM!$AC$2:$AC$5000))), 0)), "")} | S75: {=IF(AND(SUMPRODUCT((IM!$F$2:$F$5000=A75)*(ISNUMBER(SEARCH($E$1, IM!$AC$2:$AC$5000))))>0), $E$1, "")} | T75: {=IFERROR(INDEX(IM!$AM$2:$AM$5000, MATCH(1, (IM!$F$2:$F$5000=A75) * (ISNUMBER(SEARCH($E$1, IM!$AC$2:$AC$5000))), 0)), "")} | U75: {=IF(AND(SUMPRODUCT((IM!$F$2:$F$5000=A75)*(ISNUMBER(SEARCH($F$1, IM!$AC$2:$AC$5000))))>0), $F$1, "")} | V75: {=IFERROR(INDEX(IM!$AM$2:$AM$5000, MATCH(1, (IM!$F$2:$F$5000=A75) * (ISNUMBER(SEARCH($F$1, IM!$AC$2:$AC$5000))), 0)), "")} | W75: {=IF( SUMPRODUCT( (IM!$F$2:$F$5000=A75)* (ISNUMBER(SEARCH($I$1,IM!$AC$2:$AC$5000)))* (IM!$X$2:$X$5000>=$A$1)* (IM!$X$2:$X$5000<=$B$1) )>0, $I$1, "" )} | X75: {=IF(AND(SUMPRODUCT((IM!$F$2:$F$5000=A75)*(ISNUMBER(SEARCH($J$1, IM!$AC$2:$AC$5000))))>0), $J$1, "")} -> +EDC | Y75: =A75 -> 3243 | Z75: =B75 -> 北縣醒吾店
